business_id,name,address,city,state,postal_code,latitude,longitude,stars,review_count,is_open,attributes,categories,hours
tUFrWirKiKi_TAnsVWINQQ,Target,5255 E Broadway Blvd,Tucson,AZ,85711,32.223236,-110.880452,3.5,22,0,"{'BikeParking': 'True', 'BusinessAcceptsCreditCards': 'True', 'RestaurantsPriceRange2': '2', 'CoatCheck': 'False', 'RestaurantsTakeOut': 'False', 'RestaurantsDelivery': 'False', 'Caters': 'False', 'WiFi': ""u'no'"", 'BusinessParking': ""{'garage': False, 'street': False, 'validated': False, 'lot': True, 'valet': False}"", 'WheelchairAccessible': 'True', 'HappyHour': 'False', 'OutdoorSeating': 'False', 'HasTV': 'False', 'RestaurantsReservations': 'False', 'DogsAllowed': 'False', 'ByAppointmentOnly': 'False'}","Department Stores, Shopping, Fashion, Home & Garden, Electronics, Furniture Stores","{'Monday': '8:0-22:0', 'Tuesday': '8:0-22:0', 'Wednesday': '8:0-22:0', 'Thursday': '8:0-22:0', 'Friday': '8:0-23:0', 'Saturday': '8:0-23:0', 'Sunday': '8:0-22:0'}"
rBmpy_Y1UbBx8ggHlyb7hA,Arizona Truck Outfitters,625 N Stone Ave,Tucson,AZ,85705,32.2298719,-110.9723419,4.5,10,1,"{'DriveThru': 'False', 'BusinessAcceptsCreditCards': 'True', 'WiFi': ""u'free'"", 'ByAppointmentOnly': 'False'}","Automotive, Auto Parts & Supplies, Auto Customization","{'Monday': '0:0-0:0', 'Tuesday': '8:0-17:0', 'Wednesday': '8:0-17:0', 'Thursday': '8:0-17:0', 'Friday': '8:0-17:0', 'Saturday': '8:0-14:0', 'Sunday': '0:0-0:0'}"
wghnIlMb_i5U46HMBGx9ig,China Dragon Restaurant,"1625 W Valencia Rd, Ste 101-103",Tucson,AZ,85746,32.1323047,-110.9999851,3.0,23,0,"{'WiFi': ""'no'"", 'BusinessParking': ""{'garage': False, 'street': False, 'validated': False, 'lot': False, 'valet': False}"", 'HasTV': 'False', 'Alcohol': ""'beer_and_wine'"", 'RestaurantsDelivery': 'False', 'RestaurantsPriceRange2': '2', 'RestaurantsAttire': ""u'casual'"", 'OutdoorSeating': 'False', 'RestaurantsReservations': 'True', 'RestaurantsGoodForGroups': 'True', 'NoiseLevel': ""u'quiet'"", 'RestaurantsTakeOut': 'True', 'Caters': 'False', 'Ambience': ""{'romantic': False, 'intimate': False, 'classy': False, 'hipster': False, 'divey': False, 'touristy': False, 'trendy': False, 'upscale': False, 'casual': True}"", 'BusinessAcceptsCreditCards': 'True', 'GoodForKids': 'True'}","Restaurants, Chinese","{'Monday': '11:0-21:0', 'Tuesday': '11:0-21:0', 'Wednesday': '11:0-21:0', 'Thursday': '11:0-21:0', 'Friday': '11:0-21:0', 'Saturday': '11:0-21:0', 'Sunday': '11:0-21:0'}"
txyXRytGjwOXvS8s4sc-WA,Smoothie King,1070 E Tucson Marketplace Blvd,Tucson,AZ,85713,32.186794,-110.954765,3.0,29,1,"{'RestaurantsPriceRange2': '2', 'BusinessParking': ""{u'valet': False, u'garage': False, u'street': None, u'lot': True, u'validated': False}"", 'BikeParking': 'True', 'WheelchairAccessible': 'False', 'WiFi': ""u'free'"", 'BusinessAcceptsCreditCards': 'True', 'RestaurantsTakeOut': 'True', 'RestaurantsDelivery': 'True'}","Vitamins & Supplements, Ice Cream & Frozen Yogurt, Food, Juice Bars & Smoothies, Shopping","{'Monday': '0:0-0:0', 'Tuesday': '7:0-21:0', 'Wednesday': '7:0-19:0', 'Thursday': '7:0-19:0', 'Friday': '7:0-19:0', 'Saturday': '9:0-20:0', 'Sunday': '11:0-18:0'}"
eYxGFkxo6m3SYGVTh5m2nQ,Big Boyz Toyz Motorcycle Rentals,4158 E Grant Rd,Tucson,AZ,85712,32.2503237,-110.9036553,4.5,8,1,,"Towing, Hotels & Travel, Automotive, Motorcycle Rental, Motorcycle Gear, Shopping","{'Monday': '8:30-18:0', 'Tuesday': '8:30-18:0', 'Wednesday': '8:30-18:0', 'Thursday': '8:30-18:0', 'Friday': '8:30-18:0', 'Saturday': '9:0-16:0'}"
x9K0RfZaT_zlw6DklBDzjw,Gavi Italian Restaurant,"7401 N La Cholla Blvd, Ste 146",Tucson,AZ,85707,32.221667,-110.925833,3.5,9,0,"{'RestaurantsPriceRange2': '2', 'RestaurantsReservations': 'False', 'BusinessAcceptsCreditCards': 'True', 'Alcohol': ""u'full_bar'"", 'GoodForKids': 'True', 'RestaurantsAttire': ""u'casual'"", 'RestaurantsGoodForGroups': 'True', 'RestaurantsDelivery': 'False', 'BusinessParking': ""{'garage': False, 'street': False, 'validated': False, 'lot': True, 'valet': False}"", 'RestaurantsTakeOut': 'True', 'OutdoorSeating': 'True'}","Italian, Restaurants",
luGY5CJlb4CJ3LrBcSXMPA,Desert Design Center,4146 E Speedway Blvd,Tucson,AZ,85712,32.2358661,-110.9036755,3.0,5,1,"{'BusinessParking': ""{'garage': False, 'street': False, 'validated': False, 'lot': False, 'valet': False}"", 'BusinessAcceptsCreditCards': 'True', 'RestaurantsPriceRange2': '3'}","Furniture Stores, Shopping, Home & Garden","{'Monday': '9:30-18:0', 'Tuesday': '9:30-18:0', 'Wednesday': '9:30-18:0', 'Thursday': '9:30-18:0', 'Friday': '9:30-18:0', 'Saturday': '9:30-18:0', 'Sunday': '12:0-17:0'}"
wEfK2HIYNzkA1QYfUjHBaw,Leslie's,"7955 E Broadway Blvd, Ste 147",Tucson,AZ,85710,32.2215422,-110.8221011,2.5,15,1,"{'BusinessAcceptsCreditCards': 'True', 'BusinessParking': 'None', 'RestaurantsPriceRange2': '2', 'BikeParking': 'True'}","Hardware Stores, Home Services, Hot Tub & Pool, Pool & Hot Tub Service, Home & Garden, Shopping","{'Monday': '9:0-17:0', 'Tuesday': '7:0-18:0', 'Wednesday': '7:0-18:0', 'Thursday': '7:0-18:0', 'Friday': '7:0-18:0', 'Saturday': '9:0-18:0', 'Sunday': '10:0-17:0'}"
anLQj9AM8vjbcLSIE0iUgg,Papa Murphy's,"7250 North La Cholla, Suite 186",Tucson,AZ,85741,32.3385723,-111.0107602,4.0,22,1,"{'OutdoorSeating': 'False', 'Alcohol': ""u'none'"", 'BikeParking': 'False', 'GoodForKids': 'True', 'RestaurantsPriceRange2': '1', 'RestaurantsAttire': ""u'casual'"", 'BusinessAcceptsCreditCards': 'True', 'RestaurantsTakeOut': 'True', 'RestaurantsReservations': 'False', 'BusinessParking': ""{'garage': False, 'street': False, 'validated': False, 'lot': False, 'valet': False}"", 'NoiseLevel': ""u'quiet'"", 'HasTV': 'True', 'RestaurantsDelivery': 'True', 'RestaurantsGoodForGroups': 'True', 'DriveThru': 'True'}","Pizza, Restaurants",
9C2rpb56aQvW0ViZHK9sPw,Home Plate Sports Pub,4880 E 22nd St,Tucson,AZ,85711,32.206315,-110.887843,3.5,56,1,"{'RestaurantsGoodForGroups': 'True', 'Alcohol': ""u'full_bar'"", 'RestaurantsReservations': 'False', 'NoiseLevel': ""u'average'"", 'GoodForKids': 'True', 'BusinessAcceptsCreditCards': 'True', 'RestaurantsDelivery': 'False', 'WiFi': ""u'no'"", 'RestaurantsPriceRange2': '1', 'Caters': 'False', 'BikeParking': 'True', 'HappyHour': 'True', 'RestaurantsAttire': ""u'casual'"", 'HasTV': 'True', 'OutdoorSeating': 'True', 'Ambience': ""{u'divey': None, u'hipster': None, u'casual': True, u'touristy': None, u'trendy': None, u'intimate': False, u'romantic': None, u'classy': False, u'upscale': None}"", 'BusinessParking': ""{u'valet': False, u'garage': False, u'street': None, u'lot': None, u'validated': None}"", 'BestNights': ""{u'monday': True, u'tuesday': False, u'wednesday': False, u'thursday': False, u'friday': False, u'saturday': False, u'sunday': False}"", 'Music': ""{u'dj': None, u'live': False, u'jukebox': None, u'video': False, u'background_music': False, u'karaoke': None, u'no_music': False}""}","Bars, Restaurants, Sports Bars, Nightlife","{'Monday': '10:0-2:0', 'Tuesday': '10:0-2:0', 'Wednesday': '10:0-2:0', 'Thursday': '10:0-2:0', 'Friday': '10:0-2:0', 'Saturday': '10:0-2:0', 'Sunday': '10:0-2:0'}"
E_kLUlU60fzoZYAOxbH_3w,Pain Institute of Southern Arizona,"4582 N 1st Ave, Ste 170",Tucson,AZ,85718,32.2891826,-110.9572299,2.5,43,1,"{'AcceptsInsurance': 'True', 'ByAppointmentOnly': 'True', 'BusinessAcceptsCreditCards': 'True'}","Pain Management, Doctors, Health & Medical, Osteopathic Physicians","{'Monday': '7:0-16:30', 'Tuesday': '7:0-16:30', 'Wednesday': '7:0-16:30', 'Thursday': '7:0-16:30', 'Friday': '7:0-16:30'}"
E-nhxuu3zbt02oCj_1AFng,Selah,"510 N 7th Ave, Ste 130",Tucson,AZ,85705,32.2280919,-110.9698038,5.0,60,1,"{'WheelchairAccessible': 'True', 'BikeParking': 'True', 'BusinessParking': ""{'garage': False, 'street': False, 'validated': False, 'lot': True, 'valet': False}"", 'RestaurantsPriceRange2': '1', 'ByAppointmentOnly': 'True', 'BusinessAcceptsCreditCards': 'True', 'WiFi': ""u'free'""}","Waxing, Hair Removal, Skin Care, Eyelash Service, Beauty & Spas","{'Monday': '0:0-0:0', 'Tuesday': '10:0-18:0', 'Wednesday': '10:0-18:0', 'Thursday': '10:0-18:0', 'Friday': '10:0-18:0', 'Saturday': '9:0-17:0', 'Sunday': '9:0-17:0'}"
x8KYhsxbufQiYIK-4MRzHQ,West Coast Roofing,910 S Santa Rita Ave,Tucson,AZ,85749,32.2104465,-110.9535711,2.0,13,1,{'BusinessAcceptsCreditCards': 'True'},"Apartments, Roofing, Real Estate, Home Services","{'Monday': '9:0-15:0', 'Tuesday': '9:0-15:0', 'Wednesday': '9:0-15:0', 'Thursday': '9:0-15:0', 'Friday': '9:0-15:0'}"
HI4_NqeHMJOnMoVFNxaFyA,1-Hour Auto Glass,"2292 W Magee Rd, Ste 270",Tucson,AZ,85742,32.3475108,-111.0165608,3.5,21,1,{'BusinessAcceptsCreditCards': 'True'},"Auto Glass Services, Automotive, Windshield Installation & Repair","{'Monday': '6:0-21:0', 'Tuesday': '6:0-21:0', 'Wednesday': '6:0-21:0', 'Thursday': '6:0-21:0', 'Friday': '6:0-21:0', 'Saturday': '6:0-21:0', 'Sunday': '6:0-21:0'}"
X0V_PdBTS_SwNxMY2795ZA,Toys R Us,5355 E Broadway Blvd,Tucson,AZ,85711,32.2226061,-110.877255,3.5,12,0,"{'BusinessAcceptsCreditCards': 'True', 'BikeParking': 'True', 'RestaurantsPriceRange2': '2', 'BusinessParking': ""{'garage': False, 'street': False, 'validated': False, 'lot': True, 'valet': False}""}","Toy Stores, Shopping",
h_3oLlQ_CFohwlzsrSZ6xQ,The Waxing Queen Of Tucson,2919 E Broadway Blvd,Tucson,AZ,85716,32.2218494,-110.92845,4.5,17,1,"{'RestaurantsPriceRange2': '2', 'BusinessAcceptsCreditCards': 'True', 'BusinessParking': ""{'garage': False, 'street': False, 'validated': False, 'lot': True, 'valet': False}"", 'ByAppointmentOnly': 'True', 'BikeParking': 'True'}","Beauty & Spas, Hair Removal, Day Spas, Skin Care","{'Monday': '12:0-19:0', 'Wednesday': '9:0-18:0', 'Thursday': '9:0-20:0', 'Friday': '9:0-18:0', 'Saturday': '8:0-15:0'}"
Y6heWJJ9AmEL58fZwgi9YQ,Rosati's Pizza,2944 W Ina Rd,Tucson,AZ,85741,32.3387235226,-111.0303098651,4.0,58,1,"{'RestaurantsDelivery': 'True', 'RestaurantsTakeOut': 'True', 'GoodForKids': 'True', 'HasTV': 'True', 'Caters': 'True', 'RestaurantsReservations': 'False', 'Ambience': ""{u'divey': None, u'hipster': None, u'casual': True, u'touristy': None, u'trendy': True, u'intimate': None, u'romantic': None, u'classy': None, u'upscale': None}"", 'RestaurantsPriceRange2': '2', 'Alcohol': ""u'full_bar'"", 'RestaurantsTableService': 'True', 'BusinessParking': ""{'garage': False, 'street': False, 'validated': False, 'lot': True, 'valet': False}"", 'BusinessAcceptsCreditCards': 'True', 'WheelchairAccessible': 'True', 'OutdoorSeating': 'True', 'WiFi': ""u'free'"", 'HappyHour': 'True', 'BestNights': ""{u'monday': False, u'tuesday': False, u'wednesday': False, u'thursday': True, u'friday': False, u'saturday': False, u'sunday': False}""}","Sports Bars, Bars, Nightlife, Italian, Restaurants, Pizza","{'Monday': '0:0-0:0', 'Tuesday': '10:30-0:0', 'Wednesday': '10:30-0:0', 'Thursday': '10:30-20:0', 'Friday': '10:30-1:0', 'Saturday': '10:30-1:0', 'Sunday': '10:30-0:0'}"
WveinioyAZg3dtt0zHsyHA,99 Cents Only Stores,7125 E Golf Links Rd,Tucson,AZ,85730,32.193246,-110.839627,4.0,17,1,"{'RestaurantsPriceRange2': '1', 'BikeParking': 'True', 'BusinessAcceptsCreditCards': 'True', 'BusinessParking': ""{'garage': False, 'street': False, 'validated': False, 'lot': True, 'valet': False}"", 'BusinessAcceptsBitcoin': 'False'}","Discount Store, Shopping, Event Planning & Services, Party Supplies, Wholesalers, Professional Services","{'Monday': '0:0-0:0', 'Tuesday': '7:0-22:0', 'Wednesday': '7:0-22:0', 'Thursday': '8:0-20:0', 'Friday': '8:0-20:0', 'Saturday': '8:0-20:0', 'Sunday': '8:0-21:0'}"
pIUQz-zGw-Nu_Pu-qoTGuw,Western Endocrine Associates,"6365 E Tanque Verde Rd, Ste 200",Tucson,AZ,85715,32.2457767,-110.8573874,2.0,15,1,,"Health & Medical, Doctors, Endocrinologists, Internal Medicine, Dermatologists","{'Monday': '8:0-17:0', 'Tuesday': '8:0-17:0', 'Wednesday': '8:0-17:0', 'Thursday': '8:0-17:0', 'Friday': '8:0-12:0'}"
zzUxvYE-8Fj_dWqsPcagNg,The Cleaning Authority - Tucson,2140 S 4th Ave,Tucson,AZ,85713,32.196817,-110.9656358,2.0,25,1,{'BusinessAcceptsCreditCards': 'True'},"Home Services, Professional Services, Home Cleaning, Office Cleaning","{'Monday': '8:0-17:0', 'Tuesday': '8:0-17:0', 'Wednesday': '8:0-17:0', 'Thursday': '8:0-17:0', 'Friday': '8:0-17:0'}"
YG0OOMLP3MWYPKHpkA_mew,S&K Salon,"8567 N Silverbell Rd, Ste 111",Tucson,AZ,85743,32.3622562294,-111.1197053374,4.0,6,0,"{'BikeParking': 'True', 'ByAppointmentOnly': 'False', 'RestaurantsPriceRange2': '2', 'BusinessAcceptsBitcoin': 'False', 'WheelchairAccessible': 'True', 'BusinessAcceptsCreditCards': 'True', 'BusinessParking': ""{'garage': False, 'street': False, 'validated': False, 'lot': True, 'valet': False}"", 'HairSpecializesIn': ""{'straightperms': True, 'coloring': True, 'extensions': False, 'africanamerican': False, 'curly': True, 'kids': True, 'perms': True, 'asian': True}"", 'GoodForKids': 'True'}","Men's Hair Salons, Waxing, Hair Salons, Skin Care, Hair Removal, Beauty & Spas","{'Tuesday': '9:0-17:30', 'Wednesday': '9:0-17:30', 'Thursday': '9:0-17:30', 'Friday': '9:0-17:30', 'Saturday': '9:30-18:0'}"
WcSpc5mcfa7NUZ9GQgx0Tg,Endless Summer Tans,1708 E Speedway Blvd,Tucson,AZ,85719,32.2356889,-110.9464624,4.5,9,1,"{'ByAppointmentOnly': 'False', 'RestaurantsPriceRange2': '2', 'BusinessParking': ""{'garage': False, 'street': False, 'validated': False, 'lot': True, 'valet': False}"", 'BusinessAcceptsCreditCards': 'True', 'BikeParking': 'True', 'WiFi': ""u'free'"", 'WheelchairAccessible': 'True'}","Beauty & Spas, Eyelash Service, Skin Care, Tanning","{'Monday': '0:0-0:0', 'Tuesday': '10:0-18:0', 'Wednesday': '10:0-18:0', 'Thursday': '10:0-18:0', 'Friday': '10:0-18:0', 'Saturday': '11:0-18:0'}"
f82dhKNiUXsDVPMLqKYiIQ,Sher-e-Punjab,853 East Grant Rd,Tucson,AZ,85719,32.2509598946,-110.9591583204,4.0,446,1,"{'RestaurantsAttire': ""'casual'"", 'BusinessAcceptsCreditCards': 'True', 'RestaurantsGoodForGroups': 'True', 'BYOBCorkage': ""'no'"", 'OutdoorSeating': 'False', 'RestaurantsPriceRange2': '2', 'RestaurantsDelivery': 'True', 'GoodForKids': 'True', 'BusinessParking': ""{'garage': False, 'street': False, 'validated': False, 'lot': True, 'valet': False}"", 'Caters': 'True', 'HasTV': 'False', 'RestaurantsTakeOut': 'True', 'WiFi': ""u'free'"", 'BikeParking': 'False', 'RestaurantsTableService': 'True', 'BusinessAcceptsBitcoin': 'False', 'BYOB': 'False', 'Smoking': ""u'no'"", 'ByAppointmentOnly': 'False', 'Ambience': ""{'touristy': False, 'hipster': False, 'romantic': False, 'divey': False, 'intimate': False, 'trendy': False, 'upscale': False, 'classy': True, 'casual': True}"", 'GoodForMeal': ""{u'breakfast': False, u'brunch': False, u'lunch': True, u'dinner': True, u'latenight': False, u'dessert': None}"", 'HappyHour': 'True', 'RestaurantsReservations': 'True', 'Corkage': 'True', 'Alcohol': ""u'full_bar'"", 'NoiseLevel': ""u'average'"", 'WheelchairAccessible': 'False', 'DogsAllowed': 'True'}","Restaurants, Salad, Pakistani, Indian, Cocktail Bars, Food, Food Delivery Services, Soup, Halal, Bars, Nightlife","{'Tuesday': '16:0-21:0', 'Wednesday': '16:0-21:0', 'Thursday': '16:0-21:0', 'Friday': '16:0-21:0', 'Saturday': '16:0-21:0', 'Sunday': '16:0-21:0'}"
scychO44eMoosS9iEBV7xw,Foot Massage Reflexology,7061 E Tanque Verde Rd,Tucson,AZ,85715,32.252342,-110.841512,4.0,21,1,"{'BusinessAcceptsCreditCards': 'True', 'RestaurantsPriceRange2': '1', 'BikeParking': 'True', 'ByAppointmentOnly': 'False', 'BusinessParking': ""{'garage': False, 'street': True, 'validated': False, 'lot': False, 'valet': False}"", 'AcceptsInsurance': 'False'}","Massage, Beauty & Spas","{'Monday': '10:0-20:30', 'Tuesday': '10:0-20:30', 'Wednesday': '10:0-20:30', 'Thursday': '10:0-20:30', 'Friday': '10:0-20:30', 'Saturday': '10:0-20:30', 'Sunday': '10:0-20:30'}"
2FR-xWttfR8qaODqcuExvw,Pls Check Cashers,3563 N Stone Ave,Tucson,AZ,85705,32.2717394,-110.9723419,2.0,5,1,,"Financial Services, Insurance, Check Cashing/Pay-day Loans, Auto Insurance, Automotive, Registration Services",
1vmx7_L210UBbOWLzrhepQ,Chicago Music Store,45 S 6th Ave,Tucson,AZ,85701,32.2213692,-110.9683558,4.0,44,1,"{'RestaurantsPriceRange2': '2', 'BusinessAcceptsCreditCards': 'True', 'BusinessParking': ""{'garage': False, 'street': True, 'validated': False, 'lot': True, 'valet': False}"", 'BikeParking': 'True'}","Electronics, Musical Instruments & Teachers, Shopping","{'Monday': '9:0-18:0', 'Tuesday': '9:0-18:0', 'Wednesday': '9:0-18:0', 'Thursday': '9:0-18:0', 'Friday': '9:0-18:0', 'Saturday': '10:0-17:0'}"
KUx_q3nzqUINYgUTrZc9OA,Pita Pit,845 E University Blvd,Tucson,AZ,85719,32.2319918,-110.9584924,3.0,9,0,"{'RestaurantsReservations': 'False', 'OutdoorSeating': 'True', 'RestaurantsGoodForGroups': 'True', 'GoodForKids': 'True', 'RestaurantsAttire': ""'casual'"", 'RestaurantsTakeOut': 'True', 'Caters': 'False', 'NoiseLevel': ""u'average'"", 'RestaurantsDelivery': 'True', 'BusinessParking': ""{'garage': False, 'street': True, 'validated': False, 'lot': False, 'valet': False}"", 'BusinessAcceptsCreditCards': 'True', 'RestaurantsPriceRange2': '1', 'Alcohol': ""u'none'""}","Sandwiches, Restaurants",
Ot4bRWWO681vXZIgnLfjEA,Arizona Tile,756 E. Ft. Lowell,Tucson,AZ,85719,32.2643502,-110.9593721,4.5,16,1,"{'BusinessParking': ""{'garage': False, 'street': False, 'validated': False, 'lot': False, 'valet': False}"", 'RestaurantsPriceRange2': '4', 'BusinessAcceptsCreditCards': 'True', 'RestaurantsTakeOut': 'True', 'RestaurantsDelivery': 'False'}","Shopping, Home Decor, Flooring, Home Services, Kitchen & Bath, Home & Garden, Building Supplies, Interior Design","{'Monday': '0:0-0:0', 'Tuesday': '7:0-17:0', 'Wednesday': '7:0-17:0', 'Thursday': '7:0-17:0', 'Friday': '7:0-17:0'}"
FJDvhCGIwKuohPOK7JfLuA,Key One,,Tucson,AZ,85710,32.2165669,-110.8195292,5.0,73,1,"{'ByAppointmentOnly': 'True', 'BusinessAcceptsCreditCards': 'True'}","Home Services, Keys & Locksmiths","{'Monday': '8:0-16:0', 'Tuesday': '8:0-16:0', 'Wednesday': '8:0-16:0', 'Thursday': '8:0-16:0', 'Friday': '8:0-16:0'}"
5lcumCB7X0nH5PElagz1VA,Reid Park Mico's Corner Playground,900 S Randolph Way,Tucson,AZ,85716,32.2097330593,-110.925515358,4.5,6,1,"{'GoodForKids': 'True', 'DogsAllowed': 'True', 'BusinessParking': ""{'garage': False, 'street': False, 'validated': False, 'lot': False, 'valet': False}"", 'BikeParking': 'True'}","Active Life, Parks, Dog Parks","{'Monday': '7:0-22:0', 'Tuesday': '7:0-22:0', 'Wednesday': '7:0-22:0', 'Thursday': '7:0-22:0', 'Friday': '7:0-22:0', 'Saturday': '7:0-22:0', 'Sunday': '7:0-22:0'}"
Vk3Up8OlB8h2ygVlvm8tBQ,Arcadia Landscape,2002 E 13th St,Tucson,AZ,85719,32.2185242,-110.9422112,3.0,5,1,"{'ByAppointmentOnly': 'True', 'BusinessAcceptsCreditCards': 'True'}","Masonry/Concrete, Gardeners, Tree Services, Landscape Architects, Landscaping, Irrigation, Shopping, Nurseries & Gardening, Home & Garden, Home Services","{'Monday': '9:0-16:0', 'Tuesday': '9:0-16:0', 'Wednesday': '9:0-16:0', 'Thursday': '9:0-16:0', 'Friday': '9:0-16:0'}"
KDcHC6Es_jv4tloj0NP6gA,Family Air,2021 E 12th St,Tucson,AZ,85719,32.2201995,-110.9415829,4.5,116,1,"{'ByAppointmentOnly': 'True', 'BusinessAcceptsCreditCards': 'True'}","Home Services, Heating & Air Conditioning/HVAC","{'Monday': '8:0-17:0', 'Tuesday': '8:0-17:0', 'Wednesday': '8:0-17:0', 'Thursday': '8:0-17:0', 'Friday': '8:0-17:0', 'Saturday': '9:0-17:0', 'Sunday': '8:0-17:0'}"
D7z_V6E8cxXghSRcHAmUPg,La Bella China Restaurant,5680 S 12th Ave,Tucson,AZ,85706,32.149473,-110.9781864,4.0,92,1,"{'GoodForKids': 'True', 'BusinessAcceptsCreditCards': 'True', 'RestaurantsAttire': ""u'casual'"", 'RestaurantsGoodForGroups': 'True', 'RestaurantsTakeOut': 'True', 'Caters': 'True', 'WiFi': ""u'free'"", 'RestaurantsPriceRange2': '1', 'NoiseLevel': ""u'quiet'"", 'RestaurantsDelivery': 'True', 'HasTV': 'True', 'Alcohol': ""'beer_and_wine'"", 'Ambience': ""{'romantic': False, 'intimate': False, 'classy': False, 'hipster': False, 'divey': False, 'touristy': False, 'trendy': False, 'upscale': False, 'casual': True}"", 'RestaurantsReservations': 'False', 'OutdoorSeating': 'False', 'BikeParking': 'True', 'BusinessParking': ""{'garage': False, 'street': None, 'validated': False, 'lot': True, 'valet': False}"", 'GoodForMeal': ""{'dessert': False, 'latenight': False, 'lunch': True, 'dinner': True, 'brunch': False, 'breakfast': False}"", 'RestaurantsTableService': 'True'}","Restaurants, Chinese","{'Tuesday': '11:0-19:30', 'Wednesday': '11:0-19:30', 'Thursday': '11:0-19:30', 'Friday': '11:0-19:30', 'Saturday': '11:0-19:30'}"
fCRGXD-TTLgNhaC4mVFFJQ,El Con Health & Wellness Center,3402 E Broadway Blvd,Tucson,AZ,85716,32.2212624,-110.9200676,4.5,18,1,"{'AcceptsInsurance': 'True', 'WheelchairAccessible': 'True', 'BikeParking': 'True', 'BusinessAcceptsCreditCards': 'True', 'BusinessParking': ""{'garage': False, 'street': False, 'validated': False, 'lot': False, 'valet': False}"", 'ByAppointmentOnly': 'True', 'RestaurantsPriceRange2': '2'}","Beauty & Spas, Nutritionists, Medical Spas, Laser Hair Removal, Skin Care, Hair Removal, Health & Medical","{'Tuesday': '8:0-17:0', 'Wednesday': '8:0-17:0', 'Thursday': '8:0-17:0', 'Friday': '8:0-17:0', 'Saturday': '8:0-15:0'}"
rrdSkNz4YG6eDgOq3ov0IQ,Thoroughbred Nissan,5163 E 22nd St,Tucson,AZ,85711,32.207596,-110.881629,3.5,92,1,"{'BusinessAcceptsCreditCards': 'True', 'WiFi': ""u'free'"", 'ByAppointmentOnly': 'False'}","Automotive, Car Dealers, Auto Detailing, Auto Repair","{'Monday': '8:0-18:0', 'Tuesday': '8:0-18:0', 'Wednesday': '8:0-18:0', 'Thursday': '8:0-18:0', 'Friday': '8:0-18:0', 'Saturday': '9:0-18:0'}"
WZpCnvSQ-YGukju9r4Gd_A,Morales Landscapers,,Tucson,AZ,85705,32.2680738,-110.9923904,4.0,14,1,"{'BusinessAcceptsCreditCards': 'True', 'ByAppointmentOnly': 'False'}","Home Services, Tree Services, Junk Removal & Hauling, Local Services, Gardeners, Pressure Washers, Lawn Services, Landscaping","{'Monday': '0:0-0:0', 'Tuesday': '6:30-15:0', 'Wednesday': '6:0-21:0', 'Thursday': '6:30-15:0', 'Friday': '6:0-21:0', 'Saturday': '7:0-18:0', 'Sunday': '7:0-17:0'}"
cvrIE1rLPWk-Nxb_ZNv5lA,Candlewood Suites Tucson,1995 W River Rd,Tucson,AZ,85704,32.303741804,-111.009323614,4.5,29,1,"{'BusinessAcceptsCreditCards': 'True', 'WiFi': ""'free'"", 'WheelchairAccessible': 'True', 'RestaurantsPriceRange2': '2'}","Party & Event Planning, Event Planning & Services, Venues & Event Spaces, Hotels & Travel, Hotels","{'Monday': '0:0-0:0', 'Tuesday': '0:0-0:0', 'Wednesday': '0:0-0:0', 'Thursday': '0:0-0:0', 'Friday': '0:0-0:0', 'Saturday': '0:0-0:0', 'Sunday': '0:0-0:0'}"
Jov0PmO5g5lXGQyPiEZyXw,Colonial Frontiers,244 S Park Ave,Tucson,AZ,85719,32.218948,-110.956573,5.0,5,1,"{'BusinessParking': ""{'garage': False, 'street': True, 'validated': False, 'lot': False, 'valet': False}"", 'RestaurantsPriceRange2': '4', 'ByAppointmentOnly': 'False', 'BikeParking': 'True', 'BusinessAcceptsCreditCards': 'True'}","Shopping, Furniture Stores, Antiques, Home & Garden","{'Tuesday': '10:0-16:0', 'Wednesday': '10:0-16:0', 'Thursday': '10:0-16:0', 'Friday': '10:0-16:0', 'Saturday': '10:0-16:0'}"
xvAkaDEOOUloROkX0j4C-w,Dwight's Auto Glass & Tint,"1431 W Valencia, Ste 121",Tucson,AZ,85746,32.1329588,-110.9953214,3.0,23,1,"{'BusinessParking': ""{'garage': False, 'street': False, 'validated': False, 'lot': False, 'valet': False}"", 'BusinessAcceptsCreditCards': 'True', 'RestaurantsDelivery': 'True', 'RestaurantsTakeOut': 'False'}","Car Stereo Installation, Shopping, Electronics, Automotive, Car Window Tinting, Auto Glass Services, Auto Detailing","{'Monday': '8:0-17:0', 'Tuesday': '8:0-17:0', 'Wednesday': '8:0-17:0', 'Thursday': '8:0-17:0', 'Friday': '8:0-17:0', 'Saturday': '8:0-13:0'}"
adATTqggIQX5xxLDISkFTw,Just Churros,,Tucson,AZ,85705,32.2712313189,-110.9920754497,5.0,25,1,"{'BusinessAcceptsCreditCards': 'True', 'RestaurantsPriceRange2': '1', 'BikeParking': 'True', 'Alcohol': ""u'none'"", 'RestaurantsTakeOut': 'True', 'Caters': 'True', 'WiFi': ""u'no'"", 'BusinessParking': ""{'garage': False, 'street': True, 'validated': False, 'lot': False, 'valet': False}"", 'RestaurantsDelivery': 'True', 'WheelchairAccessible': 'True'}","Food Trucks, Restaurants, Caterers, Event Planning & Services, Food, Mexican, Spanish, Desserts","{'Monday': '0:0-0:0', 'Friday': '15:0-21:0', 'Saturday': '15:0-21:0'}"
hx-qUirkgRqX2Bk8A2U0nA,Pima County Fair,11300 S Houghton Rd,Tucson,AZ,85747,32.0482633,-110.7738958,4.0,40,1,"{'GoodForKids': 'True', 'BusinessAcceptsCreditCards': 'True'}","Arts & Entertainment, Venues & Event Spaces, Event Planning & Services, Festivals",
XNBExNkAx5fjYM6fjqfzAA,Armory Park,221 S 6th Ave,Tucson,AZ,85701,32.2194299,-110.9684979,3.5,6,1,"{'GoodForKids': 'True', 'BikeParking': 'True', 'BusinessParking': ""{'garage': False, 'street': False, 'validated': False, 'lot': False, 'valet': False}""}","Parks, Active Life",
nzIx3Wze25rr5k32sDCwaA,Clear View Glass And Tint,"4500 E Speedway Blvd, Ste 27",Tucson,AZ,85712,32.23505288,-110.89693127,4.5,75,1,"{'ByAppointmentOnly': 'True', 'BusinessAcceptsCreditCards': 'True'}","Windshield Installation & Repair, Auto Glass Services, Home Window Tinting, Automotive, Home Services","{'Monday': '8:0-17:0', 'Tuesday': '8:0-17:0', 'Wednesday': '8:0-17:0', 'Thursday': '8:0-17:0', 'Friday': '8:0-17:0', 'Saturday': '8:0-16:0'}"
-pgTW7620zWdXMOczX0www,Arizona Stagecoach,7250 S Tucson Blvd,Tucson,AZ,85756,32.0872287083,-110.9234619141,2.5,41,1,,"Tours, Travel Services, Airport Shuttles, Transportation, Taxis, Hotels & Travel","{'Monday': '0:0-0:0', 'Tuesday': '0:0-0:0', 'Wednesday': '0:0-0:0', 'Thursday': '0:0-0:0', 'Friday': '0:0-0:0', 'Saturday': '0:0-0:0', 'Sunday': '0:0-0:0'}"
lq4bgjDiAYR6i63-ZDiBGg,Muse Entertainment,,Tucson,AZ,85741,32.3312255,-111.0341183,5.0,9,1,{'BusinessAcceptsCreditCards': 'True'},"Event Planning & Services, DJs",
oO3XXCAzBP4d-2klkkgEcw,Tucson Iron & Metal,690 E 36th St,Tucson,AZ,85713,32.192069013,-110.9610276835,3.5,5,1,{'BusinessAcceptsCreditCards': 'True'},"Local Services, Recycling Center","{'Monday': '8:0-16:30', 'Tuesday': '8:0-16:30', 'Wednesday': '8:0-16:30', 'Thursday': '8:0-16:30', 'Friday': '8:0-16:30', 'Saturday': '8:0-12:0'}"
EEc3X2r94uNhCz_jOTSzHg,Blackrock Brewers,"1664 South Research Lp, Ste 200",Tucson,AZ,85710,32.2014539061,-110.823107399,4.5,35,1,"{'BusinessParking': ""{'garage': False, 'street': False, 'validated': False, 'lot': True, 'valet': False}"", 'HasTV': 'False', 'RestaurantsReservations': 'False', 'RestaurantsPriceRange2': '1', 'BusinessAcceptsCreditCards': 'True', 'BikeParking': 'True', 'WiFi': ""'free'"", 'RestaurantsGoodForGroups': 'True', 'DogsAllowed': 'False', 'GoodForDancing': 'False', 'RestaurantsTakeOut': 'True', 'HappyHour': 'False', 'ByAppointmentOnly': 'False', 'BusinessAcceptsBitcoin': 'False', 'Ambience': ""{'touristy': False, 'hipster': False, 'romantic': False, 'divey': False, 'intimate': False, 'trendy': False, 'upscale': False, 'classy': False, 'casual': False}"", 'WheelchairAccessible': 'True', 'NoiseLevel': ""u'average'"", 'OutdoorSeating': 'None', 'Caters': 'False'}","Food, Breweries, Pubs, Beer Bar, Nightlife, Bars","{'Monday': '15:0-20:0', 'Tuesday': '14:30-21:0', 'Wednesday': '14:30-21:0', 'Thursday': '14:30-22:0', 'Friday': '14:30-22:0', 'Saturday': '12:0-22:0', 'Sunday': '14:0-19:0'}"
j2oZyu8a5qa-LL-LZ5DBPw,U-Pack Moving,2943 E Wieding Road,Tucson,AZ,85706,32.1363344,-110.9278446,3.5,24,1,{'BusinessAcceptsCreditCards': 'True'},"Home Services, Movers","{'Monday': '7:0-20:0', 'Tuesday': '7:0-20:0', 'Wednesday': '7:0-20:0', 'Thursday': '7:0-20:0', 'Friday': '7:0-20:0', 'Saturday': '9:0-16:0'}"
5N8iDpDtjTbU0F1YD645xA,Blarney Stone General Contracting,8462 N La Oesta Ave,Tucson,AZ,85704,32.360965,-110.986644,3.5,5,1,{'BusinessAcceptsCreditCards': 'True'},"Flooring, Contractors, Windows Installation, Home Services",
iRLAkeK4PZGjKB1zmvRByw,Babies R US the Baby Superstore,4619 N Oracle Rd,Tucson,AZ,85705,32.2904784,-110.9798195,3.0,13,0,"{'BikeParking': 'True', 'BusinessParking': ""{'garage': False, 'street': False, 'validated': False, 'lot': False, 'valet': False}"", 'BusinessAcceptsCreditCards': 'True', 'RestaurantsPriceRange2': '2'}","Baby Gear & Furniture, Shopping, Fashion, Children's Clothing",
sSCTL4XvhBPZDdmnOYGmGA,Corissa Miller,Tucson's Tlc Realty,Tucson,AZ,85730,32.4447834344,-111.1019316965,5.0,16,1,,"Home Services, Real Estate, Real Estate Agents","{'Monday': '0:0-0:0', 'Tuesday': '0:0-0:0', 'Wednesday': '0:0-0:0', 'Thursday': '0:0-0:0', 'Friday': '0:0-0:0', 'Saturday': '0:0-0:0', 'Sunday': '0:0-0:0'}"
RjiHOpvivcEm-vCPNCd6eg,Diamondback Police Supply,170 S Kolb Rd,Tucson,AZ,85710,32.219336,-110.8413116,4.5,23,0,"{'BusinessAcceptsCreditCards': 'True', 'BikeParking': 'True', 'RestaurantsPriceRange2': '2', 'BusinessParking': ""{'garage': False, 'street': False, 'validated': False, 'lot': True, 'valet': False}""}","Shopping, Guns & Ammo","{'Monday': '9:0-19:0', 'Tuesday': '9:0-19:0', 'Wednesday': '9:0-19:0', 'Thursday': '9:0-19:0', 'Friday': '9:0-19:0', 'Saturday': '9:0-17:0', 'Sunday': '9:0-17:0'}"
GduRGjJmz2syYgaL83RInw,Visionworks,4631 N Oracle Rd,Tucson,AZ,85705,32.290928,-110.97878,3.5,14,1,"{'ByAppointmentOnly': 'True', 'BusinessParking': ""{u'valet': False, u'garage': False, u'street': False, u'lot': True, u'validated': False}"", 'AcceptsInsurance': 'True', 'RestaurantsPriceRange2': '3', 'BikeParking': 'False', 'BusinessAcceptsCreditCards': 'True'}","Shopping, Optometrists, Eyewear & Opticians, Health & Medical","{'Monday': '9:0-19:0', 'Tuesday': '9:0-19:0', 'Wednesday': '9:0-19:0', 'Thursday': '9:0-19:0', 'Friday': '9:0-19:0', 'Saturday': '9:0-19:0', 'Sunday': '10:0-18:30'}"
1gVkgLjul7xSIsJRCZHhmg,Straight Edge Barber Shop,5704 E Broadway Blvd,Tucson,AZ,85711,32.2211321,-110.8703351,4.0,11,1,"{'BusinessAcceptsCreditCards': 'True', 'GoodForKids': 'True', 'BusinessParking': ""{'garage': False, 'street': False, 'validated': False, 'lot': False, 'valet': False}"", 'ByAppointmentOnly': 'False', 'RestaurantsPriceRange2': '2', 'BikeParking': 'True', 'WiFi': ""u'no'"", 'WheelchairAccessible': 'True', 'HairSpecializesIn': ""{'straightperms': False, 'coloring': False, 'extensions': False, 'africanamerican': True, 'curly': True, 'kids': True, 'perms': False, 'asian': True}""}","Professional Services, Men's Hair Salons, Local Services, Barbers, Beauty & Spas, Hair Salons","{'Monday': '0:0-0:0', 'Tuesday': '9:0-17:0', 'Wednesday': '10:0-18:0', 'Thursday': '9:0-18:0', 'Friday': '9:0-18:0', 'Saturday': '9:0-16:0'}"
fEt_J2Lx80kwBy6FYHaT9Q,Sweetwater Wetlands,2551 W Sweetwater Dr,Tucson,AZ,85750,32.2798568,-111.0203165,4.5,16,1,"{'GoodForKids': 'True', 'DogsAllowed': 'True', 'BikeParking': 'True', 'BusinessParking': ""{'garage': False, 'street': False, 'validated': False, 'lot': True, 'valet': False}""}","Hiking, Active Life",
ytFuMCUQXUSWuvpZMP1uEA,B&L Nails Spa,"2680 E Valencia Rd, Ste 120",Tucson,AZ,85706,32.1336285,-110.9319893,3.0,31,1,"{'BikeParking': 'True', 'BusinessParking': ""{'garage': False, 'street': False, 'validated': False, 'lot': False, 'valet': False}"", 'ByAppointmentOnly': 'False', 'WheelchairAccessible': 'True', 'BusinessAcceptsCreditCards': 'True', 'RestaurantsPriceRange2': '2'}","Waxing, Beauty & Spas, Nail Salons, Hair Removal","{'Monday': '9:0-19:0', 'Tuesday': '9:0-19:0', 'Wednesday': '9:0-19:0', 'Thursday': '9:0-19:0', 'Friday': '9:0-19:0', 'Saturday': '9:0-19:0', 'Sunday': '11:0-17:0'}"
yX-eHIG--H3geTNWZ2Q6SA,Crush Gourmet Raspados,1712 N Santa Rosa Ave,Tucson,AZ,85712,32.2436522,-110.8859797,5.0,5,0,"{'Alcohol': ""u'none'"", 'Caters': 'True', 'GoodForMeal': ""{'dessert': False, 'latenight': False, 'lunch': False, 'dinner': False, 'brunch': False, 'breakfast': False}"", 'BusinessAcceptsCreditCards': 'True', 'RestaurantsPriceRange2': '1'}","Shaved Ice, Food Stands, Restaurants, Street Vendors, Food Trucks, Food, Desserts","{'Monday': '9:0-9:0', 'Tuesday': '9:0-9:0', 'Wednesday': '9:0-9:0', 'Thursday': '9:0-9:0', 'Friday': '9:0-9:0', 'Saturday': '9:0-9:0', 'Sunday': '9:0-9:0'}"
zQ62qOqUQScSb7ZCTLbpGg,Octopus Car Wash,7210 E 22nd St,Tucson,AZ,85710,32.2061817,-110.8382603,2.0,90,1,{'BusinessAcceptsCreditCards': 'True'},"Automotive, Car Wash, Auto Detailing",
L9gZiajtCvwr96vCVukNUA,Creative Beginnings Pre-School & Kindergarten,2690 N 1st Ave,Tucson,AZ,85719,32.2559704,-110.9605081,1.0,23,1,,"Local Services, Preschools, Education, Elementary Schools, Child Care & Day Care",
OMzYjyFo4Z2NAwiHLd10Kw,Sunshine Swim School,8484 E Speedway Blvd,Tucson,AZ,85710,32.2350032,-110.8112056,3.0,16,1,"{'GoodForKids': 'True', 'DogsAllowed': 'True', 'ByAppointmentOnly': 'False', 'BikeParking': 'False', 'BusinessAcceptsCreditCards': 'True', 'WiFi': ""u'free'"", 'WheelchairAccessible': 'True', 'BusinessParking': ""{'garage': False, 'street': True, 'validated': False, 'lot': True, 'valet': False}""}","Swimming Lessons/Schools, Active Life, Education, Specialty Schools, Fitness & Instruction","{'Monday': '9:0-21:0', 'Tuesday': '9:0-21:0', 'Wednesday': '9:0-21:0', 'Thursday': '9:0-21:0', 'Friday': '9:0-21:0', 'Saturday': '9:0-21:0'}"
kJb4o8aZ_93iBMq-Hery1w,BRAKEmax,3206 E Valencia Rd,Tucson,AZ,85706,32.1335924,-110.9239561,5.0,6,1,"{'BusinessAcceptsCreditCards': 'True', 'WiFi': ""u'free'""}","Automotive, Auto Repair, Oil Change Stations, Tires","{'Monday': '0:0-0:0', 'Tuesday': '7:30-18:0', 'Wednesday': '7:30-18:0', 'Thursday': '7:30-18:0', 'Friday': '7:30-18:0', 'Saturday': '8:0-17:0'}"
PT_24gEkVdGG6ZhYuX7gMg,Intuitive Readings and Meditation with Zev,Ft Lowell And Tucson Blvd,Tucson,AZ,85716,32.264931,-110.9352396,4.5,9,1,{'GoodForKids': 'True'},"Health & Medical, Professional Services, Life Coach, Arts & Entertainment, Counseling & Mental Health, Psychics, Supernatural Readings, Fitness & Instruction, Active Life, Meditation Centers, Psychic Mediums","{'Monday': '10:0-18:0', 'Tuesday': '10:0-18:0', 'Wednesday': '10:0-18:0', 'Thursday': '10:0-18:0', 'Friday': '10:0-18:0', 'Sunday': '10:0-18:0'}"
mWv9wdM5OD7tiDzf3DkyXw,LA Fitness,5885 W Arizona Pavilions Dr,Tucson,AZ,85743,32.3527211,-111.0908436,4.0,76,1,"{'GoodForKids': 'True', 'BusinessAcceptsCreditCards': 'True', 'BikeParking': 'True', 'ByAppointmentOnly': 'False', 'BusinessParking': ""{'garage': False, 'street': False, 'validated': False, 'lot': True, 'valet': False}""}","Yoga, Gyms, Sports Clubs, Active Life, Trainers, Fitness & Instruction","{'Monday': '0:0-0:0', 'Tuesday': '5:0-23:0', 'Wednesday': '5:0-23:0', 'Thursday': '5:0-23:0', 'Friday': '8:0-18:0', 'Saturday': '8:0-18:0', 'Sunday': '8:0-20:0'}"
16abiGP6ZPeXdz-aEDmQgw,Ann Bradford PhotoDesign,,Tucson,AZ,85718,32.3389931,-110.9268201,4.5,6,0,{'BusinessAcceptsCreditCards': 'True'},"Event Photography, Photographers, Session Photography, Event Planning & Services, Professional Services","{'Tuesday': '10:0-17:0', 'Wednesday': '10:0-17:0', 'Thursday': '10:0-17:0', 'Friday': '10:0-17:0', 'Saturday': '8:0-17:0', 'Sunday': '11:0-15:0'}"
26M-3o8bL-9MWAWKk3yjDQ,Freedom Smoke USA,"3805 W River Rd, Ste 101",Tucson,AZ,85741,32.3553130924,-111.0425949097,3.0,47,1,"{'BusinessAcceptsCreditCards': 'True', 'RestaurantsPriceRange2': '2', 'BusinessParking': ""{'garage': False, 'street': False, 'validated': False, 'lot': True, 'valet': False}"", 'WheelchairAccessible': 'True', 'BikeParking': 'True', 'ByAppointmentOnly': 'False'}","Tobacco Shops, Vape Shops, Shopping","{'Monday': '8:0-20:0', 'Tuesday': '8:0-20:0', 'Wednesday': '8:0-20:0', 'Thursday': '8:0-20:0', 'Friday': '8:0-21:0', 'Saturday': '8:0-21:0', 'Sunday': '9:0-18:0'}"
ixj7fzkBZOvwIphmfbyJMg,Purple Penguin Candy Emporium,3392 E 22nd St,Tucson,AZ,85713,32.2066779,-110.9205967,5.0,14,1,"{'BusinessParking': ""{'garage': False, 'street': False, 'validated': False, 'lot': True, 'valet': False}""}","Food, Candy Stores, Specialty Food","{'Monday': '10:30-17:0', 'Tuesday': '10:30-17:0', 'Thursday': '10:30-17:0', 'Friday': '10:30-17:0', 'Saturday': '10:0-17:0', 'Sunday': '11:0-16:0'}"
ewMNH7OxjqKZUHvZN5JFiw,The Salvation Army Family Store & Donation Center,6715 E Tanque Verde Rd,Tucson,AZ,85715,32.248933,-110.8494221,4.0,9,1,"{'BusinessAcceptsCreditCards': 'True', 'BusinessParking': ""{'garage': False, 'street': False, 'validated': False, 'lot': True, 'valet': False}"", 'RestaurantsPriceRange2': '1', 'BikeParking': 'False'}","Local Services, Thrift Stores, Donation Center, Shopping, Used, Vintage & Consignment, Fashion, Community Service/Non-Profit","{'Monday': '8:0-17:0', 'Tuesday': '8:0-17:0', 'Wednesday': '8:0-17:0', 'Thursday': '8:0-17:0', 'Friday': '8:0-17:0', 'Saturday': '8:0-17:0', 'Sunday': '8:0-17:0'}"
ivXaeYqM6NK7Pg9EDUG8lw,Spanish Trail Dental Group,"9660 E 22nd St, Ste 160",Tucson,AZ,85748,32.2063037,-110.7883369,2.0,25,0,"{'ByAppointmentOnly': 'False', 'AcceptsInsurance': 'True', 'BusinessAcceptsCreditCards': 'True'}","Health & Medical, General Dentistry, Cosmetic Dentists, Oral Surgeons, Dentists","{'Monday': '8:0-17:0', 'Tuesday': '7:0-19:0', 'Wednesday': '8:0-17:0', 'Thursday': '7:0-17:0', 'Friday': '7:0-16:0', 'Saturday': '8:0-12:0'}"
IrDV880tvqNdP9RyYtu2ew,G & L Import Export,4828 E 22nd St,Tucson,AZ,85711,32.206256,-110.8889135,4.0,20,1,"{'BusinessAcceptsCreditCards': 'True', 'RestaurantsPriceRange2': '1', 'BusinessParking': ""{'garage': False, 'street': False, 'validated': False, 'lot': True, 'valet': False}"", 'BikeParking': 'True', 'RestaurantsTakeOut': 'False'}","Flowers & Gifts, Specialty Food, Home Decor, Shopping, Home & Garden, Food, Grocery, International Grocery, Gift Shops","{'Monday': '9:0-20:0', 'Tuesday': '9:0-20:0', 'Wednesday': '9:0-20:0', 'Thursday': '9:0-20:0', 'Friday': '9:0-20:0', 'Saturday': '9:0-20:0', 'Sunday': '9:0-18:0'}"
2vAqYNN86VWXZiy2E96-TQ,Chick-fil-A,"1303 E University Blvd, Ste 149",Tucson,AZ,85719,32.2324455,-110.9516985,3.0,13,1,"{'RestaurantsReservations': 'False', 'GoodForKids': 'True', 'DriveThru': 'True', 'BusinessAcceptsCreditCards': 'True', 'NoiseLevel': ""u'loud'"", 'RestaurantsPriceRange2': '1', 'Caters': 'True', 'WiFi': ""u'free'"", 'RestaurantsDelivery': 'False', 'RestaurantsTakeOut': 'False', 'Ambience': ""{'romantic': False, 'intimate': False, 'classy': False, 'hipster': False, 'divey': False, 'touristy': False, 'trendy': False, 'upscale': False, 'casual': False}""}","Event Planning & Services, Caterers, Fast Food, Restaurants, Chicken Shop","{'Monday': '0:0-0:0', 'Tuesday': '10:0-17:0', 'Wednesday': '10:0-17:0', 'Thursday': '10:0-17:0', 'Friday': '6:30-22:0', 'Saturday': '6:30-22:0'}"
fVPPZWf5QghlCLYRYec1rg,China Sunrise Restaurant,"6878 E Sunrise Dr, Ste 120",Tucson,AZ,85750,32.3088305,-110.8454971,3.5,12,0,"{'NoiseLevel': ""u'quiet'"", 'RestaurantsPriceRange2': '2', 'WiFi': ""u'no'"", 'GoodForKids': 'False', 'BusinessAcceptsCreditCards': 'True', 'RestaurantsReservations': 'False', 'RestaurantsAttire': ""u'casual'"", 'OutdoorSeating': 'True'}","Restaurants, Chinese",
wYnM2hu7l83HeRDZCr1HfQ,Axiom Properties & Development,"1700 E Fort Lowell R D, Ste 107",Tucson,AZ,85719,32.2641514437,-110.9462645061,1.0,9,1,,"Property Management, Real Estate, Home Services","{'Monday': '9:0-17:30', 'Tuesday': '9:0-17:30', 'Wednesday': '9:0-17:30', 'Thursday': '9:0-17:30', 'Friday': '9:0-17:30'}"
ArbuPK9NngFSgZ_-f6EPkg,Hands On Moving,1690 N Stone Ave,Tucson,AZ,85705,32.2425392,-110.9715663,3.5,6,1,{'BusinessAcceptsCreditCards': 'True'},"Movers, Home Services, Junk Removal & Hauling, Local Services","{'Monday': '0:0-0:0', 'Tuesday': '0:0-0:0', 'Wednesday': '0:0-0:0', 'Thursday': '0:0-0:0', 'Friday': '0:0-0:0', 'Saturday': '0:0-0:0', 'Sunday': '0:0-0:0'}"
3swM60bulnut1d4AZti80Q,Rockabilly Grill,3700 N Oracle Rd,Tucson,AZ,85705,32.2739894,-110.9775344,3.5,37,1,"{'RestaurantsTakeOut': 'True', 'RestaurantsDelivery': 'False', 'BusinessAcceptsCreditCards': 'True', 'GoodForKids': 'False', 'RestaurantsGoodForGroups': 'True', 'BikeParking': 'True', 'RestaurantsPriceRange2': '1', 'Alcohol': ""'full_bar'"", 'OutdoorSeating': 'True', 'GoodForDancing': 'True', 'WiFi': ""'free'"", 'RestaurantsReservations': 'False', 'HasTV': 'True', 'HappyHour': 'True', 'BestNights': ""{'monday': False, 'tuesday': False, 'friday': True, 'wednesday': False, 'thursday': False, 'sunday': False, 'saturday': False}"", 'Smoking': ""u'outdoor'"", 'CoatCheck': 'False', 'ByAppointmentOnly': 'False', 'NoiseLevel': ""u'loud'"", 'RestaurantsTableService': 'True', 'WheelchairAccessible': 'True', 'Music': ""{'dj': False, 'background_music': False, 'no_music': False, 'jukebox': False, 'live': True, 'video': False, 'karaoke': False}"", 'RestaurantsAttire': ""'casual'"", 'Caters': 'False', 'BusinessParking': ""{'garage': False, 'street': False, 'validated': False, 'lot': True, 'valet': False}"", 'GoodForMeal': ""{'dessert': False, 'latenight': False, 'lunch': False, 'dinner': False, 'brunch': False, 'breakfast': False}"", 'DogsAllowed': 'False', 'Ambience': ""{u'divey': True, u'hipster': None, u'casual': True, u'touristy': False, u'trendy': None, u'intimate': None, u'romantic': False, u'classy': False, u'upscale': False}""}","Nightlife, American (New), Music Venues, Restaurants, Breakfast & Brunch, Arts & Entertainment, Bars, American (Traditional), Sports Bars, Dive Bars, Pool Halls","{'Monday': '10:0-2:0', 'Tuesday': '10:0-2:0', 'Wednesday': '10:0-2:0', 'Thursday': '10:0-2:0', 'Friday': '10:0-2:0', 'Saturday': '10:0-2:0', 'Sunday': '10:0-2:0'}"
pYscac0LOY0UTu6zuC4VAA,Midas,333 W Valencia Rd,Tucson,AZ,85706,32.1335999945,-110.9745180774,2.5,14,1,{'BusinessAcceptsCreditCards': 'True'},"Auto Repair, Automotive, Oil Change Stations, Tires","{'Monday': '7:30-18:0', 'Tuesday': '7:30-18:0', 'Wednesday': '7:30-18:0', 'Thursday': '7:30-18:0', 'Friday': '7:30-18:0', 'Saturday': '7:30-18:0'}"
AKFahOtdDQA7NVXZyDajCA,Trader Joe's,4766 E Grant Rd,Tucson,AZ,85712,32.2497812,-110.8909436,4.0,76,1,"{'BikeParking': 'True', 'BusinessParking': ""{'garage': False, 'street': False, 'validated': False, 'lot': True, 'valet': False}"", 'RestaurantsPriceRange2': '2', 'BusinessAcceptsCreditCards': 'True', 'RestaurantsTakeOut': 'False', 'Caters': 'False', 'RestaurantsDelivery': 'False'}","Flowers & Gifts, Shopping, Specialty Food, Beer, Wine & Spirits, Food, Grocery, Florists","{'Monday': '0:0-0:0', 'Tuesday': '9:0-19:0', 'Wednesday': '8:0-21:0', 'Thursday': '8:0-18:0', 'Friday': '8:0-21:0', 'Saturday': '9:0-19:0', 'Sunday': '8:0-17:0'}"
h-GjLWwP7A0580JTqO-Wpg,The Window Depot,2300 South 6th Ave,Tucson,AZ,85713,32.1949772399,-110.9686693634,2.5,6,1,"{'BusinessAcceptsCreditCards': 'True', 'ByAppointmentOnly': 'False'}","Furniture Stores, Home Services, Building Supplies, Contractors, Shopping, Home & Garden, Kitchen & Bath, Interior Design, Kitchen Supplies","{'Monday': '7:0-18:0', 'Tuesday': '7:0-18:0', 'Wednesday': '7:0-18:0', 'Thursday': '7:0-18:0', 'Friday': '7:0-18:0', 'Saturday': '8:0-16:0'}"
iNMdSi5bmvGSGeRQiUW4dw,Wendy's,3535 E. Irvington Road,Tucson,AZ,85714,32.1637404,-110.9167218,2.5,14,1,"{'BusinessAcceptsCreditCards': 'True', 'RestaurantsAttire': ""u'casual'"", 'Caters': 'False', 'OutdoorSeating': 'False', 'BusinessParking': ""{'garage': False, 'street': False, 'validated': False, 'lot': False, 'valet': False}"", 'RestaurantsTakeOut': 'True', 'Ambience': ""{'romantic': False, 'intimate': False, 'touristy': False, 'hipster': False, 'divey': False, 'classy': False, 'trendy': False, 'upscale': False, 'casual': False}"", 'WiFi': ""u'no'"", 'RestaurantsPriceRange2': '1', 'RestaurantsReservations': 'False', 'GoodForKids': 'True', 'Alcohol': ""u'none'"", 'NoiseLevel': ""u'average'"", 'RestaurantsGoodForGroups': 'True', 'RestaurantsDelivery': 'True', 'HasTV': 'True'}","Fast Food, Burgers, Restaurants","{'Monday': '10:0-23:0', 'Tuesday': '10:0-23:0', 'Wednesday': '10:0-23:0', 'Thursday': '10:0-23:0', 'Friday': '10:0-0:0', 'Saturday': '10:0-0:0', 'Sunday': '10:0-23:0'}"
aCUMrON79XlMn1qaK2ayNA,Classic Cuts,"3720 W Ina Rd, Ste 116",Tucson,AZ,85741,32.3384872303,-111.0447329655,4.0,8,1,"{'BikeParking': 'True', 'RestaurantsPriceRange2': '1', 'WheelchairAccessible': 'True', 'BusinessAcceptsCreditCards': 'False', 'ByAppointmentOnly': 'False', 'BusinessParking': ""{u'valet': False, u'garage': False, u'street': False, u'lot': True, u'validated': False}"", 'WiFi': ""u'free'""}","Barbers, Beauty & Spas, Hair Salons, Men's Hair Salons","{'Tuesday': '9:0-18:0', 'Wednesday': '9:0-18:0', 'Thursday': '9:0-18:0', 'Friday': '9:0-18:0', 'Saturday': '9:0-18:0'}"
a6Q00Q_a8pJX4kd2025zVQ,Zocalo Village,3384 E River Rd,Tucson,AZ,85718,32.2763988847,-110.9223742304,4.5,9,1,"{'BikeParking': 'True', 'BusinessAcceptsCreditCards': 'True', 'BusinessParking': ""{'garage': False, 'street': True, 'validated': False, 'lot': True, 'valet': False}"", 'RestaurantsPriceRange2': '3', 'DogsAllowed': 'True', 'ByAppointmentOnly': 'False', 'WiFi': ""u'no'"", 'WheelchairAccessible': 'True'}","Home Decor, Furniture Stores, Art Galleries, Shopping, Home & Garden, Arts & Entertainment","{'Monday': '8:30-17:0', 'Tuesday': '8:30-17:0', 'Wednesday': '8:30-17:0', 'Thursday': '8:30-17:0', 'Friday': '8:30-17:0', 'Saturday': '8:30-17:0', 'Sunday': '8:30-17:0'}"
tsTaGk-IL9_j4DY0vDv1JQ,Integrity Moving Solutions,,Tucson,AZ,85716,32.2479302,-110.9208593,4.0,6,1,"{'BusinessAcceptsCreditCards': 'True', 'BusinessAcceptsBitcoin': 'False'}","Home Services, Movers","{'Monday': '0:0-0:0', 'Tuesday': '0:0-0:0', 'Wednesday': '0:0-0:0', 'Thursday': '0:0-0:0', 'Friday': '0:0-0:0', 'Saturday': '0:0-0:0', 'Sunday': '0:0-0:0'}"
50HEqMZDL2Xsh2UzvBNepQ,Abc Resurfacing,2775 N Dos Mujeres Ave,Tucson,AZ,85715,32.257624,-110.828322,5.0,7,1,{'BusinessAcceptsCreditCards': 'True'},"Shopping, Home & Garden, Kitchen & Bath, Home Services, Refinishing Services","{'Monday': '7:0-18:0', 'Tuesday': '7:0-18:0', 'Wednesday': '7:0-18:0', 'Thursday': '7:0-18:0', 'Friday': '7:0-18:0'}"
oQYZ3j2H758y07p4RpCWug,August Rhodes Bakery,3073 N Campbell Ave,Tucson,AZ,85719,32.2627192,-110.9446296,4.5,89,1,"{'HasTV': 'False', 'WiFi': ""u'free'"", 'Ambience': ""{'touristy': None, 'hipster': True, 'romantic': None, 'divey': None, 'intimate': None, 'trendy': None, 'upscale': None, 'classy': True, 'casual': True}"", 'WheelchairAccessible': 'True', 'DogsAllowed': 'False', 'BusinessAcceptsCreditCards': 'True', 'OutdoorSeating': 'True', 'Caters': 'True', 'RestaurantsReservations': 'False', 'NoiseLevel': ""u'average'"", 'RestaurantsGoodForGroups': 'True', 'Alcohol': ""u'none'"", 'RestaurantsPriceRange2': '2', 'GoodForMeal': ""{'dessert': False, 'latenight': False, 'lunch': False, 'dinner': False, 'brunch': False, 'breakfast': False}"", 'RestaurantsTakeOut': 'True', 'BikeParking': 'True', 'BusinessAcceptsBitcoin': 'False', 'RestaurantsTableService': 'True', 'RestaurantsDelivery': 'None', 'BusinessParking': ""{'garage': False, 'street': False, 'validated': False, 'lot': True, 'valet': False}""}","Event Planning & Services, Food, Sandwiches, Bakeries, Restaurants, American (New), Caterers","{'Monday': '0:0-0:0', 'Thursday': '9:0-12:0', 'Friday': '9:0-12:0', 'Saturday': '9:0-12:0', 'Sunday': '9:0-12:0'}"
hO1lftQ0IAirivevWSoD9g,Southwest Kitchen & Bath,"7780 N Oracle Rd, Ste 150",Tucson,AZ,85704,32.3480682,-110.9748334,3.0,9,1,"{'BusinessAcceptsCreditCards': 'True', 'ByAppointmentOnly': 'False'}","Home Services, Cabinetry","{'Monday': '9:0-17:0', 'Tuesday': '9:0-17:0', 'Wednesday': '9:0-17:0', 'Thursday': '9:0-17:0', 'Friday': '9:0-17:0'}"
3xqHC4ccVvdcFdn04v7GWA,Cake Boutique,"5420 E Broadway Blvd, Ste 240",Tucson,AZ,85711,32.2215168,-110.8768364,1.5,6,0,{'BusinessAcceptsCreditCards': 'True'},"Bakeries, Food","{'Tuesday': '10:0-17:30', 'Wednesday': '10:0-17:30', 'Thursday': '10:0-17:30', 'Friday': '10:0-17:30', 'Saturday': '10:0-15:0'}"
slie9368A_rG70_1Wxe50g,Domino's Pizza,3118 E Fort Lowell Rd,Tucson,AZ,85716,32.2644762747,-110.9259400061,2.5,27,1,"{'WiFi': ""'no'"", 'OutdoorSeating': 'False', 'GoodForKids': 'True', 'NoiseLevel': ""'average'"", 'BikeParking': 'True', 'RestaurantsTakeOut': 'True', 'RestaurantsReservations': 'False', 'Caters': 'True', 'RestaurantsGoodForGroups': 'True', 'RestaurantsAttire': ""u'casual'"", 'RestaurantsDelivery': 'True', 'HasTV': 'True', 'BusinessAcceptsCreditCards': 'True', 'Alcohol': ""u'none'"", 'BusinessParking': ""{'garage': False, 'street': False, 'validated': False, 'lot': True, 'valet': False}"", 'Ambience': ""{'touristy': False, 'hipster': False, 'romantic': False, 'divey': False, 'intimate': False, 'trendy': False, 'upscale': False, 'classy': False, 'casual': False}"", 'RestaurantsPriceRange2': '1'}","Food Delivery Services, Restaurants, Pizza, Sandwiches, Food, Chicken Wings","{'Monday': '10:30-0:0', 'Tuesday': '10:30-0:0', 'Wednesday': '10:30-0:0', 'Thursday': '10:30-0:0', 'Friday': '10:30-1:0', 'Saturday': '10:30-1:0', 'Sunday': '10:30-0:0'}"
C3roKH0ekXBz8l0ZoUIvAA,Roadrunner Coffee Co.,1545 W Wetmore Rd,Tucson,AZ,85705,32.2865595,-110.9982234,4.0,9,1,"{'WiFi': ""u'free'""}","Restaurants, American (Traditional), Food, Juice Bars & Smoothies, Coffee & Tea","{'Monday': '6:0-18:0', 'Tuesday': '6:0-18:0', 'Wednesday': '6:0-18:0', 'Thursday': '6:0-18:0', 'Friday': '6:0-18:0', 'Saturday': '7:0-18:0', 'Sunday': '7:0-18:0'}"
UAi8nZY-tCA758y4_8Meuw,Fullylove’s Restaurant,2660 N Campbell,Tucson,AZ,85719,32.2555727924,-110.9435389043,4.5,25,0,,"Vegan, American (New), Restaurants","{'Wednesday': '17:0-22:0', 'Thursday': '17:0-22:0', 'Friday': '17:0-22:0', 'Saturday': '17:0-22:0', 'Sunday': '17:0-22:0'}"
Q_-WbIWbAYQkiMfE-VrQlA,Twisted Salon,"6644 E Tanque Verde Rd, Ste 101",Tucson,AZ,85715,32.2474735,-110.8501449,4.0,13,1,"{'BikeParking': 'False', 'BusinessParking': ""{'garage': False, 'street': False, 'validated': False, 'lot': True, 'valet': False}"", 'GoodForKids': 'True', 'RestaurantsPriceRange2': '2', 'ByAppointmentOnly': 'True', 'BusinessAcceptsCreditCards': 'True'}","Hair Stylists, Hair Extensions, Beauty & Spas, Waxing, Hair Salons, Tattoo, Hair Removal, Nail Salons","{'Tuesday': '9:0-17:0', 'Wednesday': '9:0-17:0', 'Thursday': '9:0-17:0', 'Friday': '9:0-17:0', 'Saturday': '9:0-17:0'}"
wgcSbX3osqRibWW7pVyfww,Jack in the Box,1202 W St Marys Rd,Tucson,AZ,85745,32.2298503,-110.9900599,2.0,13,1,"{'Alcohol': ""u'none'"", 'RestaurantsGoodForGroups': 'True', 'Caters': 'False', 'BusinessParking': ""{'garage': False, 'street': False, 'validated': False, 'lot': False, 'valet': False}"", 'RestaurantsAttire': ""u'casual'"", 'BusinessAcceptsCreditCards': 'True', 'GoodForKids': 'True', 'RestaurantsTakeOut': 'True', 'RestaurantsPriceRange2': '1', 'Ambience': ""{'romantic': False, 'intimate': False, 'touristy': False, 'hipster': False, 'divey': False, 'classy': False, 'trendy': False, 'upscale': False, 'casual': False}"", 'OutdoorSeating': 'False', 'RestaurantsReservations': 'False', 'DriveThru': 'True', 'NoiseLevel': ""u'average'"", 'RestaurantsDelivery': 'False', 'BikeParking': 'False', 'HasTV': 'True'}","Burgers, Fast Food, Restaurants, Breakfast & Brunch, Mexican, Tacos","{'Monday': '0:0-0:0', 'Tuesday': '0:0-0:0', 'Wednesday': '0:0-0:0', 'Thursday': '0:0-0:0', 'Friday': '0:0-0:0', 'Saturday': '0:0-0:0', 'Sunday': '0:0-0:0'}"
tB2Oz-ULaIyPrRTZQXBCeA,Valley View Apartments - Northland,5025 N 1st Ave,Tucson,AZ,85718,32.2980882,-110.9613979,3.0,5,0,{'BusinessAcceptsCreditCards': 'True'},"Apartments, Real Estate, Home Services","{'Monday': '9:0-18:0', 'Tuesday': '9:0-18:0', 'Wednesday': '9:0-18:0', 'Thursday': '9:0-18:0', 'Friday': '9:0-18:0', 'Saturday': '10:0-17:0', 'Sunday': '12:0-17:0'}"
uICb86NhQh_jKkfkpzFKrA,Wash & Dry Laundromat,1712 W Ajo Way,Tucson,AZ,85713,32.1786575,-111.0018162,5.0,16,1,"{'WiFi': ""u'free'"", 'BusinessAcceptsCreditCards': 'True', 'BikeParking': 'False', 'BusinessParking': 'None'}","Local Services, Laundry Services, Laundromat","{'Monday': '8:0-20:0', 'Tuesday': '8:0-20:0', 'Wednesday': '8:0-20:0', 'Thursday': '8:0-20:0', 'Friday': '8:0-20:0', 'Saturday': '8:0-20:0', 'Sunday': '8:0-14:0'}"
YCEHm8fHee8UwFFRskD6DA,The Nordstrom Group,"2200 E River Rd, Ste 103",Tucson,AZ,85718,32.2862948,-110.9389281,2.5,41,0,"{'BusinessAcceptsCreditCards': 'True', 'ByAppointmentOnly': 'True'}","Real Estate Services, Real Estate, Property Management, Home Services","{'Monday': '9:0-17:0', 'Tuesday': '9:0-17:0', 'Wednesday': '9:0-17:0', 'Thursday': '9:0-17:0', 'Friday': '9:0-17:0', 'Saturday': '9:0-17:0', 'Sunday': '9:0-17:0'}"
ymG1jtr2wZCC5Wd0-oM32A,Peak of Perfection,"6541 E Tanque Verde Rd, Ste 28",Tucson,AZ,85715,32.247152,-110.853156,4.5,12,1,"{'RestaurantsPriceRange2': '2', 'ByAppointmentOnly': 'False', 'BusinessParking': ""{'garage': False, 'street': False, 'validated': False, 'lot': True, 'valet': False}"", 'HairSpecializesIn': ""{'straightperms': False, 'coloring': True, 'extensions': True, 'africanamerican': False, 'curly': True, 'kids': True, 'perms': True, 'asian': True}"", 'BusinessAcceptsCreditCards': 'True', 'WheelchairAccessible': 'True', 'BusinessAcceptsBitcoin': 'False', 'BikeParking': 'True'}","Beauty & Spas, Day Spas, Hair Salons, Nail Salons, Hair Stylists, Eyelash Service","{'Monday': '0:0-0:0', 'Tuesday': '9:0-16:0', 'Wednesday': '9:0-16:0', 'Thursday': '9:0-16:0', 'Friday': '9:0-16:0', 'Saturday': '8:0-17:0'}"
Yp7xPdDBcPRNsiEQ6QpRvw,Tucson Camera Repair,3813 N Oracle Rd,Tucson,AZ,85705,32.2764163,-110.9785879,4.5,46,1,"{'RestaurantsPriceRange2': '2', 'BusinessAcceptsCreditCards': 'True', 'BusinessParking': ""{'garage': False, 'street': False, 'validated': False, 'lot': True, 'valet': False}"", 'BikeParking': 'True', 'ByAppointmentOnly': 'False'}","Shopping, Photography Stores & Services","{'Monday': '9:0-15:0', 'Tuesday': '9:0-15:0', 'Wednesday': '9:0-15:0', 'Thursday': '9:0-15:0', 'Friday': '9:0-15:0'}"
onFzWveuDXbSOmq9CdBfPQ,RideNow Powersports Ina,4375 W Ina Rd,Tucson,AZ,85741,32.3369571,-111.0580564,2.5,35,1,"{'BusinessAcceptsCreditCards': 'True', 'RestaurantsPriceRange2': '2', 'WiFi': ""u'free'"", 'BusinessParking': ""{'garage': False, 'street': False, 'validated': False, 'lot': False, 'valet': False}""}","Automotive, Motorcycle Gear, Motorsport Vehicle Dealers, Motorsport Vehicle Repairs, Motorcycle Repair, Motorcycle Dealers, Shopping","{'Tuesday': '9:0-18:0', 'Wednesday': '9:0-18:0', 'Thursday': '9:0-18:0', 'Friday': '9:0-18:0', 'Saturday': '9:0-18:0'}"
i8UZblHPk2O-iNKJrnWQ_Q,Taco Bell,8578 East Broadway Blvd,Tucson,AZ,85710,32.220539,-110.809269,2.5,26,1,"{'HasTV': 'True', 'GoodForKids': 'True', 'Alcohol': ""u'none'"", 'BusinessAcceptsCreditCards': 'True', 'Caters': 'False', 'RestaurantsPriceRange2': '1', 'RestaurantsGoodForGroups': 'True', 'RestaurantsTakeOut': 'True', 'RestaurantsReservations': 'False', 'OutdoorSeating': 'False', 'NoiseLevel': ""u'average'"", 'RestaurantsTableService': 'False', 'DriveThru': 'True', 'GoodForMeal': ""{'dessert': False, 'latenight': False, 'lunch': True, 'dinner': False, 'brunch': False, 'breakfast': False}"", 'Ambience': ""{'romantic': False, 'intimate': False, 'classy': False, 'hipster': False, 'divey': False, 'touristy': False, 'trendy': False, 'upscale': False, 'casual': False}"", 'RestaurantsDelivery': 'True', 'WiFi': ""u'free'"", 'BusinessParking': ""{'garage': False, 'street': None, 'validated': False, 'lot': None, 'valet': False}"", 'RestaurantsAttire': ""u'casual'""}","Restaurants, Fast Food, Mexican, Tex-Mex, Tacos, Breakfast & Brunch","{'Monday': '7:0-2:0', 'Tuesday': '7:0-2:0', 'Wednesday': '7:0-2:0', 'Thursday': '7:0-2:0', 'Friday': '7:0-2:0', 'Saturday': '7:0-2:0', 'Sunday': '7:0-2:0'}"
1NhcrIJu3tsnIAKTZsvEeA,Andrew Rosen Orthodontics,1865 N Kolb Rd,Tucson,AZ,85715,32.2434339101,-110.845725,4.5,7,1,"{'ByAppointmentOnly': 'True', 'BusinessAcceptsCreditCards': 'True'}","Dentists, Health & Medical, Orthodontists","{'Monday': '8:0-17:0', 'Tuesday': '8:0-17:0', 'Wednesday': '7:0-17:0', 'Thursday': '8:0-17:0', 'Friday': '8:0-12:0'}"
IXv-g1iK3Hwsnxp0vT8OgA,Whataburger,1430 W River Rd,Tucson,AZ,85704,32.2979232056,-110.9969272166,2.5,71,1,"{'GoodForKids': 'True', 'RestaurantsGoodForGroups': 'True', 'NoiseLevel': ""'average'"", 'OutdoorSeating': 'False', 'RestaurantsReservations': 'False', 'Caters': 'False', 'BusinessAcceptsCreditCards': 'True', 'BusinessParking': ""{'garage': False, 'street': False, 'validated': False, 'lot': True, 'valet': False}"", 'RestaurantsTakeOut': 'True', 'Ambience': ""{'romantic': False, 'intimate': False, 'classy': False, 'hipster': False, 'divey': False, 'touristy': False, 'trendy': False, 'upscale': False, 'casual': True}"", 'RestaurantsAttire': ""'casual'"", 'Alcohol': ""u'none'"", 'RestaurantsTableService': 'False', 'BikeParking': 'True', 'RestaurantsDelivery': 'True', 'HasTV': 'True', 'WiFi': ""'no'"", 'RestaurantsPriceRange2': '1', 'GoodForMeal': ""{'dessert': False, 'latenight': True, 'lunch': True, 'dinner': True, 'brunch': False, 'breakfast': True}"", 'DriveThru': 'True'}","Restaurants, American (Traditional), Fast Food, Burgers","{'Monday': '0:0-0:0', 'Tuesday': '0:0-0:0', 'Wednesday': '0:0-0:0', 'Thursday': '0:0-0:0', 'Friday': '0:0-18:0', 'Saturday': '0:0-0:0', 'Sunday': '6:0-0:0'}"
EAJOR4zG6_ixBPYgWhp6Jg,Cafe Jasper,6370 N Campbell Ave,Tucson,AZ,85718,32.3224767,-110.9290914,3.0,19,0,"{'BusinessParking': ""{'garage': False, 'street': False, 'validated': False, 'lot': True, 'valet': False}"", 'GoodForKids': 'True', 'RestaurantsReservations': 'False', 'BusinessAcceptsCreditCards': 'True', 'Alcohol': ""u'full_bar'"", 'OutdoorSeating': 'True', 'RestaurantsDelivery': 'False', 'RestaurantsGoodForGroups': 'True', 'RestaurantsPriceRange2': '2', 'RestaurantsAttire': ""'casual'"", 'Caters': 'True', 'NoiseLevel': ""u'average'"", 'RestaurantsTakeOut': 'True', 'HappyHour': 'True'}","American (New), Restaurants","{'Monday': '7:0-14:0', 'Tuesday': '7:0-20:0', 'Wednesday': '7:0-20:0', 'Thursday': '7:0-20:0', 'Friday': '7:0-22:0', 'Saturday': '7:0-22:0', 'Sunday': '7:0-14:0'}"
yL79wjr-9wa6X1BtRbiIhQ,RPM Law,"100 N Stone Ave, Ste 303",Tucson,AZ,85701,32.2231013,-110.9712902,3.5,6,1,,"Lawyers, Divorce & Family Law, DUI Law, Criminal Defense Law, Professional Services, Personal Injury Law, Legal Services","{'Monday': '0:0-0:0', 'Tuesday': '8:0-18:0', 'Wednesday': '8:0-18:0', 'Thursday': '8:0-18:0', 'Friday': '9:0-17:0'}"
oY-YKxfE2Wjq51P16YZ6Cw,Dean's Village Laundromat,2938 N 1st Ave,Tucson,AZ,85719,32.2603719,-110.960549,4.0,26,1,"{'RestaurantsPriceRange2': '1', 'WiFi': ""u'free'"", 'BikeParking': 'True', 'BusinessParking': ""{'garage': False, 'street': False, 'validated': False, 'lot': True, 'valet': False}"", 'BusinessAcceptsCreditCards': 'False'}","Laundromat, Dry Cleaning & Laundry, Laundry Services, Local Services","{'Monday': '6:30-20:0', 'Tuesday': '6:30-20:0', 'Wednesday': '6:30-20:0', 'Thursday': '6:30-20:0', 'Friday': '6:30-20:0', 'Saturday': '6:30-20:0', 'Sunday': '6:30-20:0'}"
8lw3jLtE-WvjPxz00PzGWA,"James Sather, DDS","6600 N Oracle Rd, Ste 110",Tucson,AZ,85704,32.3267302,-110.9753224,5.0,8,1,"{'WiFi': ""u'no'"", 'BusinessAcceptsCreditCards': 'True', 'AcceptsInsurance': 'True'}","Health & Medical, Oral Surgeons, Dentists, Endodontists, Cosmetic Dentists, General Dentistry","{'Monday': '0:0-0:0', 'Tuesday': '8:0-17:0', 'Wednesday': '8:0-17:0', 'Thursday': '8:0-17:0', 'Friday': '8:0-16:0'}"
rEt4M2MpiFzS-nqwzKDymw,Central Animal Hospital,4020 E Speedway Blvd,Tucson,AZ,85712,32.2358074,-110.9069353,4.5,56,1,"{'ByAppointmentOnly': 'False', 'BusinessAcceptsCreditCards': 'True'}","Pets, Veterinarians","{'Monday': '8:0-13:0', 'Tuesday': '8:0-18:0', 'Wednesday': '8:0-18:0', 'Thursday': '8:0-18:0', 'Friday': '8:0-18:0'}"
s2SoiyZzBwzaxxXCXqJ56g,The Tuxon Hotel,960 S Fwy,Tucson,AZ,85745,32.210012,-110.980723,4.0,56,1,"{'RestaurantsPriceRange2': '2', 'WiFi': ""u'free'"", 'DogsAllowed': 'True', 'BusinessAcceptsCreditCards': 'True'}","Event Planning & Services, Hotels & Travel, Tours, Bikes, Shopping, Hotels, Sporting Goods","{'Monday': '0:0-0:0', 'Tuesday': '0:0-0:0', 'Wednesday': '0:0-0:0', 'Thursday': '0:0-0:0', 'Friday': '0:0-0:0', 'Saturday': '0:0-0:0', 'Sunday': '0:0-0:0'}"
Vf1je11xO_8RtFeBUiV2tg,Golden China Restaurant,7018 E Golf Links Rd,Tucson,AZ,85730,32.1907202,-110.8436457,3.5,13,0,"{'BusinessParking': ""{'garage': False, 'street': False, 'validated': False, 'lot': True, 'valet': False}"", 'Ambience': ""{'romantic': False, 'intimate': False, 'classy': False, 'hipster': False, 'divey': False, 'touristy': False, 'trendy': False, 'upscale': False, 'casual': True}"", 'NoiseLevel': ""u'average'"", 'Caters': 'True', 'Alcohol': ""u'full_bar'"", 'RestaurantsAttire': ""u'casual'"", 'RestaurantsGoodForGroups': 'True', 'BusinessAcceptsCreditCards': 'True', 'RestaurantsTakeOut': 'True', 'HasTV': 'True', 'RestaurantsDelivery': 'True', 'WiFi': ""u'no'"", 'RestaurantsPriceRange2': '1', 'RestaurantsReservations': 'True', 'OutdoorSeating': 'False', 'GoodForKids': 'True'}","Restaurants, Chinese","{'Monday': '11:0-21:30', 'Tuesday': '11:0-21:30', 'Wednesday': '11:0-21:30', 'Thursday': '11:0-21:30', 'Friday': '11:0-22:0', 'Saturday': '11:0-22:0', 'Sunday': '12:0-21:30'}"
lCBJo0HvqYSYVxpDtQAkJw,Winterhaven Festival of Lights,,Tucson,AZ,85701,32.2147915,-110.9715269,4.5,53,1,"{'GoodForKids': 'True', 'DogsAllowed': 'True'}","Local Flavor, Arts & Entertainment, Festivals",
5N5K-B0pA3as6dvl_ha5BQ,Famous Sam's Restaurant & Bar,3933 E Pima St,Tucson,AZ,85712,32.2441089,-110.9083781,2.0,25,0,"{'RestaurantsReservations': 'True', 'RestaurantsTakeOut': 'True', 'RestaurantsDelivery': 'False', 'RestaurantsGoodForGroups': 'True', 'BikeParking': 'False', 'HasTV': 'True', 'Alcohol': ""u'full_bar'"", 'BusinessAcceptsCreditCards': 'True', 'WiFi': ""u'free'"", 'OutdoorSeating': 'False', 'RestaurantsAttire': ""u'casual'"", 'Caters': 'True', 'NoiseLevel': ""u'very_loud'"", 'GoodForKids': 'False', 'RestaurantsPriceRange2': '1', 'BusinessParking': ""{'garage': False, 'street': False, 'validated': False, 'lot': True, 'valet': False}"", 'Ambience': ""{'romantic': False, 'intimate': False, 'classy': False, 'hipster': False, 'divey': True, 'touristy': False, 'trendy': False, 'upscale': False, 'casual': False}"", 'GoodForMeal': ""{'dessert': False, 'latenight': False, 'lunch': False, 'dinner': True, 'brunch': False, 'breakfast': False}""}","Burgers, Restaurants, American (Traditional)","{'Monday': '10:0-1:0', 'Tuesday': '10:0-1:0', 'Wednesday': '10:0-1:0', 'Thursday': '10:0-1:0', 'Friday': '10:0-2:0', 'Saturday': '10:0-2:0', 'Sunday': '10:0-1:0'}"
dMcLdgGSAIWsf6pdQK9YvQ,Broadway Proper,400 S Broadway Pl,Tucson,AZ,85710,32.2162828,-110.8313103,3.5,5,1,{'ByAppointmentOnly': 'False'},"Home Services, Assisted Living Facilities, Apartments, Retirement Homes, Health & Medical, Real Estate, Memory Care","{'Monday': '0:0-0:0', 'Tuesday': '0:0-0:0', 'Wednesday': '0:0-0:0', 'Thursday': '0:0-0:0', 'Friday': '0:0-0:0', 'Saturday': '0:0-0:0', 'Sunday': '0:0-0:0'}"
kN24lolUy8tdA88LT65cpw,Rent-A-Wheel,2106 S Alvernon Way,Tucson,AZ,85711,32.1986153,-110.9099157,2.5,11,1,{'BusinessAcceptsCreditCards': 'True'},"Wheel & Rim Repair, Tires, Automotive","{'Monday': '10:30-19:0', 'Tuesday': '10:30-19:0', 'Wednesday': '10:30-19:0', 'Thursday': '10:30-19:0', 'Friday': '10:30-19:0', 'Saturday': '9:0-18:0'}"
-zXuVI8GB6lT4iU6KStOGg,Buck's Automotive Service Center,4360 N 1st Ave,Tucson,AZ,85719,32.2858808,-110.960509,4.0,42,1,{'BusinessAcceptsCreditCards': 'True'},"Tires, Body Shops, Auto Repair, Oil Change Stations, Automotive, Transmission Repair","{'Monday': '7:0-17:0', 'Tuesday': '7:0-17:0', 'Wednesday': '7:0-17:0', 'Thursday': '7:0-17:0', 'Friday': '7:0-17:0'}"
bCIZeggW02uPdz2lobSjUA,Good Oak Bar,316 E Congress St,Tucson,AZ,85701,32.2220392159,-110.9665788086,4.5,143,1,"{'RestaurantsReservations': 'False', 'BikeParking': 'True', 'WiFi': ""'no'"", 'RestaurantsPriceRange2': '2', 'Alcohol': ""u'beer_and_wine'"", 'OutdoorSeating': 'False', 'RestaurantsGoodForGroups': 'True', 'NoiseLevel': ""u'average'"", 'HappyHour': 'True', 'GoodForDancing': 'False', 'BusinessParking': ""{'garage': None, 'street': True, 'validated': False, 'lot': False, 'valet': False}"", 'Music': ""{'dj': False, 'background_music': False, 'no_music': False, 'jukebox': False, 'live': False, 'video': False, 'karaoke': False}"", 'BusinessAcceptsCreditCards': 'True', 'BestNights': ""{'monday': False, 'tuesday': True, 'friday': True, 'wednesday': False, 'thursday': False, 'sunday': False, 'saturday': True}"", 'HasTV': 'True', 'Ambience': ""{'touristy': False, 'hipster': True, 'romantic': False, 'divey': False, 'intimate': False, 'trendy': False, 'upscale': False, 'classy': True, 'casual': True}""}","Pubs, Bars, Wine Bars, Nightlife, Cocktail Bars","{'Monday': '16:0-0:0', 'Tuesday': '16:0-0:0', 'Wednesday': '16:0-0:0', 'Thursday': '16:0-0:0', 'Friday': '16:0-0:0', 'Saturday': '16:0-0:0', 'Sunday': '16:0-0:0'}"
KA3KjaYkC83KSQO2hpIXBQ,Musselman Honda Circuit,11800 S Harrison Rd,Tucson,AZ,85747,32.0360934,-110.794547,4.0,6,1,"{'GoodForKids': 'False', 'BusinessParking': ""{'garage': False, 'street': False, 'validated': False, 'lot': False, 'valet': False}"", 'BusinessAcceptsCreditCards': 'True', 'ByAppointmentOnly': 'False', 'WiFi': ""u'free'"", 'BikeParking': 'True', 'WheelchairAccessible': 'True'}","Education, ATV Rentals/Tours, Active Life, Driving Schools, Bike Rentals, Go Karts, Venues & Event Spaces, Specialty Schools, Event Planning & Services","{'Wednesday': '10:0-17:0', 'Thursday': '10:0-17:0', 'Friday': '10:0-17:0', 'Saturday': '10:0-17:0', 'Sunday': '10:0-16:0'}"
ok1AHRq6JBNqLmKsgcUQ6w,The UPS Store,7739 E Broadway Blvd,Tucson,AZ,85710,32.2224044,-110.825808,4.5,9,1,{'BusinessAcceptsCreditCards': 'True'},"Local Services, Shipping Centers, Notaries, Mailbox Centers, Printing Services","{'Monday': '0:0-0:0', 'Tuesday': '8:0-18:0', 'Wednesday': '8:0-18:0', 'Thursday': '8:0-18:0', 'Friday': '8:0-15:0', 'Saturday': '9:0-17:0'}"
LEjVZUi2th79XWpW-gHmYA,Venzo's Pizza,4558 E Broadway Blvd,Tucson,AZ,85711,32.2213983,-110.8953154,4.0,7,0,"{'RestaurantsPriceRange2': '1', 'RestaurantsTakeOut': 'True', 'RestaurantsDelivery': 'True', 'RestaurantsReservations': 'False', 'BusinessParking': ""{'garage': False, 'street': False, 'validated': False, 'lot': False, 'valet': False}"", 'HasTV': 'None', 'RestaurantsAttire': ""u'casual'"", 'BusinessAcceptsCreditCards': 'True', 'RestaurantsGoodForGroups': 'True', 'Ambience': ""{'touristy': False, 'hipster': False, 'romantic': False, 'divey': False, 'intimate': False, 'trendy': False, 'upscale': False, 'classy': False, 'casual': False}"", 'NoiseLevel': 'None', 'GoodForKids': 'True', 'OutdoorSeating': 'False'}","Restaurants, Pizza",
A2Sa7mc1cNNrwxLJxCxphw,Green Valley Decorative Rock,2341 W Wetmore Rd,Tucson,AZ,85705,32.2866641,-111.0175862,3.5,12,1,"{'BusinessAcceptsCreditCards': 'True', 'ByAppointmentOnly': 'False'}","Building Supplies, Home Services, Landscaping, Home Decor, Shopping, Home & Garden","{'Monday': '7:0-16:0', 'Tuesday': '7:0-16:0', 'Wednesday': '7:0-16:0', 'Thursday': '7:0-16:0', 'Friday': '7:0-16:0', 'Saturday': '7:0-13:0'}"
OkguWi_yMeeEYUVXXyaHOg,Quality Ornamental Iron,,Tucson,AZ,85713,32.1922127,-110.9923904,4.5,14,1,"{'BusinessAcceptsCreditCards': 'True', 'ByAppointmentOnly': 'True', 'BusinessAcceptsBitcoin': 'False'}","Local Services, Contractors, Home Services, Fences & Gates, Metal Fabricators","{'Monday': '4:30-17:0', 'Tuesday': '4:30-17:0', 'Wednesday': '4:30-17:0', 'Thursday': '4:30-17:0', 'Friday': '4:30-17:0', 'Saturday': '4:30-17:0'}"
jULv8yx-pqzuVDVJLV438w,Truly Nolen Pest & Termite Control,3636 E Speedway Blvd,Tucson,AZ,85716,32.2357505811,-110.9152491435,4.5,30,1,"{'BusinessAcceptsCreditCards': 'True', 'ByAppointmentOnly': 'True'}","Local Services, Pest Control, Home Services","{'Monday': '0:0-0:0', 'Tuesday': '4:0-20:0', 'Wednesday': '4:0-20:0', 'Thursday': '4:0-20:0', 'Friday': '4:0-20:0', 'Saturday': '5:0-18:0', 'Sunday': '5:0-18:0'}"
rX4pmubWdgrKEG794iwbWA,Northwest Allied Physicians,4001 E Sunrise Dr,Tucson,AZ,85718,32.3098481,-110.9079133,2.0,8,1,"{'ByAppointmentOnly': 'True', 'BusinessAcceptsCreditCards': 'True', 'AcceptsInsurance': 'True'}","Health & Medical, Medical Centers","{'Monday': '8:0-16:0', 'Tuesday': '8:0-16:0', 'Wednesday': '8:0-16:0', 'Thursday': '8:0-16:0', 'Saturday': '8:0-12:0'}"
Y3ZCO17N1_T_Ms1JmswwzA,Taqueria Pico De Gallo,2618 S 6th Ave,Tucson,AZ,85713,32.1920174772,-110.968540052,4.0,397,1,"{'RestaurantsGoodForGroups': 'True', 'Caters': 'False', 'BusinessParking': ""{'garage': False, 'street': False, 'validated': False, 'lot': True, 'valet': False}"", 'GoodForKids': 'True', 'RestaurantsPriceRange2': '1', 'BikeParking': 'True', 'RestaurantsAttire': ""'casual'"", 'Alcohol': ""u'none'"", 'RestaurantsReservations': 'False', 'WiFi': ""u'no'"", 'RestaurantsTakeOut': 'True', 'NoiseLevel': ""u'average'"", 'BusinessAcceptsCreditCards': 'True', 'Ambience': ""{'touristy': False, 'hipster': False, 'romantic': False, 'divey': True, 'intimate': False, 'trendy': False, 'upscale': False, 'classy': False, 'casual': True}"", 'DogsAllowed': 'False', 'GoodForMeal': ""{'dessert': False, 'latenight': False, 'lunch': True, 'dinner': None, 'brunch': False, 'breakfast': False}"", 'HasTV': 'True', 'RestaurantsTableService': 'False', 'OutdoorSeating': 'True', 'RestaurantsDelivery': 'True', 'BYOB': 'True', 'HappyHour': 'True', 'WheelchairAccessible': 'True', 'Corkage': 'False'}","Mexican, Restaurants","{'Monday': '9:0-21:0', 'Tuesday': '9:0-21:0', 'Wednesday': '9:0-21:0', 'Thursday': '9:0-21:0', 'Friday': '9:0-21:0', 'Saturday': '9:0-21:0', 'Sunday': '9:0-21:0'}"
gkh6xzmRJvEjVV63LffsRQ,Valentine Plumbing,,Tucson,AZ,85716,32.2479302,-110.9208593,4.5,8,1,{'BusinessAcceptsCreditCards': 'True'},"Plumbing, Water Heater Installation/Repair, Home Services","{'Monday': '8:0-17:0', 'Tuesday': '8:0-17:0', 'Wednesday': '8:0-17:0', 'Thursday': '8:0-17:0', 'Friday': '8:0-17:0'}"
s5tg9sBfO3FhJyvivXe15A,Bank of Tucson,6400 N Oracle Rd,Tucson,AZ,85704,32.3232104,-110.9742745,2.5,7,0,,"Banks & Credit Unions, Financial Services","{'Monday': '9:0-16:0', 'Tuesday': '9:0-16:0', 'Wednesday': '9:0-16:0', 'Thursday': '9:0-16:0', 'Friday': '9:0-16:0'}"
lhsQkb5nhf-Kd5OvgB9MNg,Sachiko Sushi,3210 E Valencia Rd,Tucson,AZ,85706,32.1336786,-110.9234427,3.5,191,1,"{'RestaurantsPriceRange2': '2', 'BusinessAcceptsCreditCards': 'True', 'RestaurantsTakeOut': 'True', 'HasTV': 'True', 'RestaurantsGoodForGroups': 'True', 'RestaurantsReservations': 'True', 'OutdoorSeating': 'False', 'GoodForKids': 'True', 'RestaurantsAttire': ""u'casual'"", 'BusinessParking': ""{'garage': False, 'street': False, 'validated': False, 'lot': True, 'valet': False}"", 'NoiseLevel': ""'average'"", 'Ambience': ""{'romantic': False, 'intimate': False, 'touristy': False, 'hipster': False, 'divey': False, 'classy': False, 'trendy': False, 'upscale': False, 'casual': True}"", 'WiFi': ""u'free'"", 'Alcohol': ""u'full_bar'"", 'GoodForMeal': ""{'dessert': None, 'latenight': False, 'lunch': True, 'dinner': True, 'brunch': False, 'breakfast': False}"", 'Caters': 'False', 'BikeParking': 'True', 'RestaurantsDelivery': 'True', 'DogsAllowed': 'False'}","Japanese, Restaurants, Sushi Bars","{'Monday': '11:0-20:0', 'Tuesday': '11:0-20:0', 'Wednesday': '11:0-20:0', 'Thursday': '11:0-20:0', 'Friday': '11:0-20:45', 'Saturday': '12:0-20:0', 'Sunday': '16:0-20:0'}"
FZFPZehgAPVHart6C9U3Og,legacy tattoo,"4500 N Oracle Rd, Ste 337B",Tucson,AZ,85705,32.2885001,-110.9741348,4.0,6,1,,"Tattoo, Beauty & Spas","{'Monday': '10:0-21:0', 'Tuesday': '10:0-21:0', 'Wednesday': '10:0-21:0', 'Thursday': '10:0-21:0', 'Friday': '10:0-21:0', 'Saturday': '10:0-21:0', 'Sunday': '12:0-18:0'}"
__yJPcT-C68DuQ4dHdsrmg,Dentistry on 1st,4801 N 1st Ave,Tucson,AZ,85718,32.2941295058,-110.9616443264,2.5,20,1,"{'ByAppointmentOnly': 'True', 'BusinessAcceptsCreditCards': 'True'}","Dentists, Cosmetic Dentists, Health & Medical, Endodontists, General Dentistry","{'Monday': '7:0-17:0', 'Tuesday': '7:0-17:0', 'Wednesday': '7:0-17:0', 'Thursday': '7:0-17:0', 'Friday': '7:0-17:0'}"
SLWuzdFqnoaGgd6iLBrjLw,Tony's Auto Glass,417 W Irvington Rd,Tucson,AZ,85714,32.1628474,-110.9749498,4.5,20,1,"{'ByAppointmentOnly': 'False', 'BusinessAcceptsCreditCards': 'True', 'WiFi': ""u'free'""}","Home Services, Auto Glass Services, Automotive, Glass & Mirrors","{'Monday': '0:0-0:0', 'Tuesday': '8:30-17:0', 'Wednesday': '8:30-17:0', 'Thursday': '8:30-17:0', 'Friday': '8:30-17:0', 'Saturday': '8:30-13:0'}"
sM87il-TCWiluWs2StLHMw,The Sunny Plumber,"2551 N Dragoon St, Ste 157",Tucson,AZ,85745,32.1701178,-110.9476831,3.5,27,1,"{'BusinessAcceptsCreditCards': 'True', 'ByAppointmentOnly': 'True'}","Water Heater Installation/Repair, Local Services, Plumbing, Home Services, Septic Services","{'Monday': '7:0-0:0', 'Tuesday': '7:0-0:0', 'Wednesday': '7:0-0:0', 'Thursday': '7:0-0:0', 'Friday': '7:0-0:0', 'Saturday': '7:0-0:0', 'Sunday': '7:0-0:0'}"
t9npAFkpQelllEo27aRt1Q,Urological Associates of Southern Arizona PC,2260 W Orange Grove Rd,Tucson,AZ,85741,32.3238345,-111.0150705,2.0,6,1,{'ByAppointmentOnly': 'True'},"Health & Medical, Doctors",
MkvSTv2Y-M_TihbmW6_Mog,Principal Rental Homes,"6700 N Oracle Rd, Ste 503",Tucson,AZ,85704,32.3289057722,-110.9758518264,1.5,7,1,,"Property Management, Real Estate, Real Estate Services, Real Estate Agents, Home Services",
pHVwNKCJKnKJ2gHRwYli1Q,Volare Helicopters,9698 W Tucson-Ajo Hwy,Tucson,AZ,85735,32.136253686,-111.1698268333,5.0,8,1,"{'BusinessAcceptsBitcoin': 'False', 'BusinessAcceptsCreditCards': 'True', 'WiFi': ""u'free'""}","Hotels & Travel, Tours, Real Estate Services, Flight Instruction, Real Estate, Home Services, Specialty Schools, Event Planning & Services, Education, Photographers, Aerial Tours, Real Estate Photography","{'Thursday': '9:0-17:0', 'Friday': '9:0-17:0', 'Saturday': '9:0-17:0', 'Sunday': '9:0-17:0'}"
1RVzvMS3Xjdfe-eUznJQdw,Excel Movers,,Tucson,AZ,85711,32.2107257,-110.8850949,4.0,22,1,"{'BusinessAcceptsCreditCards': 'True', 'BusinessAcceptsBitcoin': 'False', 'ByAppointmentOnly': 'False'}","Movers, Home Services","{'Monday': '7:0-19:0', 'Tuesday': '7:0-19:0', 'Wednesday': '7:0-19:0', 'Thursday': '7:0-19:0', 'Friday': '7:0-19:0', 'Saturday': '7:0-19:0'}"
temwBYz_1W4ug3KKosu-cw,Famous Footwear,6230 E Broadway Boulevard,Tucson,AZ,85711,32.2209854126,-110.8586273193,3.5,6,1,"{'RestaurantsPriceRange2': '2', 'BusinessParking': ""{'garage': False, 'street': False, 'validated': False, 'lot': True, 'valet': False}"", 'BikeParking': 'False', 'BusinessAcceptsCreditCards': 'True'}","Shoe Stores, Fashion, Shopping, Accessories, Sports Wear, Sporting Goods","{'Monday': '0:0-0:0', 'Tuesday': '10:0-18:0', 'Wednesday': '10:0-18:0', 'Thursday': '10:0-18:0', 'Friday': '10:0-18:0', 'Saturday': '10:0-18:0', 'Sunday': '12:0-18:0'}"
Xd9erl9SNNedkVP-23U4-w,Adventure School,5757 E Pima St,Tucson,AZ,85712,32.2436577,-110.8692155,2.5,7,1,{'BusinessAcceptsCreditCards': 'True'},"Child Care & Day Care, Education, Local Services, Preschools, Elementary Schools",
V7AcrIBcBiGT6l5_tub_Jw,Spirit Salon & Day Spa And Mobile,2567 N Campbell Ave,Tucson,AZ,85719,32.2536406,-110.9443591,4.0,25,0,"{'RestaurantsPriceRange2': '2', 'BusinessParking': ""{'garage': False, 'street': False, 'validated': False, 'lot': True, 'valet': False}"", 'BusinessAcceptsCreditCards': 'True', 'ByAppointmentOnly': 'True', 'BikeParking': 'True', 'GoodForKids': 'False'}","Eyelash Service, Beauty & Spas, Day Spas, Hair Salons","{'Tuesday': '9:0-19:0', 'Wednesday': '9:0-18:0', 'Thursday': '9:0-19:0', 'Friday': '9:0-18:0', 'Saturday': '9:0-17:0'}"
g2vLirrM0mh-dlU-8wF0JQ,D&H Air Conditioning & Heating,3990 S Evans Blvd,Tucson,AZ,85714,32.1757351,-110.9522004,3.0,63,1,"{'BusinessAcceptsCreditCards': 'True', 'ByAppointmentOnly': 'True'}","Heating & Air Conditioning/HVAC, Contractors, Water Heater Installation/Repair, Appliances & Repair, Home Services, Local Services, Air Duct Cleaning","{'Monday': '0:0-0:0', 'Tuesday': '0:0-0:0', 'Wednesday': '0:0-0:0', 'Thursday': '0:0-0:0', 'Friday': '0:0-0:0', 'Saturday': '0:0-0:0', 'Sunday': '0:0-0:0'}"
_9llyHSLPAGEHAcvTWt57Q,Lara’s Cleaning Services,,Tucson,AZ,85706,32.1485656,-110.9625854,5.0,8,1,"{'BusinessAcceptsBitcoin': 'False', 'BusinessAcceptsCreditCards': 'True'}","Home Cleaning, Home Services","{'Monday': '0:0-0:0', 'Tuesday': '9:0-17:0', 'Wednesday': '9:0-15:0', 'Thursday': '9:0-17:0', 'Friday': '9:0-15:0'}"
bc3K8KvLkLNu_XU3RkeeeA,LeBuzz Caffe,"2930 N Swan Rd, Ste 127",Tucson,AZ,85712,32.260933,-110.891826,4.0,33,1,"{'WiFi': ""u'free'"", 'OutdoorSeating': 'True', 'BusinessParking': ""{'garage': False, 'street': False, 'validated': False, 'lot': True, 'valet': False}"", 'RestaurantsTakeOut': 'True'}","Breakfast & Brunch, Restaurants, Salad, Sandwiches, Coffee & Tea, Food","{'Monday': '6:0-14:0', 'Tuesday': '6:0-14:0', 'Wednesday': '6:0-14:0', 'Thursday': '6:0-14:0', 'Friday': '6:0-14:0', 'Saturday': '6:0-14:0', 'Sunday': '6:0-14:0'}"
UOWXGW5j1BV-iiqtbBS6jQ,Abe's Place,1628 East 6th St,Tucson,AZ,85719,32.2275426,-110.9473193,5.0,20,0,"{'BusinessAcceptsCreditCards': 'True', 'HappyHour': 'False', 'HasTV': 'True', 'RestaurantsTableService': 'False', 'WheelchairAccessible': 'True', 'OutdoorSeating': 'False', 'Alcohol': ""u'none'"", 'WiFi': ""u'free'"", 'BikeParking': 'True', 'RestaurantsDelivery': 'True', 'RestaurantsTakeOut': 'True', 'Caters': 'True', 'RestaurantsReservations': 'False'}","Salad, Restaurants, Vegetarian, Middle Eastern, Sandwiches, Mediterranean","{'Monday': '11:30-20:0', 'Tuesday': '11:30-20:0', 'Wednesday': '11:30-20:0', 'Thursday': '11:30-20:0', 'Friday': '11:30-20:0'}"
a0X8BAm9-HhecZBoTElF0A,Goodness Juice Bar & Fresh Food,1011 N Tyndall Ave,Tucson,AZ,85719,32.2341384615,-110.9581329595,3.5,7,0,"{'RestaurantsGoodForGroups': 'True', 'BusinessAcceptsCreditCards': 'True', 'RestaurantsDelivery': 'False', 'GoodForKids': 'True', 'RestaurantsTakeOut': 'True', 'RestaurantsReservations': 'False', 'RestaurantsPriceRange2': '1', 'BikeParking': 'True', 'OutdoorSeating': 'True', 'HasTV': 'True', 'RestaurantsAttire': ""'casual'"", 'GoodForMeal': ""{'dessert': False, 'latenight': False, 'lunch': False, 'dinner': False, 'brunch': False, 'breakfast': False}"", 'Ambience': ""{'romantic': False, 'intimate': False, 'classy': False, 'hipster': False, 'divey': False, 'touristy': False, 'trendy': False, 'upscale': False, 'casual': False}""}","Restaurants, Food, Salad, Sandwiches, Juice Bars & Smoothies","{'Monday': '9:0-17:0', 'Tuesday': '9:0-17:0', 'Wednesday': '9:0-17:0', 'Thursday': '9:0-17:0', 'Friday': '9:0-17:0', 'Saturday': '9:0-17:0', 'Sunday': '9:0-17:0'}"
X6LG3spqmxFeYXyjNBh7iQ,J & J Superior Garage Door Service,,Tucson,AZ,85747,32.1114393,-110.7360863,4.5,8,1,"{'ByAppointmentOnly': 'False', 'BusinessAcceptsCreditCards': 'True'}","Home Services, Garage Door Services","{'Monday': '6:0-21:0', 'Tuesday': '6:0-21:0', 'Wednesday': '6:0-21:0', 'Thursday': '6:0-21:0', 'Friday': '6:0-21:0', 'Saturday': '6:0-21:0', 'Sunday': '7:0-13:0'}"
Q28TlneXws1shf8ymTdxtg,Funland Raspados And Munchies,"2100 W Grant Rd, Ste 110",Tucson,AZ,85745,32.2511453516,-111.0123500904,4.5,6,1,,"Restaurants, Shaved Ice, Burgers, Juice Bars & Smoothies, Desserts, Food","{'Monday': '10:0-22:0', 'Tuesday': '10:0-22:0', 'Wednesday': '10:0-22:0', 'Thursday': '10:0-22:0', 'Friday': '10:0-22:0', 'Saturday': '10:0-22:0', 'Sunday': '10:0-22:0'}"
cKkxqm_FzbTYHbYm49hJpQ,La Placita Village Parking Garage,211 S Church Ave,Tucson,AZ,85701,32.2200967,-110.9716825,1.0,6,1,,"Automotive, Parking",
8jAX9NCL-JGh9WNJcTvXZg,Eastside Discount Muffler,1545 S Craycroft Rd,Tucson,AZ,85711,32.2028210247,-110.8747026908,4.0,6,1,"{'BusinessAcceptsCreditCards': 'True', 'ByAppointmentOnly': 'False'}","Auto Repair, Automotive","{'Monday': '9:0-17:0', 'Tuesday': '9:0-17:0', 'Wednesday': '9:0-17:0', 'Thursday': '9:0-17:0', 'Friday': '9:0-17:0'}"
XyGRDrgCK0z4CiA6nhwEaw,Persian Room Fine Dining,"9290 N Thornydale Rd, Ste 100",Tucson,AZ,85742,32.3750163,-111.0463201,4.5,258,1,"{'Alcohol': ""'full_bar'"", 'GoodForMeal': ""{'dessert': True, 'latenight': None, 'lunch': True, 'dinner': True, 'brunch': None, 'breakfast': None}"", 'Caters': 'True', 'OutdoorSeating': 'False', 'WiFi': ""'no'"", 'RestaurantsReservations': 'True', 'BusinessParking': ""{'garage': None, 'street': False, 'validated': False, 'lot': True, 'valet': False}"", 'BusinessAcceptsCreditCards': 'True', 'NoiseLevel': ""'quiet'"", 'HasTV': 'True', 'RestaurantsTakeOut': 'True', 'RestaurantsGoodForGroups': 'True', 'RestaurantsPriceRange2': '2', 'RestaurantsTableService': 'True', 'HappyHour': 'True', 'DogsAllowed': 'False', 'Ambience': ""{'touristy': False, 'hipster': False, 'romantic': True, 'divey': False, 'intimate': True, 'trendy': True, 'upscale': True, 'classy': True, 'casual': False}"", 'RestaurantsAttire': ""u'casual'"", 'RestaurantsDelivery': 'True', 'GoodForKids': 'True'}","Restaurants, Persian/Iranian, Mediterranean","{'Monday': '11:0-21:30', 'Tuesday': '11:0-21:30', 'Wednesday': '11:0-21:30', 'Thursday': '11:0-21:30', 'Friday': '11:0-22:30', 'Saturday': '11:0-22:30', 'Sunday': '11:0-21:30'}"
aIc2fDKD3MxfyGTEsqpXig,JumpMaxx,7430 E 29th St,Tucson,AZ,85710,32.200184899999996,-110.8332661,2.5,16,1,{'GoodForKids': 'False'},"Party Equipment Rentals, Party Supplies, Event Planning & Services, Active Life, Playgrounds",
-3-6BB10tIWNKGEF0Es2BA,The 81 Hong Kong Cafe,"625 E Wetmore Rd, Ste 109",Tucson,AZ,85705,32.2885403,-110.9631443,4.0,133,1,"{'Alcohol': ""u'none'"", 'DogsAllowed': 'False', 'BusinessAcceptsCreditCards': 'True', 'RestaurantsPriceRange2': '2', 'WiFi': ""u'free'"", 'RestaurantsTableService': 'True', 'BYOB': 'False', 'Corkage': 'True', 'WheelchairAccessible': 'True', 'HasTV': 'True', 'Caters': 'True', 'BusinessParking': ""{u'valet': False, u'garage': False, u'street': True, u'lot': True, u'validated': True}"", 'RestaurantsDelivery': 'True', 'RestaurantsReservations': 'True', 'BikeParking': 'False', 'OutdoorSeating': 'False', 'RestaurantsTakeOut': 'True'}","Coffee & Tea, Asian Fusion, Food, Bubble Tea, Hong Kong Style Cafe, Taiwanese, Restaurants, Chinese","{'Monday': '0:0-0:0', 'Wednesday': '10:0-21:0', 'Thursday': '10:0-21:0', 'Friday': '10:0-21:0', 'Saturday': '10:0-21:0', 'Sunday': '10:0-21:0'}"
J1duow_JpO47UuqnrY_LaA,Little Caesars Pizza,1625 W Valencia Suite 111,Tucson,AZ,85746,32.1322587,-110.9993545,2.0,10,1,"{'RestaurantsTakeOut': 'True', 'RestaurantsReservations': 'False', 'RestaurantsGoodForGroups': 'False', 'RestaurantsPriceRange2': '1', 'Alcohol': ""u'none'"", 'GoodForMeal': ""{'dessert': False, 'latenight': False, 'lunch': False, 'dinner': False, 'brunch': False, 'breakfast': False}"", 'GoodForKids': 'False', 'RestaurantsAttire': ""'casual'"", 'HasTV': 'True', 'OutdoorSeating': 'False', 'BusinessAcceptsCreditCards': 'True', 'Ambience': ""{'touristy': False, 'hipster': False, 'romantic': False, 'divey': False, 'intimate': False, 'trendy': False, 'upscale': False, 'classy': False, 'casual': False}"", 'RestaurantsDelivery': 'True', 'BusinessParking': ""{'garage': False, 'street': None, 'validated': None, 'lot': None, 'valet': False}""}","Pizza, Restaurants, Fast Food","{'Monday': '10:30-23:0', 'Tuesday': '10:30-23:0', 'Wednesday': '10:30-23:0', 'Thursday': '10:30-23:0', 'Friday': '10:30-0:0', 'Saturday': '10:30-0:0', 'Sunday': '10:30-23:0'}"
mtdW6vnFQdkiD5R5NCGrQQ,Zen Reflexology & Massage Spa,7112 E Broadway Blvd,Tucson,AZ,85710,32.220567,-110.8402663,3.0,24,1,"{'BusinessAcceptsCreditCards': 'True', 'ByAppointmentOnly': 'False', 'AcceptsInsurance': 'False'}","Reflexology, Health & Medical, Beauty & Spas, Massage, Massage Therapy","{'Monday': '10:0-22:0', 'Tuesday': '10:0-22:0', 'Wednesday': '10:0-22:0', 'Thursday': '10:0-22:0', 'Friday': '10:0-22:0', 'Saturday': '10:0-22:0', 'Sunday': '10:0-22:0'}"
R9ZtI-fSkarGx8RqmD-AJg,Carondelet Medical Group - Riverstone,"4892 N Stone Ave, Ste 100",Tucson,AZ,85704,32.2951546,-110.9702987,2.0,5,1,,"Obstetricians & Gynecologists, Doctors, Health & Medical, Family Practice, Cardiologists",
aZyCHVqXnz81fW1_KbFq0w,Saguaro National Park,3693 S Old Spanish Trl,Tucson,AZ,85730,32.180208,-110.7363,4.5,179,1,"{'GoodForKids': 'True', 'BusinessParking': ""{'garage': False, 'street': False, 'validated': False, 'lot': True, 'valet': False}"", 'ByAppointmentOnly': 'False', 'BikeParking': 'True'}","Active Life, Parks","{'Monday': '9:0-17:0', 'Tuesday': '9:0-17:0', 'Wednesday': '9:0-17:0', 'Thursday': '9:0-17:0', 'Friday': '9:0-17:0', 'Saturday': '9:0-17:0', 'Sunday': '9:0-17:0'}"
S3WazoxfO3euuvQUOJRlFA,Subway,"7555 N La Cholla Blvd, Ste 145, Foothills Mall",Tucson,AZ,85741,32.3435651,-111.0132429,3.5,6,1,"{'Alcohol': ""u'none'"", 'RestaurantsDelivery': 'True', 'RestaurantsGoodForGroups': 'True', 'BikeParking': 'False', 'RestaurantsAttire': ""'casual'"", 'HasTV': 'True', 'BusinessAcceptsCreditCards': 'True', 'Caters': 'True', 'RestaurantsReservations': 'False', 'GoodForKids': 'True', 'RestaurantsTakeOut': 'True', 'RestaurantsPriceRange2': '1'}","Restaurants, Fast Food, Sandwiches","{'Monday': '0:0-0:0', 'Wednesday': '9:0-20:0'}"
BIt2HXhYksM4nReEz-a9tA,Big Bad Wolf Food Truck,2760 W Curtis Rd,Tucson,AZ,85705,32.2215499878,-110.9697570801,5.0,12,0,"{'Alcohol': ""u'none'"", 'BusinessAcceptsCreditCards': 'True', 'RestaurantsDelivery': 'False', 'GoodForMeal': ""{'dessert': False, 'latenight': False, 'lunch': True, 'dinner': True, 'brunch': True, 'breakfast': False}"", 'BusinessParking': ""{'garage': False, 'street': True, 'validated': False, 'lot': False, 'valet': False}"", 'BikeParking': 'True', 'RestaurantsTakeOut': 'True', 'RestaurantsPriceRange2': '1', 'BusinessAcceptsBitcoin': 'False', 'Caters': 'True', 'WheelchairAccessible': 'True'}","Food, Food Trucks",
iXAHb5jmm8tmsGlh-DZNzw,Divinity Beauty Bar,5743 E Speedway Blvd,Tucson,AZ,85712,32.236481,-110.869794,3.0,48,1,"{'GoodForKids': 'False', 'BusinessAcceptsCreditCards': 'True', 'BikeParking': 'True', 'RestaurantsPriceRange2': '2', 'ByAppointmentOnly': 'False', 'BusinessParking': ""{'garage': False, 'street': False, 'validated': False, 'lot': True, 'valet': False}"", 'WiFi': ""u'free'"", 'HairSpecializesIn': ""{'straightperms': True, 'coloring': True, 'extensions': True, 'africanamerican': True, 'curly': True, 'kids': True, 'perms': True, 'asian': True}"", 'WheelchairAccessible': 'True'}","Hair Salons, Beauty & Spas, Waxing, Hair Stylists, Hair Removal, Nail Salons","{'Monday': '0:0-0:0', 'Tuesday': '9:0-19:0', 'Wednesday': '9:0-19:0', 'Thursday': '9:0-19:0', 'Friday': '9:0-19:0', 'Saturday': '9:0-19:0'}"
CQEriE-BOvuiafpH1lOFKA,The Animas Center,"5575 E River Rd, Ste 121",Tucson,AZ,85750,32.2750245,-110.8741981,4.0,10,1,"{'BusinessAcceptsCreditCards': 'True', 'GoodForKids': 'True'}","Pilates, Active Life, Yoga, Dance Studios, Fitness & Instruction","{'Monday': '7:30-19:0', 'Tuesday': '8:0-19:30', 'Wednesday': '6:30-19:0', 'Thursday': '8:30-19:30', 'Friday': '7:30-17:30', 'Saturday': '7:0-15:30', 'Sunday': '9:0-12:0'}"
IVcN2mtVN1Yw3ABRB2Cx0Q,Big Dave's Towing & Roadside Service,3355 E Michigan,Tucson,AZ,85714,32.170951,-110.92098,2.5,6,1,,"Auto Repair, Automotive, Roadside Assistance, Towing","{'Monday': '8:0-17:0', 'Tuesday': '8:0-17:0', 'Wednesday': '8:0-17:0', 'Thursday': '8:0-17:0', 'Friday': '8:0-17:0', 'Saturday': '8:0-17:0', 'Sunday': '8:0-17:0'}"
gD2_HqjOwttxj0S4v_v60Q,University of Arizona Campus Recreation Center,1400 E 6th St,Tucson,AZ,85719,32.227124,-110.950217,4.0,21,1,"{'GoodForKids': 'False', 'ByAppointmentOnly': 'False', 'BikeParking': 'True', 'BusinessAcceptsCreditCards': 'True', 'BusinessParking': ""{'garage': True, 'street': True, 'validated': False, 'lot': False, 'valet': False}""}","Recreation Centers, Trainers, Active Life, Gyms, Fitness & Instruction","{'Monday': '6:0-0:0', 'Tuesday': '6:0-0:0', 'Wednesday': '6:0-0:0', 'Thursday': '6:0-0:0', 'Friday': '6:0-0:0', 'Saturday': '8:0-0:0', 'Sunday': '8:0-0:0'}"
B396XQS2ZWZYWKUz6L9CkQ,InJoy Thrift Stores,250 N Pantano Rd,Tucson,AZ,85710,32.2234312404,-110.8229296466,3.0,26,1,"{'RestaurantsPriceRange2': '1', 'BusinessParking': ""{'garage': False, 'street': False, 'validated': False, 'lot': False, 'valet': False}"", 'BikeParking': 'True', 'WheelchairAccessible': 'True', 'BusinessAcceptsCreditCards': 'True'}","Thrift Stores, Shopping","{'Monday': '9:0-18:0', 'Tuesday': '9:0-18:0', 'Wednesday': '9:0-18:0', 'Thursday': '9:0-18:0', 'Friday': '9:0-18:0', 'Saturday': '9:0-18:0', 'Sunday': '12:0-18:0'}"
wT554pEJdyp1fWpkG48dQw,Anytime Locksmith,,Tucson,AZ,85747,32.0949708277,-110.7653748855,5.0,14,1,"{'BusinessAcceptsCreditCards': 'True', 'ByAppointmentOnly': 'False', 'BusinessAcceptsBitcoin': 'False'}","Automotive, Home Services, Keys & Locksmiths","{'Monday': '0:0-0:0', 'Tuesday': '0:0-0:0', 'Wednesday': '0:0-0:0', 'Thursday': '0:0-0:0', 'Friday': '0:0-0:0', 'Saturday': '0:0-0:0', 'Sunday': '0:0-0:0'}"
CSyGosp_Mxe3FK9bdZL7Yw,Steam Smart Pro,"7239 N Camino De Oeste, Ste B",Tucson,AZ,85741,32.3381714,-111.0631321,4.0,33,1,"{'BusinessAcceptsCreditCards': 'True', 'BusinessAcceptsBitcoin': 'False', 'ByAppointmentOnly': 'True'}","Home Cleaning, Air Duct Cleaning, Heating & Air Conditioning/HVAC, Refinishing Services, Shopping, Local Services, Tiling, Pet Services, Pets, Furniture Reupholstery, Carpet Cleaning, Home Services, Home & Garden, Damage Restoration","{'Monday': '0:0-0:0', 'Tuesday': '7:0-19:0', 'Wednesday': '7:0-19:0', 'Thursday': '7:0-19:0', 'Friday': '7:0-19:0', 'Saturday': '7:0-19:0', 'Sunday': '7:0-19:0'}"
SzMalBqTTdV2IvvD6M95rQ,Wild West Courier,,Tucson,AZ,85752,32.3506789,-111.0469521,5.0,5,1,"{'BusinessAcceptsCreditCards': 'True', 'BusinessAcceptsBitcoin': 'False', 'RestaurantsTakeOut': 'False', 'ByAppointmentOnly': 'False'}","Couriers & Delivery Services, Local Services, Food, Food Delivery Services","{'Monday': '0:0-0:0', 'Tuesday': '0:0-0:0', 'Wednesday': '0:0-0:0', 'Thursday': '0:0-0:0', 'Friday': '0:0-0:0', 'Saturday': '0:0-0:0', 'Sunday': '0:0-0:0'}"
iH0LeTf7RTlU4mD5d7fo1Q,Falconworks' Land Rover & Jaguar Repair,5603 S Palo Verde Rd,Tucson,AZ,85706,32.1498347,-110.9172502,2.5,7,1,{'BusinessAcceptsCreditCards': 'True'},"Automotive, Auto Parts & Supplies, Auto Repair","{'Monday': '9:0-17:0', 'Tuesday': '9:0-17:0', 'Wednesday': '9:0-17:0', 'Thursday': '9:0-17:0', 'Friday': '9:0-17:0'}"
uMbeb4sQLjqm2rlx3Kss2g,University Pet Clinic,1506 N Tucson Blvd,Tucson,AZ,85716,32.2413127,-110.9350396,4.0,60,1,"{'ByAppointmentOnly': 'True', 'BusinessAcceptsCreditCards': 'False'}","Pets, Veterinarians, Pet Services","{'Monday': '0:0-0:0', 'Tuesday': '7:0-20:0', 'Wednesday': '7:0-20:0', 'Thursday': '7:0-20:0', 'Friday': '7:0-16:0', 'Saturday': '8:0-16:0'}"
4grfwtBDji5tZ7AxYCXCzQ,Diamond Lil's Vintage & Gifts,"2201 E River Rd, Ste 2",Tucson,AZ,85718,32.2870182,-110.9384158,5.0,8,1,"{'RestaurantsPriceRange2': '2', 'BikeParking': 'True', 'BusinessAcceptsCreditCards': 'False', 'BusinessParking': ""{'garage': False, 'street': False, 'validated': False, 'lot': True, 'valet': False}""}","Local Flavor, Shopping, Used, Vintage & Consignment, Fashion","{'Wednesday': '15:0-21:0', 'Thursday': '15:0-21:0', 'Friday': '15:0-21:0', 'Saturday': '15:0-21:0', 'Sunday': '15:0-21:0'}"
hHP60v3JnRSg8vPnhdVB5w,Radiology Limited,5840 N La Cholla Blvd,Tucson,AZ,85741,32.312606,-111.0115311,3.5,11,1,"{'ByAppointmentOnly': 'False', 'AcceptsInsurance': 'True', 'BusinessAcceptsCreditCards': 'True'}","Doctors, Health & Medical, Radiologists",
U9tD1uasn-YuXQaqf0E1fQ,Clear View Vision Care,2233 E Speedway Blvd,Tucson,AZ,85719,32.2363924625,-110.9384608269,3.0,8,1,"{'BusinessParking': ""{'garage': False, 'street': False, 'validated': False, 'lot': False, 'valet': False}"", 'AcceptsInsurance': 'True', 'BusinessAcceptsCreditCards': 'True', 'RestaurantsPriceRange2': '2'}","Optometrists, Shopping, Laser Eye Surgery/Lasik, Health & Medical, Eyewear & Opticians","{'Monday': '8:0-17:15', 'Tuesday': '8:0-17:15', 'Wednesday': '8:0-17:15', 'Thursday': '8:0-17:15'}"
SnLLxr-yA_4pNshdem3UYg,Pima County Adult Detention Complex,1270 W Silverlake Rd,Tucson,AZ,85713,32.2007248925,-110.9913976196,2.0,5,1,,"Jails & Prisons, Public Services & Government",
jrvTLSMVZrEQt6zBLEb53g,Ability Center,"4720 N La Cholla Blvd, Ste 150",Tucson,AZ,85705,32.2927548879,-111.0104364034,5.0,5,1,"{'BusinessParking': ""{'garage': False, 'street': False, 'validated': False, 'lot': True, 'valet': False}"", 'BusinessAcceptsCreditCards': 'True'}","Mobility Equipment Sales & Services, Automotive, Shopping, Auto Repair, Medical Supplies","{'Monday': '0:0-0:0', 'Tuesday': '8:0-17:0', 'Wednesday': '8:0-17:0', 'Thursday': '8:0-17:0', 'Friday': '8:0-17:0'}"
k99AF2JQUj8rbpBR-33lGA,Cabana Boy Pool Works,9265 N Spotted Corn Pl,Tucson,AZ,85742,32.3940368957,-111.0596798138,2.5,8,1,"{'BusinessAcceptsCreditCards': 'True', 'BikeParking': 'False'}","Masonry/Concrete, Home Services, Pool Cleaners, Swimming Pools, Contractors, Active Life, Pool & Hot Tub Service, Decks & Railing","{'Monday': '9:0-17:0', 'Tuesday': '9:0-17:0', 'Wednesday': '9:0-17:0', 'Thursday': '9:0-17:0', 'Friday': '9:0-17:0'}"
PsHzOS-Jao5CpRl5LKfvIg,Fair Wheel Bikes,1110 E 6th St,Tucson,AZ,85719,32.2276142,-110.9543986,4.0,90,1,"{'BusinessAcceptsCreditCards': 'True', 'GoodForKids': 'True', 'BikeParking': 'True', 'BusinessParking': ""{'garage': False, 'street': False, 'validated': False, 'lot': True, 'valet': False}"", 'RestaurantsPriceRange2': '3', 'ByAppointmentOnly': 'False'}","Bikes, Sporting Goods, Active Life, Bike Rentals, Shopping","{'Monday': '9:0-18:0', 'Tuesday': '9:0-18:0', 'Wednesday': '9:0-18:0', 'Thursday': '9:0-18:0', 'Friday': '9:0-18:0', 'Saturday': '9:0-17:0'}"
owcK-gN5c0JXH3X8cBj5YQ,Peach Properties,"44 E Broadway Blvd, Ste 300",Tucson,AZ,85701,32.2208097,-110.9702678,2.0,20,1,"{'BusinessAcceptsCreditCards': 'True', 'ByAppointmentOnly': 'False'}","Real Estate, Home Services, Property Management","{'Monday': '13:0-16:0', 'Tuesday': '13:0-16:0', 'Wednesday': '13:0-16:0', 'Thursday': '13:0-16:0', 'Friday': '13:0-16:0'}"
t03mAErURyb_wsZuy7lo5Q,St. Philip’s Plaza,4280 N Campbell Ave,Tucson,AZ,85718,32.285634,-110.94289,4.5,19,1,"{'BusinessAcceptsCreditCards': 'True', 'BikeParking': 'True', 'RestaurantsPriceRange2': '3', 'BusinessParking': ""{'garage': False, 'street': False, 'validated': False, 'lot': False, 'valet': False}""}","Shopping, Restaurants, Shopping Centers, Nightlife","{'Monday': '10:0-18:0', 'Tuesday': '10:0-18:0', 'Wednesday': '10:0-18:0', 'Thursday': '10:0-18:0', 'Friday': '10:0-18:0', 'Saturday': '8:0-17:0', 'Sunday': '8:0-17:0'}"
UCMSWPqzXjd7QHq7v8PJjQ,Prep & Pastry,2660 N Campbell Ave,Tucson,AZ,85719,32.25552801,-110.94349236,4.5,2126,1,"{'Alcohol': ""u'full_bar'"", 'BikeParking': 'True', 'RestaurantsTableService': 'True', 'NoiseLevel': ""u'average'"", 'HasTV': 'False', 'BusinessAcceptsCreditCards': 'True', 'BusinessParking': ""{'garage': False, 'street': True, 'validated': False, 'lot': True, 'valet': False}"", 'GoodForKids': 'True', 'RestaurantsAttire': ""u'casual'"", 'OutdoorSeating': 'True', 'RestaurantsGoodForGroups': 'True', 'Caters': 'False', 'WiFi': ""u'free'"", 'RestaurantsPriceRange2': '2', 'RestaurantsReservations': 'False', 'DogsAllowed': 'True', 'RestaurantsTakeOut': 'True', 'BestNights': ""{'monday': False, 'tuesday': False, 'friday': False, 'wednesday': False, 'thursday': False, 'sunday': False, 'saturday': False}"", 'Ambience': ""{'touristy': False, 'hipster': False, 'romantic': False, 'divey': False, 'intimate': False, 'trendy': False, 'upscale': False, 'classy': True, 'casual': True}"", 'GoodForDancing': 'False', 'CoatCheck': 'False', 'BusinessAcceptsBitcoin': 'False', 'RestaurantsDelivery': 'True', 'WheelchairAccessible': 'True', 'Smoking': ""u'no'"", 'HappyHour': 'False', 'Music': ""{u'dj': False, u'live': False, u'jukebox': False, u'video': False, u'background_music': False, u'karaoke': False, u'no_music': False}"", 'ByAppointmentOnly': 'False', 'BYOB': 'False', 'GoodForMeal': ""{'dessert': False, 'latenight': False, 'lunch': None, 'dinner': False, 'brunch': True, 'breakfast': True}""}","Restaurants, Cocktail Bars, Bars, Comfort Food, American (New), Sandwiches, Nightlife, Breakfast & Brunch","{'Monday': '0:0-0:0', 'Tuesday': '7:0-15:0', 'Wednesday': '7:0-15:0', 'Thursday': '7:0-15:0', 'Friday': '7:0-15:0', 'Saturday': '7:0-15:0', 'Sunday': '7:0-15:0'}"
69n1_ESkWS_PjaVBT55uHQ,SlideRight of Tucson,,Tucson,AZ,85741,32.3312255,-111.0341183,5.0,12,1,"{'BusinessAcceptsCreditCards': 'True', 'BusinessAcceptsBitcoin': 'False', 'ByAppointmentOnly': 'True'}","Door Sales/Installation, Home Services","{'Monday': '0:0-0:0', 'Tuesday': '9:0-17:0', 'Wednesday': '9:0-17:0', 'Thursday': '9:0-17:0', 'Friday': '9:0-17:0'}"
8HA0FczzYJSHA6mj25-5-Q,Evergreen Mortuary Cemetery & Crematory,3015 N Oracle Rd,Tucson,AZ,85705,32.26391,-110.981415,4.5,12,1,"{'BusinessAcceptsCreditCards': 'True', 'ByAppointmentOnly': 'False', 'BusinessAcceptsBitcoin': 'False'}","Local Services, Funeral Services & Cemeteries","{'Monday': '8:0-17:0', 'Tuesday': '8:0-17:0', 'Wednesday': '8:0-17:0', 'Thursday': '8:0-17:0', 'Friday': '8:0-16:0', 'Saturday': '8:0-16:0'}"
_8c3ykQczPF77-qaOSks1Q,Zano Cars,2005 S Alvernon Way,Tucson,AZ,85711,32.1991242,-110.909044,2.5,10,1,{'BusinessAcceptsCreditCards': 'True'},"Automotive, Car Dealers, Auto Repair","{'Monday': '9:0-18:0', 'Tuesday': '9:0-18:0', 'Wednesday': '9:0-18:0', 'Thursday': '9:0-18:0', 'Friday': '9:0-18:0', 'Saturday': '9:0-18:0'}"
Q-bOKC8ugrwoytTYRPSGRw,Quebedeaux Buick GMC - Service Department,3566 E Speedway Blvd,Tucson,AZ,85716,32.2353896,-110.9164819,2.5,11,1,{'BusinessAcceptsCreditCards': 'True'},"Auto Repair, Automotive","{'Monday': '7:30-18:0', 'Tuesday': '7:30-18:0', 'Wednesday': '7:30-18:0', 'Thursday': '7:30-18:0', 'Friday': '7:30-18:0', 'Saturday': '7:30-17:0'}"
401JuPDLoSMUewuzG40csw,HonorHealth | FastMed Urgent Care,5594 E 22nd St,Tucson,AZ,85711,32.2066006,-110.8732431,2.0,25,0,"{'ByAppointmentOnly': 'False', 'BusinessAcceptsCreditCards': 'True', 'AcceptsInsurance': 'True'}","Doctors, Urgent Care, Health & Medical, Medical Centers","{'Monday': '0:0-0:0', 'Tuesday': '9:0-19:0', 'Wednesday': '9:0-19:0', 'Thursday': '9:0-19:0', 'Friday': '9:0-19:0'}"
v5T1Q21TT1_S_aY_G8Mf-g,Mr. Baja Fish,405 E Wetmore Rd,Tucson,AZ,85705,32.2873778,-110.9657056,4.0,69,1,"{'RestaurantsReservations': 'False', 'GoodForKids': 'True', 'RestaurantsAttire': ""'casual'"", 'RestaurantsTakeOut': 'True', 'HasTV': 'True', 'RestaurantsGoodForGroups': 'True', 'RestaurantsDelivery': 'True', 'BikeParking': 'True', 'BusinessParking': ""{'garage': False, 'street': False, 'validated': False, 'lot': True, 'valet': False}"", 'RestaurantsPriceRange2': '1', 'BusinessAcceptsCreditCards': 'True', 'GoodForMeal': ""{u'breakfast': None, u'brunch': None, u'lunch': True, u'dinner': None, u'latenight': None, u'dessert': None}"", 'Ambience': ""{u'divey': False, u'hipster': None, u'casual': True, u'touristy': None, u'trendy': None, u'intimate': None, u'romantic': None, u'classy': None, u'upscale': None}"", 'OutdoorSeating': 'False'}","Seafood, Restaurants, Mexican","{'Monday': '10:0-21:0', 'Tuesday': '10:0-21:0', 'Wednesday': '10:0-21:0', 'Thursday': '10:0-21:0', 'Friday': '10:0-21:0', 'Saturday': '10:0-21:0', 'Sunday': '10:0-21:0'}"
Y70T1eClNnw_PlBkr1IHqg,Panda Express,1606 W Valencia Rd,Tucson,AZ,85746,32.1342676,-110.9998502,1.5,44,1,"{'OutdoorSeating': 'True', 'GoodForKids': 'True', 'RestaurantsTakeOut': 'True', 'DriveThru': 'True', 'RestaurantsGoodForGroups': 'True', 'RestaurantsAttire': ""'casual'"", 'GoodForMeal': ""{'dessert': False, 'latenight': False, 'lunch': False, 'dinner': False, 'brunch': False, 'breakfast': False}"", 'HasTV': 'True', 'RestaurantsPriceRange2': '1', 'RestaurantsReservations': 'False', 'Caters': 'True', 'RestaurantsDelivery': 'True', 'BikeParking': 'True', 'BusinessParking': ""{'garage': False, 'street': False, 'validated': False, 'lot': True, 'valet': False}"", 'BusinessAcceptsCreditCards': 'True', 'WiFi': ""'no'"", 'Ambience': ""{'touristy': False, 'hipster': False, 'romantic': False, 'divey': False, 'intimate': False, 'trendy': False, 'upscale': False, 'classy': False, 'casual': False}""}","Chinese, Fast Food, Restaurants","{'Monday': '9:30-22:0', 'Tuesday': '9:30-22:0', 'Wednesday': '9:30-22:0', 'Thursday': '9:30-22:0', 'Friday': '9:30-22:30', 'Saturday': '10:0-22:30', 'Sunday': '10:0-22:0'}"
Y29oTlO5PtAl8ypLSW9ZLQ,Savanna MedSpa,"4015 E Paradise Falls Dr, Ste 131",Tucson,AZ,85712,32.270941,-110.907154,4.0,8,0,"{'BusinessParking': ""{'garage': False, 'street': False, 'validated': False, 'lot': True, 'valet': False}"", 'BusinessAcceptsCreditCards': 'True', 'BikeParking': 'True', 'RestaurantsPriceRange2': '3', 'ByAppointmentOnly': 'True'}","Hair Removal, Laser Hair Removal, Health & Medical, Day Spas, Medical Spas, Beauty & Spas, Skin Care",
1__KKHIK8WuO_3zaXx6PmA,Roadrunner Lock & Safe,5001 E Speedway Blvd,Tucson,AZ,85712,32.2367069,-110.8859797,4.0,19,1,"{'ByAppointmentOnly': 'False', 'BusinessAcceptsCreditCards': 'True'}","Home Services, Safe Stores, Keys & Locksmiths, Shopping","{'Monday': '8:0-17:0', 'Tuesday': '8:0-17:0', 'Wednesday': '8:0-17:0', 'Thursday': '8:0-17:0', 'Friday': '8:0-17:0', 'Saturday': '9:0-16:0'}"
tQ7K3kTDMtl6AaBFZJcn-Q,Assurance Relocation Systems,2880 N Flowing Wells Rd,Tucson,AZ,85705,32.2590168272,-110.9945524165,2.5,11,1,{'BusinessAcceptsCreditCards': 'True'},"Transportation, Home Services, Movers, Self Storage, Shipping Centers, Hotels & Travel, Shopping, Local Services, Home & Garden, Professional Services","{'Monday': '8:0-17:0', 'Tuesday': '8:0-17:0', 'Wednesday': '8:0-17:0', 'Thursday': '8:0-17:0', 'Friday': '8:0-17:0'}"
Jqwjmp1Y04ZwUidKr5ezIQ,Tucson Waldorf School,3605 E River Rd,Tucson,AZ,85718,32.2768947008,-110.915421,5.0,5,1,,"Middle Schools & High Schools, Waldorf Schools, Education, Elementary Schools, Preschools","{'Monday': '8:30-16:30', 'Tuesday': '8:30-16:30', 'Wednesday': '8:30-16:30', 'Thursday': '8:30-16:30', 'Friday': '8:30-16:30'}"
qB7z4j5_syaV8-aNosAJIA,Jiffy Lube,5710 E 22nd Street,Tucson,AZ,85711,32.2065408,-110.870281,4.0,36,1,{'BusinessAcceptsCreditCards': 'True'},"Auto Repair, Oil Change Stations, Automotive, Tires","{'Monday': '0:0-0:0', 'Tuesday': '8:0-18:0', 'Wednesday': '8:0-18:0', 'Thursday': '8:0-18:0', 'Friday': '8:0-18:0', 'Saturday': '8:0-18:0', 'Sunday': '9:0-16:0'}"
coR0dFgGOU7fVku6xDdH-A,Bikram's Yoga College Of India,6261 N Oracle Rd,Tucson,AZ,85704,32.3201693,-110.9756774,3.5,19,0,{'GoodForKids': 'False'},"Fitness & Instruction, Yoga, Active Life",
9PJUTMsQQ48F-rDLwvu30w,Noble Hops,7250 S Tucson Blvd,Tucson,AZ,85756,32.1202544,-110.937308,3.0,28,0,"{'Ambience': ""{'touristy': False, 'hipster': False, 'romantic': False, 'divey': False, 'intimate': False, 'trendy': False, 'upscale': False, 'classy': False, 'casual': False}"", 'OutdoorSeating': 'True', 'BusinessParking': ""{'garage': False, 'street': False, 'validated': False, 'lot': False, 'valet': False}"", 'HasTV': 'True'}","American (New), Gastropubs, Restaurants",
qNXgn3rjqQUOWGSocspuJA,Home Goods,7170 E Broadway,Tucson,AZ,85710,32.2195604,-110.8399904,4.5,28,1,"{'RestaurantsPriceRange2': '2', 'BusinessAcceptsCreditCards': 'True', 'BikeParking': 'False', 'BusinessParking': ""{'garage': False, 'street': False, 'validated': False, 'lot': True, 'valet': False}""}","Home & Garden, Home Decor, Shopping",
caiaxbDoP-HRQN3RZwMgCw,Taylor Tack & Feed,9535 E Golf Links Rd,Tucson,AZ,85730,32.1925239,-110.7888195,3.0,12,1,"{'BikeParking': 'False', 'BusinessParking': ""{'garage': False, 'street': False, 'validated': False, 'lot': False, 'valet': False}"", 'BusinessAcceptsCreditCards': 'True', 'RestaurantsPriceRange2': '3'}","Pet Stores, Pets, Shopping, Horse Equipment Shops","{'Monday': '8:0-19:0', 'Tuesday': '8:0-19:0', 'Wednesday': '8:0-19:0', 'Thursday': '8:0-19:0', 'Friday': '8:0-19:0', 'Saturday': '8:0-19:0', 'Sunday': '10:0-16:0'}"
qkuHORWwmFLYz_yuGli1pw,Squeegee Express Window Cleaning,,Tucson,AZ,85704,32.3395031,-110.9864294,5.0,7,1,"{'ByAppointmentOnly': 'True', 'BusinessAcceptsCreditCards': 'False', 'BusinessAcceptsBitcoin': 'False'}","Window Washing, Home Services, Home Cleaning","{'Monday': '7:30-16:0', 'Tuesday': '7:30-16:0', 'Wednesday': '7:30-16:0', 'Thursday': '7:30-16:0', 'Friday': '7:30-16:0'}"
KmZhhZ-2Rj4D7lQckA5JvA,Tokyo Imports,343 E Prince Rd,Tucson,AZ,85705,32.272323,-110.966066,5.0,7,0,{'BusinessAcceptsCreditCards': 'True'},"Auto Repair, Automotive","{'Monday': '7:30-17:0', 'Tuesday': '7:30-17:0', 'Wednesday': '7:30-17:0', 'Thursday': '7:30-17:0', 'Friday': '7:30-17:0'}"
ozD3Qhuiy0ki6IZ7_adDUw,ZOË Boutique,3065 N Campbell Ave,Tucson,AZ,85719,32.2626406,-110.944286,5.0,18,0,"{'RestaurantsPriceRange2': '2', 'BusinessAcceptsCreditCards': 'True', 'BusinessParking': ""{'garage': False, 'street': True, 'validated': False, 'lot': False, 'valet': False}"", 'BikeParking': 'True'}","Shopping, Women's Clothing, Accessories, Fashion","{'Monday': '9:30-17:0', 'Tuesday': '9:30-17:0', 'Wednesday': '9:30-17:0', 'Thursday': '9:30-17:0', 'Friday': '9:30-17:0', 'Saturday': '9:30-17:0', 'Sunday': '9:30-16:0'}"
aG8XkIE_TMkr_QKSfaFBBg,Café Aqui,"1317 S 6th Ave, Ste 139",Tucson,AZ,85713,32.2114127557,-110.9684149887,5.0,11,0,"{'RestaurantsPriceRange2': '1', 'BusinessAcceptsCreditCards': 'True', 'OutdoorSeating': 'False', 'WiFi': ""u'no'"", 'BusinessParking': ""{'garage': False, 'street': True, 'validated': False, 'lot': False, 'valet': False}""}","Coffee & Tea, Food, Spanish, Restaurants","{'Monday': '10:0-14:0', 'Tuesday': '10:0-14:0', 'Wednesday': '10:0-14:0', 'Thursday': '10:0-14:0', 'Friday': '10:0-14:0'}"
E6tX852Oe57ZR5qkj9ftpQ,Better Bodies,7285 E Tanque Verde,Tucson,AZ,85715,32.2508311,-110.8346491,4.0,5,0,"{'ByAppointmentOnly': 'False', 'GoodForKids': 'False'}","Nutritionists, Fitness & Instruction, Trainers, Health & Medical, Gyms, Active Life","{'Monday': '5:0-20:0', 'Tuesday': '5:0-20:0', 'Wednesday': '5:0-20:0', 'Thursday': '5:0-20:0', 'Friday': '5:0-20:0', 'Saturday': '6:0-15:0', 'Sunday': '8:0-12:0'}"
5LONkt7iDMndF3qjN6ufpw,"La Posada Lodge & Casitas, Ascend Hotel Collection",5900 North Oracle Rd,Tucson,AZ,85704,32.31409,-110.9769394,3.0,100,1,"{'BusinessAcceptsCreditCards': 'True', 'WiFi': ""u'free'"", 'RestaurantsPriceRange2': '2', 'BusinessAcceptsBitcoin': 'False'}","Hotels, Resorts, Event Planning & Services, Hotels & Travel","{'Monday': '0:0-0:0', 'Tuesday': '0:0-0:0', 'Wednesday': '0:0-0:0', 'Thursday': '0:0-0:0', 'Friday': '0:0-0:0', 'Saturday': '0:0-0:0', 'Sunday': '0:0-0:0'}"
KNalXv3NN-ZG6v4lgrIFDg,Sos Exterminating,7009 E 21st St,Tucson,AZ,85710,32.2082868,-110.843953,2.0,5,0,{'BusinessAcceptsCreditCards': 'True'},"Pest Control, Local Services",
qyCoyPM615Lt1XP_E6tGrg,Aeris Family Dental,10410 E Rita Ranch Rd,Tucson,AZ,85747,32.1020924,-110.7711475,4.0,17,1,"{'ByAppointmentOnly': 'True', 'AcceptsInsurance': 'True'}","General Dentistry, Cosmetic Dentists, Health & Medical, Periodontists, Dentists","{'Monday': '7:30-17:0', 'Tuesday': '7:30-17:0', 'Wednesday': '7:30-17:0', 'Thursday': '7:30-17:0', 'Friday': '7:30-13:0'}"
K5QTROUbyFCHecjbOzGjBw,Alvernon Optical,2820 N Campbell Ave,Tucson,AZ,85719,32.2580523,-110.9426436,3.5,29,1,"{'BusinessParking': ""{'garage': False, 'street': False, 'validated': False, 'lot': True, 'valet': False}"", 'BusinessAcceptsCreditCards': 'True', 'ByAppointmentOnly': 'False', 'BikeParking': 'True', 'RestaurantsPriceRange2': '2', 'WiFi': ""u'no'""}","Health & Medical, Eyewear & Opticians, Shopping, Optometrists","{'Monday': '0:0-0:0', 'Tuesday': '9:0-18:0', 'Wednesday': '9:0-18:0', 'Thursday': '9:0-18:0', 'Friday': '9:0-18:0', 'Saturday': '9:0-13:0'}"
zoAZydP_v380Yydf-2u3hw,The Mobile Bistro,160 S Scott Ave,Tucson,AZ,85701,32.2196564,-110.9700832,5.0,5,1,"{'RestaurantsPriceRange2': '1', 'BusinessParking': ""{'garage': False, 'street': False, 'validated': False, 'lot': False, 'valet': False}"", 'BusinessAcceptsCreditCards': 'True'}","Event Planning & Services, Caterers, Food, Sandwiches, American (Traditional), Restaurants, Food Trucks, Barbeque, Street Vendors",
-Z6flIaJhbC1KamjUoK6AQ,Definitive Designs Flooring,,Tucson,AZ,85756,32.0787726,-110.9268201,3.0,5,1,"{'ByAppointmentOnly': 'False', 'BusinessAcceptsCreditCards': 'True'}","Refinishing Services, Flooring, Home Services","{'Monday': '7:0-18:0', 'Tuesday': '7:0-18:0', 'Wednesday': '7:0-18:0', 'Thursday': '7:0-18:0', 'Friday': '7:0-18:0', 'Saturday': '8:0-17:0', 'Sunday': '8:0-17:0'}"
E0Ka7kWrrOMNr9h2uOyusg,Anytime Fitness,8868 Tanque Verde Rd,Tucson,AZ,85749,32.25741,-110.803202,3.5,10,1,"{'BusinessParking': ""{'garage': False, 'street': False, 'validated': False, 'lot': False, 'valet': False}"", 'BusinessAcceptsCreditCards': 'True', 'GoodForKids': 'False', 'ByAppointmentOnly': 'False', 'BikeParking': 'True'}","Gyms, Fitness & Instruction, Active Life, Trainers","{'Monday': '0:0-0:0', 'Tuesday': '0:0-0:0', 'Wednesday': '0:0-0:0', 'Thursday': '0:0-0:0', 'Friday': '0:0-0:0', 'Saturday': '0:0-0:0', 'Sunday': '0:0-0:0'}"
1feuZITxuTrl9mr7V11kwQ,Frost Gelato,"7131 N Oracle Rd, Ste 101",Tucson,AZ,85704,32.3362875,-110.9781154,4.5,217,1,"{'RestaurantsPriceRange2': '1', 'BikeParking': 'True', 'BusinessAcceptsCreditCards': 'True', 'OutdoorSeating': 'True', 'BusinessParking': ""{'garage': False, 'street': False, 'validated': False, 'lot': True, 'valet': False}"", 'RestaurantsTakeOut': 'True', 'Caters': 'False', 'NoiseLevel': ""u'average'"", 'GoodForKids': 'True', 'WiFi': ""u'free'"", 'DogsAllowed': 'True', 'RestaurantsDelivery': 'None'}","Coffee & Tea, Desserts, Gelato, Food, Ice Cream & Frozen Yogurt",
aq26RY75PlTNsviW6wUC9A,Hooters,7280 E Broadway Blvd,Tucson,AZ,85710,32.2205997635,-110.8379714749,3.5,109,1,"{'Alcohol': ""'full_bar'"", 'RestaurantsAttire': ""'casual'"", 'GoodForDancing': 'False', 'BikeParking': 'True', 'RestaurantsGoodForGroups': 'True', 'CoatCheck': 'False', 'NoiseLevel': ""'average'"", 'HappyHour': 'True', 'Ambience': ""{'touristy': None, 'hipster': False, 'romantic': False, 'divey': None, 'intimate': False, 'trendy': False, 'upscale': False, 'classy': False, 'casual': True}"", 'RestaurantsTakeOut': 'True', 'RestaurantsReservations': 'False', 'BusinessAcceptsCreditCards': 'True', 'OutdoorSeating': 'True', 'BestNights': ""{u'monday': False, u'tuesday': False, u'wednesday': False, u'thursday': False, u'friday': True, u'saturday': True, u'sunday': True}"", 'RestaurantsPriceRange2': '2', 'Music': ""{'dj': False, 'background_music': False, 'no_music': False, 'jukebox': False, 'live': False, 'video': False, 'karaoke': False}"", 'HasTV': 'True', 'WiFi': ""u'free'"", 'GoodForKids': 'True', 'RestaurantsDelivery': 'True', 'Smoking': ""u'no'"", 'GoodForMeal': ""{'dessert': False, 'latenight': False, 'lunch': True, 'dinner': True, 'brunch': True, 'breakfast': False}"", 'RestaurantsTableService': 'True', 'Caters': 'True', 'BusinessParking': ""{'garage': False, 'street': False, 'validated': False, 'lot': True, 'valet': False}""}","Sports Bars, Food, American (Traditional), Nightlife, Bars, Beer, Wine & Spirits, Chicken Wings, Restaurants","{'Monday': '11:0-23:0', 'Tuesday': '11:0-23:0', 'Wednesday': '11:0-23:0', 'Thursday': '11:0-23:0', 'Friday': '11:0-0:0', 'Saturday': '11:0-0:0', 'Sunday': '11:0-22:0'}"
IiSrImaiEpenqEbTHvp8Ag,Pinnacle Heights by Scotia Group,7990 E Snyder Rd,Tucson,AZ,85750,32.291832,-110.820601,3.0,8,0,,"Apartments, Home Services, Real Estate","{'Monday': '8:30-17:30', 'Tuesday': '8:30-17:30', 'Wednesday': '8:30-17:30', 'Thursday': '8:30-17:30', 'Friday': '8:30-17:30', 'Saturday': '10:0-17:0', 'Sunday': '12:0-16:0'}"
v-2lHvgUBB9RAqiMiGZCfg,Amy & Barber Beauty Salon,7755 E Golf Links Rd,Tucson,AZ,85730,32.1925638,-110.827128,2.5,6,1,"{'BusinessAcceptsCreditCards': 'True', 'BikeParking': 'False', 'RestaurantsPriceRange2': '1', 'GoodForKids': 'True', 'BusinessParking': ""{'garage': False, 'street': False, 'validated': False, 'lot': False, 'valet': False}"", 'ByAppointmentOnly': 'True'}","Hair Salons, Beauty & Spas","{'Monday': '8:30-19:0', 'Tuesday': '8:30-19:0', 'Wednesday': '8:30-19:0', 'Thursday': '8:30-19:0', 'Friday': '8:30-19:0', 'Saturday': '8:30-19:0', 'Sunday': '8:0-17:0'}"
ci4qv1axpfPu_HtI9Wo4Fw,Borst Automotive,7970 E Golf Links Rd,Tucson,AZ,85730,32.1913242643,-110.8226491,4.5,17,1,{'BusinessAcceptsCreditCards': 'True'},"Automotive, Auto Repair, Tires, Oil Change Stations, Auto Glass Services","{'Monday': '7:30-17:30', 'Tuesday': '7:30-17:30', 'Wednesday': '7:30-17:30', 'Thursday': '7:30-17:30', 'Friday': '7:30-17:30'}"
8QJTzIaR5FceGds8HBSIig,Barrio Brewing,800 E 16th St,Tucson,AZ,85719,32.214412,-110.9595118,4.0,611,1,"{'RestaurantsReservations': 'False', 'GoodForKids': 'False', 'RestaurantsAttire': ""u'casual'"", 'Alcohol': ""u'full_bar'"", 'BusinessAcceptsCreditCards': 'True', 'BikeParking': 'True', 'RestaurantsGoodForGroups': 'True', 'HasTV': 'True', 'RestaurantsTakeOut': 'True', 'Ambience': ""{'romantic': False, 'intimate': False, 'touristy': False, 'hipster': False, 'divey': False, 'classy': False, 'trendy': False, 'upscale': False, 'casual': True}"", 'RestaurantsPriceRange2': '2', 'Smoking': ""u'outdoor'"", 'WiFi': ""u'free'"", 'GoodForMeal': ""{'dessert': False, 'latenight': False, 'lunch': True, 'dinner': True, 'brunch': False, 'breakfast': False}"", 'Caters': 'False', 'BusinessParking': ""{'garage': False, 'street': True, 'validated': False, 'lot': True, 'valet': False}"", 'HappyHour': 'True', 'NoiseLevel': ""u'average'"", 'BestNights': ""{'monday': False, 'tuesday': False, 'friday': True, 'wednesday': True, 'thursday': False, 'sunday': False, 'saturday': True}"", 'CoatCheck': 'False', 'DogsAllowed': 'True', 'RestaurantsTableService': 'True', 'WheelchairAccessible': 'True', 'Music': ""{'dj': False, 'background_music': False, 'no_music': False, 'jukebox': False, 'live': False, 'video': False, 'karaoke': False}"", 'ByAppointmentOnly': 'False', 'BusinessAcceptsBitcoin': 'False', 'RestaurantsDelivery': 'None', 'GoodForDancing': 'False', 'OutdoorSeating': 'True'}","Nightlife, Sports Bars, Bars, Breweries, Pubs, Restaurants, American (Traditional), Food","{'Monday': '11:0-19:0', 'Tuesday': '11:0-22:0', 'Wednesday': '11:0-22:0', 'Thursday': '11:0-22:0', 'Friday': '11:0-23:0', 'Saturday': '11:0-23:0', 'Sunday': '11:0-22:0'}"
2nUxZbcqVCYfljp59gsxwQ,Xanadu Belly Dance Studio,2408 N Loretta Dr,Tucson,AZ,85716,32.2508053,-110.9292581,5.0,6,1,"{'GoodForKids': 'True', 'BusinessParking': ""{'garage': False, 'street': True, 'validated': False, 'lot': True, 'valet': False}"", 'BikeParking': 'True', 'ByAppointmentOnly': 'False', 'BusinessAcceptsCreditCards': 'False'}","Education, Fitness & Instruction, Performing Arts, Dance Studios, Arts & Entertainment, Active Life, Specialty Schools, Dance Schools","{'Monday': '17:45-19:45', 'Tuesday': '17:45-19:45', 'Thursday': '17:45-19:45', 'Saturday': '9:0-12:0'}"
2Pi7gxzDYXpQzHKPdI0vKw,Balloon Lady,,Tucson,AZ,85737,32.4044445,-110.9864294,5.0,7,1,,"Balloon Services, Event Planning & Services","{'Monday': '9:0-15:0', 'Tuesday': '9:0-15:0', 'Wednesday': '9:0-15:0', 'Thursday': '9:0-15:0', 'Friday': '9:0-15:0'}"
by2cxzQntU97-Mq3J8g2Ag,Royal Auto Glass & Tint,5109 E Speedway Blvd,Tucson,AZ,85712,32.2364673852,-110.8834522692,3.0,9,0,"{'BusinessAcceptsCreditCards': 'True', 'BusinessAcceptsBitcoin': 'False'}","Windshield Installation & Repair, Automotive, Home Window Tinting, Auto Detailing, Auto Customization, Auto Glass Services, Auto Repair, Home Services","{'Tuesday': '9:0-17:30', 'Wednesday': '9:0-17:30', 'Thursday': '9:0-17:30', 'Friday': '9:0-17:30', 'Saturday': '9:0-17:30'}"
HWb4qwO4uA53Dl7OWH8nog,Paris Nails Lounge,"845 E University Blvd, Ste 155",Tucson,AZ,85719,32.231914,-110.958374,4.0,12,1,"{'ByAppointmentOnly': 'False', 'BusinessAcceptsCreditCards': 'True', 'WheelchairAccessible': 'True', 'BikeParking': 'False', 'WiFi': ""u'free'""}","Cosmetics & Beauty Supply, Nail Salons, Beauty & Spas, Shopping","{'Monday': '0:0-0:0', 'Tuesday': '9:30-19:0', 'Wednesday': '9:30-19:0', 'Thursday': '9:0-14:0', 'Friday': '9:30-19:0', 'Saturday': '9:30-19:0', 'Sunday': '11:0-17:0'}"
Zm3X8i9GsYaxdWHlI-WQwg,Eleven Cafē,"33 N Stone Ave, Ste 150",Tucson,AZ,85701,32.2226061406,-110.9721927976,5.0,21,1,"{'BusinessParking': ""{'garage': True, 'street': True, 'validated': False, 'lot': False, 'valet': False}"", 'BusinessAcceptsBitcoin': 'False', 'BikeParking': 'True', 'OutdoorSeating': 'True', 'BusinessAcceptsCreditCards': 'True', 'DogsAllowed': 'False', 'WheelchairAccessible': 'True', 'WiFi': ""u'free'"", 'RestaurantsTakeOut': 'True', 'RestaurantsPriceRange2': '1', 'Caters': 'True', 'RestaurantsDelivery': 'False'}","Coffee & Tea, Restaurants, Food, Cafes, Bubble Tea","{'Monday': '7:0-14:0', 'Tuesday': '7:0-14:0', 'Wednesday': '7:0-14:0', 'Thursday': '7:0-14:0', 'Friday': '7:0-14:0'}"
X1TJjuV1GaTgHCe27tQKiQ,The Pet Club,9115 E Tanque Verde Rd,Tucson,AZ,85749,32.259403,-110.7977337,3.5,14,0,{'BusinessAcceptsCreditCards': 'True'},"Pets, Pet Stores, Livestock Feed & Supply, Shopping, Pet Groomers, Pet Services, Pet Training","{'Monday': '9:0-19:0', 'Tuesday': '9:0-20:0', 'Wednesday': '9:0-18:0', 'Thursday': '9:0-20:0', 'Friday': '9:0-20:0', 'Saturday': '9:0-18:0', 'Sunday': '10:0-17:0'}"
ikt-_CWbjttXez62qXM9PA,Cigar Warehouse Tucson,6064 N Oracle Rd,Tucson,AZ,85704,32.316712,-110.974854,4.0,8,0,"{'BusinessAcceptsCreditCards': 'True', 'RestaurantsPriceRange2': '1', 'BusinessAcceptsBitcoin': 'False', 'WheelchairAccessible': 'True', 'BikeParking': 'True', 'DogsAllowed': 'True', 'BusinessParking': ""{'garage': False, 'street': False, 'validated': False, 'lot': True, 'valet': False}""}","Shopping, Tobacco Shops","{'Monday': '10:0-18:30', 'Tuesday': '10:0-18:30', 'Wednesday': '10:0-18:30', 'Thursday': '10:0-18:30', 'Friday': '10:0-18:30', 'Saturday': '10:0-18:30'}"
HUrK63NDjZZs0dHjcbHJmA,One Click Maids,4120 E Juarez St,Tucson,AZ,85711,32.2040966,-110.9046953,3.5,11,1,"{'BusinessAcceptsCreditCards': 'True', 'ByAppointmentOnly': 'True'}","Professional Services, Home Services, Home Cleaning, Window Washing, Office Cleaning","{'Monday': '7:0-13:0', 'Tuesday': '9:0-17:0', 'Wednesday': '9:0-17:0', 'Thursday': '9:0-17:0', 'Friday': '9:0-17:0', 'Sunday': '9:0-17:0'}"
l2iCpfaBZSGlPrmmqjRmrg,LaLa Lash Couture Boutique,2605 E Speedway Blvd,Tucson,AZ,85716,32.2363961,-110.9333780408,3.5,41,1,"{'BusinessParking': ""{'garage': False, 'street': False, 'validated': False, 'lot': True, 'valet': False}"", 'WheelchairAccessible': 'True', 'RestaurantsPriceRange2': '2', 'ByAppointmentOnly': 'True', 'BusinessAcceptsCreditCards': 'True', 'WiFi': ""u'free'"", 'BikeParking': 'True'}","Waxing, Beauty & Spas, Hair Removal, Skin Care, Day Spas, Sugaring, Eyelash Service","{'Monday': '9:0-21:0', 'Tuesday': '9:0-21:0', 'Wednesday': '9:0-21:0', 'Thursday': '9:0-21:0', 'Friday': '9:0-21:0', 'Saturday': '9:0-19:0', 'Sunday': '9:0-18:0'}"
PPcKiRY_-QoOx9JxPK01VQ,Century Gateway 12,770 N Kolb Rd,Tucson,AZ,85710,32.2307021,-110.8393662,4.0,61,1,"{'GoodForKids': 'True', 'WheelchairAccessible': 'True', 'Caters': 'False', 'HappyHour': 'False', 'BusinessAcceptsCreditCards': 'True', 'RestaurantsDelivery': 'False', 'Alcohol': ""u'none'"", 'RestaurantsTakeOut': 'False', 'CoatCheck': 'False', 'OutdoorSeating': 'False'}","Arts & Entertainment, Cinema, Event Planning & Services, Venues & Event Spaces",
ACzefWZQk61KZDCOcODuYg,The Paw Palace,5981 N Antillon Pl,Tucson,AZ,85741,32.31584,-111.03447,4.0,13,1,"{'ByAppointmentOnly': 'False', 'BusinessAcceptsCreditCards': 'True'}","Pet Services, Pet Breeders, Pets","{'Tuesday': '11:0-18:0', 'Wednesday': '11:0-18:0', 'Thursday': '11:0-18:0', 'Friday': '11:0-18:0', 'Sunday': '11:0-18:0'}"
Cmnb4E1jJ1bisMXEXqmAOA,A2Z Babies and Beyond,5717 E Broadway Blvd,Tucson,AZ,85711,32.2219049,-110.8707046,4.5,10,0,"{'RestaurantsPriceRange2': '2', 'BusinessAcceptsCreditCards': 'True', 'BusinessParking': ""{'garage': False, 'street': False, 'validated': False, 'lot': True, 'valet': False}""}","Baby Gear & Furniture, Shopping","{'Monday': '10:0-18:0', 'Tuesday': '10:0-18:0', 'Wednesday': '10:0-18:0', 'Thursday': '10:0-18:0', 'Friday': '10:0-18:0', 'Saturday': '10:0-18:0', 'Sunday': '11:0-17:0'}"
XsYjhffyzrn6YdWtojnPsg,Rusty Nail Tavern,4415 N Flowing Wells Rd,Tucson,AZ,85705,32.2873629,-110.9954903,4.5,7,0,"{'Ambience': ""{'romantic': False, 'intimate': False, 'touristy': False, 'hipster': False, 'divey': False, 'classy': False, 'trendy': False, 'upscale': False, 'casual': False}"", 'HasTV': 'True', 'RestaurantsGoodForGroups': 'True', 'NoiseLevel': ""u'average'"", 'Alcohol': ""u'full_bar'"", 'BusinessParking': ""{'garage': False, 'street': False, 'validated': False, 'lot': False, 'valet': False}"", 'OutdoorSeating': 'True', 'BusinessAcceptsCreditCards': 'True', 'RestaurantsPriceRange2': '1', 'RestaurantsReservations': 'False', 'BikeParking': 'True', 'HappyHour': 'True'}","Bars, Dive Bars, Nightlife",
J7TZeIXaJFgrSIZzAjQMsw,Starbucks,65 W River Rd,Tucson,AZ,85704,32.2962914,-110.9736483,3.5,6,1,"{'OutdoorSeating': 'True', 'WiFi': ""u'free'""}","Coffee & Tea, Food","{'Monday': '5:0-20:0', 'Tuesday': '5:0-20:0', 'Wednesday': '5:0-20:0', 'Thursday': '5:0-20:0', 'Friday': '5:0-20:0', 'Saturday': '5:0-20:0', 'Sunday': '5:0-20:0'}"
uddez8m88R8onVFidBGJHg,Tucson Country Club,2950 N Camino Principal,Tucson,AZ,85715,32.2610815,-110.8511689775,4.5,6,1,{'GoodForKids': 'True'},"Country Clubs, Arts & Entertainment, Golf, Active Life, Venues & Event Spaces, Event Planning & Services",
XSqzyNrRBLBDyRwJg7DETA,AAMCO Transmissions & Total Car Care,3674 W Ina Rd,Tucson,AZ,85741,32.3382823,-111.0444732,4.0,22,1,{'BusinessAcceptsCreditCards': 'True'},"Automotive, Auto Repair, Auto Parts & Supplies, Transmission Repair, Oil Change Stations","{'Monday': '8:0-17:0', 'Tuesday': '8:0-17:0', 'Wednesday': '8:0-17:0', 'Thursday': '8:0-17:0', 'Friday': '8:0-17:0', 'Saturday': '8:0-13:0'}"
l0yZbDB4P7vh0wm_4R_CvQ,Velvet Bow Pet Grooming,2406 S Harrison Rd,Tucson,AZ,85748,32.1935546811,-110.7902466506,4.5,14,1,{'BusinessAcceptsCreditCards': 'True'},"Pet Groomers, Pet Services, Pets","{'Tuesday': '8:0-17:30', 'Wednesday': '8:0-17:30', 'Thursday': '8:0-17:30', 'Friday': '8:0-17:30', 'Saturday': '8:0-17:30'}"
knyjCVWpA85BhvyU3fA5qA,Beyond Brick,2502 W Curtis Rd,Tucson,AZ,85705,32.3016271,-111.0205648,2.0,11,1,{'BusinessAcceptsCreditCards': 'True'},"Contractors, Home Services","{'Monday': '8:0-16:0', 'Tuesday': '8:0-16:0', 'Wednesday': '8:0-16:0', 'Thursday': '8:0-16:0', 'Friday': '8:0-16:0'}"
J3hrLEfPx4xeVbssGAXS3w,University Villas at Ironwood by Shelton Residential,2550 W Ironwood Hill Dr,Tucson,AZ,85745,32.2514745081,-111.0218076126,1.0,5,0,,"Real Estate, Apartments, Home Services",
Eq5cqu9pHayge6cRPxiAOg,Unique Eyebrow Threading Beauty Salon,3071 N Campbell Ave,Tucson,AZ,85719,32.2626969272,-110.9442140024,5.0,8,1,"{'BusinessAcceptsCreditCards': 'True', 'RestaurantsPriceRange2': '1', 'WheelchairAccessible': 'False', 'WiFi': ""u'free'"", 'BikeParking': 'True', 'BusinessParking': ""{'garage': False, 'street': False, 'validated': False, 'lot': False, 'valet': False}"", 'ByAppointmentOnly': 'False'}","Skin Care, Threading Services, Hair Removal, Permanent Makeup, Beauty & Spas, Waxing, Eyebrow Services, Makeup Artists","{'Monday': '10:0-18:0', 'Tuesday': '10:0-18:0', 'Wednesday': '10:0-18:0', 'Thursday': '10:0-18:0', 'Friday': '10:0-18:0', 'Saturday': '10:0-18:0', 'Sunday': '10:0-17:0'}"
0SGRr9QAH1DLGa17jEz36g,Randy Prentice Piano Service,1661 N Pima Ct,Tucson,AZ,85716,32.2427907,-110.9137576,5.0,7,1,"{'BusinessAcceptsCreditCards': 'True', 'ByAppointmentOnly': 'True', 'BusinessAcceptsBitcoin': 'False'}","Shopping, Arts & Entertainment, Local Services, Musical Instruments & Teachers, Piano Stores, Piano Services, Event Planning & Services, Musical Instrument Services, Professional Services, Performing Arts, Music Production Services, Musicians","{'Monday': '9:0-17:0', 'Tuesday': '9:0-17:0', 'Wednesday': '9:0-17:0', 'Thursday': '9:0-17:0', 'Friday': '9:0-17:0', 'Saturday': '9:0-16:0'}"
MnaLdPRD84Te8D0FnoCaZA,Wildcat Automotive,2050 N Oracle Rd,Tucson,AZ,85705,32.2467179,-110.9774994,5.0,25,1,{'BusinessAcceptsCreditCards': 'True'},"Wheel & Rim Repair, Auto Repair, Automotive, Oil Change Stations, Transmission Repair","{'Monday': '7:0-17:30', 'Tuesday': '7:0-17:30', 'Wednesday': '7:0-17:30', 'Thursday': '7:0-17:30', 'Friday': '7:0-17:30'}"
TkHED8drwQYycuzFhrVCnA,Hilton El Conquistador,10700 N La Canada Dr,Tucson,AZ,85737,32.4017383,-110.9955054,3.0,16,1,"{'GoodForKids': 'False', 'BusinessParking': ""{'garage': False, 'street': False, 'validated': False, 'lot': True, 'valet': True}""}","Active Life, Sports Clubs, Golf",
qAsPmtzmj3EAUjPSu-dqug,The Depot,3501 E Fort Lowell Rd,Tucson,AZ,85716,32.265486,-110.9175529,3.5,83,1,"{'Ambience': ""{'romantic': False, 'intimate': False, 'touristy': False, 'hipster': False, 'divey': False, 'classy': False, 'trendy': False, 'upscale': False, 'casual': True}"", 'RestaurantsGoodForGroups': 'True', 'BusinessAcceptsCreditCards': 'True', 'OutdoorSeating': 'True', 'Alcohol': ""u'full_bar'"", 'HasTV': 'True', 'BusinessParking': ""{'garage': False, 'street': False, 'validated': False, 'lot': True, 'valet': False}"", 'Smoking': ""u'yes'"", 'RestaurantsPriceRange2': '2', 'NoiseLevel': ""u'average'"", 'HappyHour': 'True', 'BikeParking': 'True', 'RestaurantsReservations': 'False', 'Music': ""{'dj': False, 'background_music': False, 'no_music': False, 'jukebox': True, 'live': False, 'video': False, 'karaoke': None}"", 'BestNights': ""{u'monday': False, u'tuesday': False, u'wednesday': False, u'thursday': True, u'friday': True, u'saturday': True, u'sunday': False}""}","Nightlife, Sports Bars, Bars, Pool Halls, Karaoke","{'Monday': '11:0-2:0', 'Tuesday': '11:0-2:0', 'Wednesday': '11:0-2:0', 'Thursday': '11:0-2:0', 'Friday': '11:0-2:0', 'Saturday': '11:0-2:0', 'Sunday': '11:0-2:0'}"
og18FAvqLssWsxXQOjjQFw,Surf Thru Express Car Wash,10206 E Old Vail Rd,Tucson,AZ,85747,32.0876275855,-110.7749315846,2.0,5,1,,"Car Wash, Automotive",
Lbx21mBV6W2t4rtTvljBpw,Tucson Water,310 W Alameda St,Tucson,AZ,85701,32.223083,-110.976193,1.5,16,1,,Public Services & Government,
oCATFtmf0u9m0kj1Bdr5GA,Nicos Mexican Food,3910 E 29th St,Tucson,AZ,85711,32.1995400199,-110.9078088775,2.5,15,1,"{'NoiseLevel': ""'average'"", 'WiFi': ""'no'"", 'Ambience': ""{'romantic': False, 'intimate': False, 'classy': False, 'hipster': False, 'divey': False, 'touristy': False, 'trendy': False, 'upscale': False, 'casual': False}"", 'BusinessParking': ""{'garage': False, 'street': False, 'validated': False, 'lot': False, 'valet': False}"", 'OutdoorSeating': 'False', 'Alcohol': ""u'none'"", 'RestaurantsAttire': ""u'casual'"", 'RestaurantsGoodForGroups': 'True', 'BusinessAcceptsCreditCards': 'True', 'RestaurantsPriceRange2': '1', 'RestaurantsTakeOut': 'True', 'RestaurantsReservations': 'False', 'BikeParking': 'False', 'HasTV': 'True', 'GoodForKids': 'True', 'RestaurantsDelivery': 'True', 'DriveThru': 'True'}","Restaurants, Mexican","{'Monday': '6:0-22:0', 'Tuesday': '6:0-22:0', 'Wednesday': '6:0-22:0', 'Thursday': '6:0-22:0', 'Friday': '6:0-22:0', 'Saturday': '6:0-22:0', 'Sunday': '6:0-22:0'}"
OfI4DC1DVCJ92XcLdFBMFg,Harkins Theatres  Tucson Spectrum 18,5455 S Calle Santa Cruz,Tucson,AZ,85706,32.152065,-110.987969,4.0,90,1,"{'GoodForKids': 'True', 'RestaurantsDelivery': 'True', 'RestaurantsTakeOut': 'True'}","Cinema, Arts & Entertainment","{'Monday': '10:0-23:0', 'Tuesday': '10:0-23:0', 'Wednesday': '10:0-23:0', 'Thursday': '10:0-23:0', 'Friday': '10:0-23:0', 'Saturday': '10:0-23:0', 'Sunday': '10:0-23:0'}"
1bFUGVJoBUUuHC2scEksUg,Midas,7220 E 22nd St,Tucson,AZ,85710,32.2059762653,-110.8380564198,3.0,40,1,{'BusinessAcceptsCreditCards': 'True'},"Auto Repair, Automotive, Oil Change Stations, Tires","{'Monday': '7:30-18:0', 'Tuesday': '7:30-18:0', 'Wednesday': '7:30-18:0', 'Thursday': '7:30-18:0', 'Friday': '7:30-18:0', 'Saturday': '7:30-17:0'}"
5Ce3lZksYVkCbrihqylVHQ,Sushi Nara,64 N Harrison Rd,Tucson,AZ,85748,32.222552,-110.788132,4.5,159,1,"{'RestaurantsPriceRange2': '2', 'HasTV': 'True', 'GoodForKids': 'True', 'RestaurantsGoodForGroups': 'True', 'BusinessAcceptsCreditCards': 'True', 'RestaurantsTableService': 'True', 'RestaurantsAttire': ""'casual'"", 'WiFi': ""'free'"", 'Caters': 'False', 'NoiseLevel': ""'quiet'"", 'BikeParking': 'True', 'GoodForMeal': ""{'dessert': None, 'latenight': None, 'lunch': True, 'dinner': True, 'brunch': False, 'breakfast': False}"", 'RestaurantsDelivery': 'False', 'BusinessAcceptsBitcoin': 'False', 'RestaurantsTakeOut': 'True', 'OutdoorSeating': 'False', 'BusinessParking': ""{u'valet': False, u'garage': False, u'street': True, u'lot': False, u'validated': False}"", 'HappyHour': 'False', 'DriveThru': 'False', 'Alcohol': ""u'full_bar'"", 'DogsAllowed': 'False', 'Ambience': ""{u'divey': False, u'hipster': False, u'casual': True, u'touristy': None, u'trendy': None, u'intimate': False, u'romantic': None, u'classy': None, u'upscale': False}"", 'RestaurantsReservations': 'True', 'WheelchairAccessible': 'True'}","Sushi Bars, Japanese, Restaurants","{'Monday': '16:30-20:0', 'Tuesday': '16:30-20:0', 'Wednesday': '16:30-20:0', 'Thursday': '16:30-20:0', 'Friday': '16:30-20:0', 'Saturday': '16:30-20:0'}"
j9YkV3Rw74YKXABDk7IALg,Suncraft Beverages,6222 E Speedway Blvd,Tucson,AZ,85712,32.235298,-110.85968,5.0,5,0,,"Food, Gift Shops, Chocolatiers & Shops, Specialty Food, Flowers & Gifts, Shopping, Coffee & Tea","{'Monday': '10:0-17:30', 'Tuesday': '10:0-17:30', 'Wednesday': '10:0-17:30', 'Thursday': '10:0-17:30', 'Friday': '10:0-17:30', 'Saturday': '10:0-17:30'}"
Yftf8nmHqMwNVH-PHwEEwQ,Adobe Rose Inn,940 N Olsen Ave,Tucson,AZ,85719,32.233591,-110.9407666,5.0,24,1,"{'WiFi': ""u'free'""}","Hotels, Bed & Breakfast, Event Planning & Services, Hotels & Travel","{'Monday': '7:0-21:0', 'Tuesday': '7:0-21:0', 'Wednesday': '7:0-21:0', 'Thursday': '7:0-21:0', 'Friday': '7:0-21:0', 'Saturday': '7:0-21:0', 'Sunday': '7:0-21:0'}"
BjywY2W0_nvo_zq61iezGg,Tucson Expo Center,3750 E Irvington Rd,Tucson,AZ,85714,32.1615055,-110.9121044,4.0,18,1,"{'BusinessAcceptsCreditCards': 'True', 'WheelchairAccessible': 'True'}","Event Planning & Services, Wedding Planning, Venues & Event Spaces","{'Monday': '9:0-17:0', 'Tuesday': '9:0-17:0', 'Wednesday': '9:0-17:0', 'Thursday': '9:0-17:0', 'Friday': '9:0-17:0', 'Saturday': '9:0-17:0', 'Sunday': '9:0-17:0'}"
pi-Y1PIT1P0Us03dL6MBvQ,TFW Tucson,"4165 W Ina Rd, Ste 175A",Tucson,AZ,85741,32.3364168,-111.0543451,4.0,5,0,"{'GoodForKids': 'True', 'ByAppointmentOnly': 'True', 'BusinessAcceptsCreditCards': 'True', 'BusinessParking': ""{'garage': False, 'street': False, 'validated': False, 'lot': False, 'valet': False}""}","Health & Medical, Gyms, Fitness & Instruction, Active Life, Nutritionists","{'Monday': '5:0-20:0', 'Tuesday': '5:0-20:0', 'Wednesday': '5:0-20:0', 'Thursday': '5:0-20:0', 'Friday': '5:0-20:0'}"
L5LW_wN6Z0JV_vKe2jnsBw,Wendy's,7675 N. La Cholla Blvd.,Tucson,AZ,85741,32.3454644454,-111.0135447675,2.0,21,1,"{'BusinessAcceptsCreditCards': 'True', 'OutdoorSeating': 'False', 'RestaurantsPriceRange2': '1', 'RestaurantsGoodForGroups': 'True', 'BusinessParking': ""{'garage': False, 'street': False, 'validated': False, 'lot': False, 'valet': False}"", 'GoodForMeal': ""{'dessert': False, 'latenight': False, 'lunch': False, 'dinner': False, 'brunch': False, 'breakfast': False}"", 'HasTV': 'True', 'GoodForKids': 'True', 'Ambience': ""{'touristy': False, 'hipster': False, 'romantic': False, 'divey': False, 'intimate': False, 'trendy': False, 'upscale': False, 'classy': False, 'casual': False}"", 'RestaurantsAttire': ""'casual'"", 'RestaurantsDelivery': 'True', 'RestaurantsTakeOut': 'True', 'RestaurantsReservations': 'False', 'BikeParking': 'False'}","Fast Food, Burgers, Restaurants","{'Monday': '10:0-0:0', 'Tuesday': '10:0-0:0', 'Wednesday': '10:0-0:0', 'Thursday': '10:0-0:0', 'Friday': '10:0-0:0', 'Saturday': '10:0-0:0', 'Sunday': '10:0-0:0'}"
IzZSPrxML6TucW-iD1PrNw,Pump It Up - Tucson,"3248 N Freeway Industrial Lp, Ste 108",Tucson,AZ,85705,32.26709553,-111.0063076,3.5,41,0,"{'BusinessParking': 'None', 'GoodForKids': 'True', 'WheelchairAccessible': 'True', 'BikeParking': 'True', 'ByAppointmentOnly': 'True', 'BusinessAcceptsCreditCards': 'True'}","Party & Event Planning, Event Planning & Services, Party Supplies, Active Life, Kids Activities","{'Monday': '9:0-17:0', 'Tuesday': '9:0-17:0', 'Wednesday': '9:0-19:0', 'Thursday': '9:0-19:0', 'Friday': '9:0-19:0', 'Saturday': '9:0-21:0', 'Sunday': '9:0-21:0'}"
NnuxEbv5rlz0HOg0XM8EAw,Purple Heart Park: Ivan's Spot,10050 E Rita Rd,Tucson,AZ,85747,32.1027682799,-110.7827954739,4.5,26,1,"{'GoodForKids': 'True', 'BusinessParking': ""{'garage': False, 'street': True, 'validated': False, 'lot': True, 'valet': False}"", 'BikeParking': 'False'}","Active Life, Dog Parks, Parks","{'Monday': '7:0-22:0', 'Tuesday': '7:0-22:0', 'Wednesday': '7:0-22:0', 'Thursday': '7:0-22:0', 'Friday': '7:0-22:0', 'Saturday': '7:0-22:0', 'Sunday': '7:0-22:0'}"
5sIzzQUp6BfIZbOocOfLUg,Western Neuro,"6567 E Carondelet Dr, Ste 305",Tucson,AZ,85710,32.2269467,-110.8533361,2.5,11,1,"{'ByAppointmentOnly': 'True', 'AcceptsInsurance': 'True', 'BusinessAcceptsCreditCards': 'True'}","Doctors, Neurologist, Health & Medical","{'Monday': '9:0-17:0', 'Tuesday': '9:0-17:0', 'Wednesday': '9:0-17:0', 'Thursday': '9:0-17:0', 'Friday': '9:0-17:0'}"
Lgmb6jnXe6dQNjbikwJeng,Tucson Electric Power,3950 E Irvington Rd,Tucson,AZ,85714,32.1629018,-110.9053362,2.0,10,1,,"Utilities, Home Services",
-y5vYOsyL4bSFxeOtQtYbg,AJ's Fine Foods,2805 E Skyline Dr,Tucson,AZ,85718,32.3244248352,-110.9316140628,4.0,258,1,"{'GoodForKids': 'True', 'Caters': 'True', 'OutdoorSeating': 'True', 'BusinessAcceptsCreditCards': 'True', 'RestaurantsReservations': 'False', 'RestaurantsAttire': ""u'casual'"", 'RestaurantsPriceRange2': '2', 'RestaurantsGoodForGroups': 'True', 'RestaurantsTakeOut': 'True', 'NoiseLevel': ""u'average'"", 'BusinessParking': ""{'garage': False, 'street': False, 'validated': False, 'lot': True, 'valet': False}"", 'BikeParking': 'True', 'WiFi': ""u'free'"", 'RestaurantsTableService': 'False', 'Alcohol': ""u'beer_and_wine'"", 'GoodForMeal': ""{'dessert': True, 'latenight': False, 'lunch': True, 'dinner': False, 'brunch': False, 'breakfast': True}"", 'Ambience': ""{'touristy': False, 'hipster': False, 'romantic': False, 'divey': False, 'intimate': False, 'trendy': False, 'upscale': True, 'classy': True, 'casual': False}"", 'HasTV': 'True', 'RestaurantsDelivery': 'None'}","Delis, Bakeries, Food, Grocery, Restaurants","{'Monday': '6:0-21:0', 'Tuesday': '6:0-21:0', 'Wednesday': '6:0-21:0', 'Thursday': '6:0-21:0', 'Friday': '6:0-21:0', 'Saturday': '6:0-21:0', 'Sunday': '6:0-21:0'}"
ONKvCIc4eIXG3nutUAFe3w,Lucky Girl Cafe,,Tucson,AZ,85701,32.2213798394,-110.9265219153,4.5,11,0,"{'RestaurantsTakeOut': 'True', 'GoodForKids': 'True', 'RestaurantsReservations': 'False', 'Alcohol': ""u'none'"", 'Caters': 'True', 'HasTV': 'False', 'RestaurantsDelivery': 'False', 'RestaurantsGoodForGroups': 'True', 'RestaurantsAttire': ""'casual'"", 'BusinessAcceptsCreditCards': 'True', 'RestaurantsPriceRange2': '1', 'Ambience': ""{'romantic': False, 'intimate': False, 'classy': False, 'hipster': False, 'divey': False, 'touristy': False, 'trendy': False, 'upscale': False, 'casual': False}""}","Food, Sandwiches, Restaurants, Food Trucks","{'Thursday': '16:0-20:0', 'Friday': '17:0-21:0', 'Saturday': '17:0-21:0', 'Sunday': '13:0-17:0'}"
7MS3yezHIx7EX4u1hlJmCA,The Men's Room Barbershop,2523 N Campbell Ave,Tucson,AZ,85719,32.2526741028,-110.9442443848,4.5,65,1,"{'BusinessParking': ""{'garage': False, 'street': False, 'validated': False, 'lot': True, 'valet': False}"", 'BusinessAcceptsCreditCards': 'True', 'ByAppointmentOnly': 'False', 'BikeParking': 'True', 'RestaurantsPriceRange2': '1', 'WheelchairAccessible': 'True'}","Beauty & Spas, Barbers","{'Tuesday': '8:0-17:30', 'Wednesday': '8:0-17:30', 'Thursday': '8:0-17:30', 'Friday': '8:0-17:30', 'Saturday': '8:0-14:0'}"
B7tXEz7Je7DXnSkDN5xkEw,D'souza Netley MD,7395 E Tanque Verde Rd,Tucson,AZ,85715,32.251126,-110.834792,3.0,6,1,{'ByAppointmentOnly': 'True'},"Health & Medical, Family Practice, Doctors",
TEH1WZR9579tQqYQKIV9Jw,Bullets Barber Shop,"248 E 22nd St, Ste 160",Tucson,AZ,85713,32.2065261372,-110.9658028256,3.5,5,1,"{'HairSpecializesIn': ""{'straightperms': False, 'coloring': False, 'extensions': False, 'africanamerican': True, 'curly': True, 'kids': True, 'perms': False, 'asian': True}"", 'BusinessAcceptsBitcoin': 'False', 'BusinessAcceptsCreditCards': 'False', 'WiFi': ""u'no'"", 'ByAppointmentOnly': 'False', 'BusinessParking': ""{'garage': False, 'street': False, 'validated': False, 'lot': True, 'valet': False}"", 'WheelchairAccessible': 'True', 'BikeParking': 'False'}","Beauty & Spas, Barbers, Hair Salons","{'Tuesday': '7:0-15:0', 'Wednesday': '7:0-15:0', 'Thursday': '7:0-15:0', 'Friday': '7:0-15:0', 'Saturday': '7:0-13:0'}"
G_JKdNLy-0FQcKk18Aa21A,Hughes Federal Credit Union,3131 E Speedway Blvd,Tucson,AZ,85716,32.23677,-110.925788,2.5,28,1,{'BusinessAcceptsCreditCards': 'True'},"Banks & Credit Unions, Financial Advising, Mortgage Brokers, Financial Services, Insurance, Real Estate, Home Services","{'Monday': '0:0-0:0', 'Tuesday': '9:0-17:0', 'Wednesday': '9:0-17:0', 'Thursday': '9:0-13:0', 'Friday': '9:0-18:0'}"
-RWaEQ6EiaDs5rB_jFWzpQ,My First Image,"1661 N Swan Rd, Ste 214",Tucson,AZ,85712,32.2431759,-110.8931512,4.5,19,1,"{'ByAppointmentOnly': 'True', 'BusinessAcceptsCreditCards': 'True', 'AcceptsInsurance': 'False', 'WiFi': ""u'free'""}","Diagnostic Imaging, Health & Medical, Diagnostic Services, Ultrasound Imaging Centers","{'Monday': '10:0-19:0', 'Tuesday': '10:0-19:0', 'Wednesday': '10:0-19:0', 'Thursday': '10:0-19:0', 'Friday': '10:0-19:0', 'Saturday': '11:0-18:0', 'Sunday': '11:0-18:0'}"
R7t3bFG3EoDM0szXDmp09w,Casas Adobes Oral & Maxillofacial Surgery,6471 N La Cholla Blvd,Tucson,AZ,85741,32.3248507,-111.0131145,4.5,15,1,"{'BusinessAcceptsCreditCards': 'True', 'ByAppointmentOnly': 'True', 'WiFi': ""u'free'"", 'AcceptsInsurance': 'True'}","Doctors, Oral Surgeons, Health & Medical, Cosmetic Dentists, Dentists, General Dentistry, Cosmetic Surgeons","{'Monday': '0:0-0:0', 'Tuesday': '8:0-17:0', 'Wednesday': '8:0-17:0', 'Thursday': '8:0-17:0', 'Friday': '8:0-16:0'}"
89VqFJf3COkgb6dL2AqXhg,Honey Baked Ham Company,"7090 North Oracle Rd, Ste 100",Tucson,AZ,85704,32.3353660148,-110.9761994845,3.5,15,1,"{'RestaurantsPriceRange2': '2', 'RestaurantsAttire': ""u'casual'"", 'GoodForMeal': ""{'dessert': False, 'latenight': False, 'lunch': False, 'dinner': False, 'brunch': False, 'breakfast': False}"", 'RestaurantsGoodForGroups': 'True', 'RestaurantsTakeOut': 'True', 'GoodForKids': 'True', 'Caters': 'True', 'BikeParking': 'False', 'OutdoorSeating': 'True', 'BusinessAcceptsCreditCards': 'True', 'DriveThru': 'False', 'RestaurantsTableService': 'False', 'Alcohol': ""u'none'"", 'RestaurantsDelivery': 'True', 'HasTV': 'False', 'Ambience': ""{'touristy': False, 'hipster': False, 'romantic': False, 'divey': False, 'intimate': False, 'trendy': False, 'upscale': False, 'classy': False, 'casual': False}"", 'NoiseLevel': ""u'quiet'"", 'RestaurantsReservations': 'True', 'BusinessParking': ""{'garage': False, 'street': False, 'validated': False, 'lot': True, 'valet': False}"", 'BYOB': 'False', 'WiFi': ""u'no'"", 'WheelchairAccessible': 'True', 'Corkage': 'False', 'BusinessAcceptsBitcoin': 'False'}","Sandwiches, Cafes, Food, Restaurants, Delis, Caterers, Specialty Food, Event Planning & Services, Meat Shops","{'Monday': '9:30-18:30', 'Tuesday': '9:30-18:30', 'Wednesday': '9:30-18:30', 'Thursday': '9:30-18:30', 'Friday': '9:30-18:30', 'Saturday': '10:0-18:0'}"
Ck2WcubwhTRc8bgYQyH-SA,Mi Cabana Restaurant,4317 S 6th Ave,Tucson,AZ,85714,32.1726617,-110.9679231,2.0,8,1,"{'RestaurantsDelivery': 'True', 'HasTV': 'True', 'OutdoorSeating': 'True', 'RestaurantsPriceRange2': '1', 'NoiseLevel': ""u'average'"", 'BusinessAcceptsCreditCards': 'True', 'RestaurantsReservations': 'True', 'Caters': 'True', 'WheelchairAccessible': 'True', 'Alcohol': ""u'full_bar'"", 'RestaurantsTableService': 'True', 'RestaurantsTakeOut': 'True', 'RestaurantsGoodForGroups': 'True', 'WiFi': ""u'no'"", 'GoodForMeal': ""{'dessert': False, 'latenight': False, 'lunch': False, 'dinner': False, 'brunch': False, 'breakfast': True}"", 'BusinessParking': ""{'garage': False, 'street': False, 'validated': False, 'lot': True, 'valet': False}"", 'DogsAllowed': 'False', 'GoodForKids': 'True', 'BikeParking': 'True', 'Ambience': ""{'touristy': False, 'hipster': False, 'romantic': False, 'divey': False, 'intimate': False, 'trendy': False, 'upscale': False, 'classy': True, 'casual': False}"", 'RestaurantsAttire': ""u'casual'""}","Restaurants, Seafood, Mexican","{'Monday': '7:0-21:0', 'Tuesday': '7:0-21:0', 'Wednesday': '7:0-21:0', 'Thursday': '7:0-21:0', 'Friday': '7:0-21:0', 'Saturday': '7:0-21:0', 'Sunday': '7:0-21:0'}"
Ze8KzteA3MK2tODt6kzTcA,Santa Rita Park,401 E 22nd St,Tucson,AZ,85713,32.207557,-110.963085,2.5,5,1,"{'BikeParking': 'True', 'GoodForKids': 'True', 'BusinessParking': ""{'garage': False, 'street': False, 'validated': False, 'lot': False, 'valet': False}""}","Parks, Active Life",
ZOrg2EeYdfYi-wexVkZzqA,Purls Tucson,7507 E Broadway,Tucson,AZ,85710,32.2217865,-110.8314891,4.0,7,0,"{'BusinessParking': ""{'garage': False, 'street': False, 'validated': False, 'lot': False, 'valet': False}"", 'BusinessAcceptsCreditCards': 'True', 'RestaurantsPriceRange2': '2'}","Arts & Crafts, Shopping","{'Monday': '10:0-16:0', 'Tuesday': '10:0-16:0', 'Wednesday': '10:0-20:0', 'Thursday': '10:0-16:0', 'Friday': '10:0-16:0', 'Saturday': '10:0-16:0', 'Sunday': '10:0-14:0'}"
VO5Jphyqmoa62lbA7-vzpQ,Gaslight Theatre,7010 E Broadway Blvd,Tucson,AZ,85710,32.2203531,-110.8431381,4.5,165,1,"{'GoodForKids': 'True', 'DogsAllowed': 'False'}","Arts & Entertainment, Performing Arts","{'Monday': '10:0-21:0', 'Tuesday': '10:0-21:0', 'Wednesday': '10:0-21:0', 'Thursday': '10:0-21:0', 'Friday': '10:0-22:0', 'Saturday': '10:0-22:0', 'Sunday': '9:0-20:0'}"
402dEWTSI6Nxg15oRJ7znQ,Michaels,4070 N Oracle Rd,Tucson,AZ,85705,32.2811413003,-110.9770232006,3.0,30,1,"{'BusinessAcceptsCreditCards': 'True', 'BusinessParking': ""{'garage': False, 'street': True, 'validated': False, 'lot': True, 'valet': False}"", 'BikeParking': 'True', 'RestaurantsPriceRange2': '2'}","Hobby Shops, Shopping, Knitting Supplies, Arts & Crafts, Art Supplies","{'Monday': '0:0-0:0', 'Tuesday': '9:0-18:0', 'Wednesday': '10:0-19:0', 'Thursday': '17:0-0:0', 'Friday': '7:0-22:0', 'Saturday': '8:0-22:0', 'Sunday': '10:0-19:0'}"
pZao0vH2yYFGHiG9IIfHwg,Canyon Dental Group,4001 E Broadway Blvd,Tucson,AZ,85711,32.2218192351,-110.9071158601,3.0,17,1,"{'BusinessAcceptsCreditCards': 'True', 'AcceptsInsurance': 'True', 'ByAppointmentOnly': 'False'}","Health & Medical, Endodontists, Cosmetic Dentists, General Dentistry, Dentists","{'Monday': '9:0-17:0', 'Tuesday': '9:0-17:0', 'Wednesday': '9:0-17:0', 'Thursday': '9:0-17:0', 'Friday': '9:0-15:0'}"
AEOd0wRdjeLIXb1usSp9hg,Kung Fu Noodle,"3122 N Campbell Ave, Ste 100",Tucson,AZ,85719,32.2636803,-110.9431659,4.0,217,1,"{'NoiseLevel': ""'average'"", 'RestaurantsPriceRange2': '2', 'WiFi': ""u'free'"", 'Alcohol': ""'none'"", 'RestaurantsGoodForGroups': 'True', 'RestaurantsAttire': ""u'casual'"", 'BusinessAcceptsCreditCards': 'True', 'RestaurantsTableService': 'True', 'HasTV': 'False', 'BikeParking': 'True', 'DogsAllowed': 'False', 'GoodForMeal': ""{'dessert': False, 'latenight': False, 'lunch': True, 'dinner': True, 'brunch': None, 'breakfast': False}"", 'HappyHour': 'False', 'RestaurantsReservations': 'True', 'GoodForKids': 'True', 'Caters': 'False', 'RestaurantsDelivery': 'True', 'Ambience': ""{'touristy': False, 'hipster': False, 'romantic': False, 'divey': False, 'intimate': False, 'trendy': None, 'upscale': False, 'classy': False, 'casual': True}"", 'BusinessParking': ""{u'valet': False, u'garage': False, u'street': None, u'lot': True, u'validated': False}"", 'OutdoorSeating': 'False', 'RestaurantsTakeOut': 'True'}","Restaurants, Dim Sum, Chinese, Cantonese, Noodles, Taiwanese, Szechuan","{'Monday': '11:0-21:0', 'Tuesday': '11:0-21:0', 'Wednesday': '11:0-21:0', 'Thursday': '11:0-21:0', 'Friday': '11:0-21:30', 'Saturday': '12:0-21:30', 'Sunday': '12:0-21:0'}"
KEiGlniuU6mMmlagQpZv1g,Priority Auto And Tire Center,3575 E Grant Rd,Tucson,AZ,85716,32.2509042,-110.916516,4.5,19,1,"{'BusinessAcceptsCreditCards': 'True', 'WiFi': ""u'free'"", 'ByAppointmentOnly': 'False'}","Automotive, Tires, Towing, Auto Repair","{'Monday': '0:0-0:0', 'Tuesday': '7:30-17:30', 'Wednesday': '7:30-17:30', 'Thursday': '7:30-17:30', 'Friday': '7:30-17:30'}"
v0PRaHq5OnFp-fy8DvUmLQ,Smart Move Moving and Storage,3580 W Ina Rd,Tucson,AZ,85741,32.3379638811,-111.0417220436,2.5,15,1,"{'BusinessAcceptsBitcoin': 'False', 'BusinessAcceptsCreditCards': 'True'}","Self Storage, Packing Services, Local Services, Home Services, Movers","{'Monday': '7:0-19:0', 'Tuesday': '7:0-19:0', 'Wednesday': '7:0-19:0', 'Thursday': '7:0-19:0', 'Friday': '7:0-19:0', 'Saturday': '7:0-19:0', 'Sunday': '7:0-15:0'}"
vDhOjSNfgA4eE1Rj88-XDA,Safehouse,4024 E Speedway Blvd,Tucson,AZ,85712,32.235893,-110.906672,3.5,23,0,"{'RestaurantsPriceRange2': '1', 'OutdoorSeating': 'True', 'BusinessAcceptsCreditCards': 'True', 'WiFi': ""'free'"", 'BusinessParking': ""{'garage': False, 'street': False, 'validated': False, 'lot': True, 'valet': False}""}","Coffee & Tea, Nightlife, Restaurants, Pool Halls, Food","{'Monday': '7:0-1:0', 'Tuesday': '7:0-1:0', 'Wednesday': '7:0-1:0', 'Thursday': '7:0-1:0', 'Friday': '7:0-2:0', 'Saturday': '7:0-2:0', 'Sunday': '7:0-1:0'}"
KxrXqdsgT7lcghhNk00z6w,Jerry Bob's,"7850 N Silverbell Rd, Ste 156",Tucson,AZ,85743,32.350026,-111.0994,3.0,33,0,"{'NoiseLevel': ""u'average'"", 'RestaurantsPriceRange2': '1', 'GoodForKids': 'True', 'BusinessAcceptsCreditCards': 'True', 'RestaurantsGoodForGroups': 'True', 'WiFi': ""'no'"", 'RestaurantsTakeOut': 'True', 'Caters': 'False', 'RestaurantsAttire': ""u'casual'"", 'Alcohol': ""u'none'"", 'RestaurantsReservations': 'False', 'BikeParking': 'True', 'RestaurantsTableService': 'True', 'OutdoorSeating': 'False', 'HasTV': 'True', 'Ambience': ""{'touristy': False, 'hipster': False, 'romantic': False, 'divey': False, 'intimate': False, 'trendy': False, 'upscale': False, 'classy': False, 'casual': True}"", 'RestaurantsDelivery': 'True', 'BusinessParking': ""{'garage': False, 'street': False, 'validated': False, 'lot': False, 'valet': False}"", 'GoodForMeal': ""{'dessert': False, 'latenight': False, 'lunch': True, 'dinner': False, 'brunch': False, 'breakfast': True}""}","Restaurants, Breakfast & Brunch, American (Traditional)","{'Monday': '6:0-14:0', 'Tuesday': '6:0-14:0', 'Wednesday': '6:0-14:0', 'Thursday': '6:0-14:0', 'Friday': '6:0-14:0', 'Saturday': '6:0-14:0', 'Sunday': '6:0-14:0'}"
xHdekRjTK93GR2AgtvrtgQ,Growler's Taphouse,8275 N Silverbell Rd,Tucson,AZ,85743,32.3573574258,-111.1140279582,3.5,149,1,"{'BikeParking': 'True', 'Alcohol': ""'full_bar'"", 'GoodForDancing': 'False', 'CoatCheck': 'False', 'HasTV': 'True', 'RestaurantsAttire': ""'casual'"", 'WiFi': ""'paid'"", 'NoiseLevel': ""u'average'"", 'RestaurantsTableService': 'True', 'OutdoorSeating': 'True', 'Ambience': ""{'touristy': False, 'hipster': None, 'romantic': False, 'divey': False, 'intimate': False, 'trendy': None, 'upscale': False, 'classy': None, 'casual': True}"", 'RestaurantsPriceRange2': '2', 'RestaurantsGoodForGroups': 'True', 'BestNights': ""{'monday': False, 'tuesday': False, 'friday': True, 'wednesday': False, 'thursday': True, 'sunday': False, 'saturday': True}"", 'HappyHour': 'True', 'RestaurantsReservations': 'False', 'GoodForMeal': ""{'dessert': None, 'latenight': None, 'lunch': True, 'dinner': True, 'brunch': None, 'breakfast': None}"", 'Music': ""{'dj': False, 'background_music': False, 'no_music': False, 'jukebox': False, 'live': True, 'video': False, 'karaoke': False}"", 'RestaurantsDelivery': 'True', 'Smoking': ""u'no'"", 'DogsAllowed': 'True', 'BusinessParking': ""{'garage': False, 'street': False, 'validated': False, 'lot': True, 'valet': False}"", 'BusinessAcceptsCreditCards': 'True', 'RestaurantsTakeOut': 'True', 'GoodForKids': 'True'}","Beer, Wine & Spirits, Restaurants, Bars, Sports Bars, American (New), Food, Beer Bar, Music Venues, Nightlife, Arts & Entertainment","{'Tuesday': '15:0-22:0', 'Wednesday': '15:0-22:0', 'Thursday': '15:0-22:0', 'Friday': '11:30-0:0', 'Saturday': '11:30-0:0', 'Sunday': '11:30-22:0'}"
jg75navc2li2ba6FflRp6g,Wellness Key Chiropractic,"4558 N 1st Ave, Ste 110",Tucson,AZ,85718,32.289645,-110.960401,3.5,5,1,"{'ByAppointmentOnly': 'False', 'WiFi': ""u'no'"", 'BusinessAcceptsCreditCards': 'True'}","Chiropractors, Health & Medical","{'Monday': '8:0-18:0', 'Tuesday': '13:0-18:0', 'Wednesday': '8:0-18:0', 'Thursday': '8:0-18:0'}"
nsE1a_TATbVc1rjAvK42Mg,Cheesy Rider,7401 N La Cholla Blvd,Tucson,AZ,85741,32.3408464,-111.0149434,3.5,7,0,"{'Caters': 'True', 'RestaurantsPriceRange2': '2', 'BusinessParking': ""{'garage': False, 'street': False, 'validated': False, 'lot': False, 'valet': False}"", 'BusinessAcceptsCreditCards': 'True', 'BikeParking': 'True'}","Food Trucks, Local Flavor, Sandwiches, Food, Food Court, Soup, Salad, Restaurants","{'Monday': '10:0-21:0', 'Tuesday': '10:0-21:0', 'Wednesday': '10:0-21:0', 'Thursday': '10:0-21:0', 'Friday': '10:0-21:0', 'Saturday': '10:0-21:0', 'Sunday': '11:0-18:0'}"
u75fYA_bwkfWK6yvdfveCA,Opas Grill,500 N 4th Ave,Tucson,AZ,85705,32.2280786,-110.9654562,4.5,36,1,"{'Caters': 'True', 'OutdoorSeating': 'True', 'HasTV': 'True', 'BusinessParking': ""{u'valet': False, u'garage': False, u'street': False, u'lot': True, u'validated': False}"", 'RestaurantsDelivery': 'True', 'RestaurantsTakeOut': 'True'}","Greek, Restaurants","{'Monday': '11:0-21:0', 'Tuesday': '11:0-21:0', 'Wednesday': '11:0-21:0', 'Thursday': '11:0-21:0', 'Friday': '11:0-22:0', 'Saturday': '11:0-22:0', 'Sunday': '11:0-21:0'}"
L5YVsgOcSfGeZWB0pPFM0w,Arizona Sanitation,,Tucson,AZ,85705,32.2680738,-110.9923904,2.0,10,1,,"Junk Removal & Hauling, Local Services","{'Monday': '8:0-16:0', 'Tuesday': '8:0-16:0', 'Wednesday': '8:0-16:0', 'Thursday': '8:0-16:0', 'Friday': '8:0-16:0'}"
ERl6OCSEIFBOqfjai_jIUg,La Parrilla Suiza,2720 N Oracle Rd,Tucson,AZ,85705,32.25642,-110.97746,3.0,125,1,"{'WiFi': ""u'free'"", 'RestaurantsReservations': 'True', 'RestaurantsPriceRange2': '2', 'RestaurantsAttire': ""u'casual'"", 'GoodForKids': 'True', 'RestaurantsTakeOut': 'True', 'BikeParking': 'True', 'BusinessParking': ""{'garage': False, 'street': False, 'validated': False, 'lot': True, 'valet': False}"", 'RestaurantsGoodForGroups': 'True', 'BusinessAcceptsCreditCards': 'True', 'Caters': 'True', 'Alcohol': ""u'full_bar'"", 'NoiseLevel': ""'average'"", 'HasTV': 'True', 'OutdoorSeating': 'False', 'Ambience': ""{'touristy': False, 'hipster': False, 'romantic': None, 'divey': False, 'intimate': False, 'trendy': False, 'upscale': False, 'classy': None, 'casual': True}"", 'DogsAllowed': 'False', 'HappyHour': 'True', 'GoodForMeal': ""{'dessert': None, 'latenight': False, 'lunch': True, 'dinner': True, 'brunch': False, 'breakfast': False}"", 'RestaurantsDelivery': 'True'}","Restaurants, Mexican","{'Monday': '11:0-22:0', 'Tuesday': '11:0-22:0', 'Wednesday': '11:0-22:0', 'Thursday': '11:0-22:0', 'Friday': '11:0-23:0', 'Saturday': '11:0-23:0', 'Sunday': '11:0-22:0'}"
cXAKeC-EgVChIxhS7fscmw,Ghini's French Caffe,1803 E Prince Rd,Tucson,AZ,85719,32.2735760993,-110.944434852,3.5,427,1,"{'RestaurantsGoodForGroups': 'True', 'RestaurantsDelivery': 'True', 'WiFi': ""u'free'"", 'BusinessParking': ""{'garage': False, 'street': False, 'validated': False, 'lot': True, 'valet': False}"", 'GoodForKids': 'True', 'HasTV': 'True', 'RestaurantsReservations': 'True', 'Caters': 'True', 'OutdoorSeating': 'True', 'BusinessAcceptsCreditCards': 'True', 'RestaurantsTakeOut': 'True', 'Alcohol': ""u'full_bar'"", 'RestaurantsAttire': ""'casual'"", 'RestaurantsPriceRange2': '2', 'NoiseLevel': ""u'average'"", 'WheelchairAccessible': 'True', 'RestaurantsTableService': 'True', 'DogsAllowed': 'True', 'BikeParking': 'True', 'BusinessAcceptsBitcoin': 'False', 'GoodForMeal': ""{'dessert': None, 'latenight': False, 'lunch': None, 'dinner': False, 'brunch': True, 'breakfast': True}"", 'ByAppointmentOnly': 'False', 'Ambience': ""{'touristy': False, 'hipster': False, 'romantic': False, 'divey': False, 'intimate': False, 'trendy': False, 'upscale': False, 'classy': True, 'casual': True}"", 'HappyHour': 'True', 'Corkage': 'False', 'BYOB': 'False'}","Restaurants, Food, Breakfast & Brunch, Sandwiches, French, Bakeries, Salad","{'Monday': '0:0-0:0', 'Tuesday': '8:0-14:0', 'Wednesday': '8:0-14:0', 'Thursday': '8:0-14:0', 'Friday': '8:0-14:0', 'Saturday': '8:0-14:0', 'Sunday': '8:0-14:0'}"
VvZOFudu6RQfYkfyD1nIvg,Artistic Elegance,3577 E Golf Links Rd,Tucson,AZ,85713,32.1929032,-110.915891,5.0,7,1,,"RV Repair, Automotive, Body Shops","{'Monday': '8:0-17:0', 'Tuesday': '8:0-17:0', 'Wednesday': '8:0-17:0', 'Thursday': '8:0-17:0', 'Friday': '8:0-17:0'}"
iP3dnHbtTiwuvWAJ0rI6jA,Rincon Country East RV Resort,8989 E Escalante Rd,Tucson,AZ,85730,32.177628,-110.801432,3.0,5,1,{'BusinessAcceptsCreditCards': 'True'},"RV Parks, RV Rental, Event Planning & Services, Hotels & Travel, Resorts, Vacation Rentals, Hotels","{'Monday': '9:0-16:0', 'Tuesday': '9:0-16:0', 'Wednesday': '9:0-16:0', 'Thursday': '9:0-16:0', 'Friday': '9:0-16:0'}"
blHTn-dKS9q7QhdO0HSKRg,Petco,5405 Broadway Blvd,Tucson,AZ,85711,32.2217,-110.8772,2.5,30,1,"{'OutdoorSeating': 'False', 'HasTV': 'False', 'Caters': 'False', 'HappyHour': 'False', 'RestaurantsDelivery': 'False', 'RestaurantsTakeOut': 'False', 'RestaurantsReservations': 'False', 'BusinessAcceptsCreditCards': 'True', 'WheelchairAccessible': 'True', 'ByAppointmentOnly': 'False', 'DogsAllowed': 'True', 'CoatCheck': 'False', 'WiFi': ""u'no'""}","Pet Groomers, Pet Stores, Pets, Pet Services, Pet Training","{'Monday': '0:0-0:0', 'Tuesday': '9:0-21:0', 'Wednesday': '9:0-22:0', 'Thursday': '10:0-19:0', 'Friday': '10:0-19:0', 'Saturday': '9:0-20:0', 'Sunday': '10:0-19:0'}"
Ack8b4HTC4FQQkOgy27IGw,Arizona Star Tours,,Tucson,AZ,85704,32.3411387163,-111.0150497018,5.0,8,1,"{'WiFi': ""u'no'""}","Hotels & Travel, Walking Tours, Event Planning & Services, Observatories, Arts & Entertainment, Tours","{'Monday': '10:0-17:0', 'Tuesday': '10:0-17:0', 'Wednesday': '10:0-17:0', 'Thursday': '10:0-17:0', 'Friday': '10:0-17:0'}"
a7ZmzKZRhVjKaJBZ7zIGzg,The Dish Bistro,3131 E 1st St,Tucson,AZ,85716,32.2354037,-110.9255968,4.0,69,0,"{'BusinessAcceptsCreditCards': 'True', 'OutdoorSeating': 'False', 'BYOBCorkage': ""'yes_corkage'"", 'RestaurantsPriceRange2': '3', 'RestaurantsReservations': 'True', 'RestaurantsTakeOut': 'True', 'NoiseLevel': ""u'quiet'"", 'RestaurantsDelivery': 'False', 'RestaurantsGoodForGroups': 'False', 'Corkage': 'True', 'GoodForKids': 'False', 'HasTV': 'False', 'BusinessParking': ""{'garage': False, 'street': False, 'validated': False, 'lot': True, 'valet': False}"", 'Alcohol': ""u'full_bar'"", 'Ambience': ""{'romantic': False, 'intimate': True, 'touristy': False, 'hipster': False, 'divey': False, 'classy': False, 'trendy': False, 'upscale': False, 'casual': False}"", 'RestaurantsAttire': ""u'dressy'"", 'Caters': 'False', 'BikeParking': 'True', 'WiFi': ""u'no'""}","Beer, Wine & Spirits, Arts & Entertainment, Wineries, Restaurants, American (New), Food","{'Tuesday': '17:0-21:0', 'Wednesday': '17:0-21:0', 'Thursday': '17:0-21:0', 'Friday': '17:0-22:0', 'Saturday': '17:0-22:0'}"
IKQwvWasGAcYfOVzaf4YJA,Velvet Vapors,5315 E Broadway Blvd,Tucson,AZ,85711,32.222024,-110.878716,4.5,12,1,"{'RestaurantsPriceRange2': '2', 'BusinessAcceptsCreditCards': 'True', 'BusinessParking': ""{'garage': False, 'street': False, 'validated': False, 'lot': True, 'valet': False}"", 'BikeParking': 'True', 'WheelchairAccessible': 'True', 'ByAppointmentOnly': 'False'}","Shopping, Vape Shops, Tobacco Shops","{'Monday': '10:0-20:0', 'Tuesday': '10:0-20:0', 'Wednesday': '10:0-20:0', 'Thursday': '10:0-20:0', 'Friday': '10:0-20:0', 'Saturday': '10:0-20:0', 'Sunday': '12:0-17:0'}"
bC5RvJlfusOqyq_g6ztoAA,University Postal,1718 E Speedway Blvd,Tucson,AZ,85719,32.2356489,-110.946269,2.5,21,1,{'BusinessAcceptsCreditCards': 'True'},"Printing Services, Local Services, Professional Services, Couriers & Delivery Services, Shipping Centers, Notaries","{'Monday': '9:0-17:30', 'Tuesday': '9:0-17:30', 'Wednesday': '9:0-17:30', 'Thursday': '9:0-17:30', 'Friday': '9:0-17:30', 'Saturday': '10:0-14:0'}"
CQqYVBiCeYAekDa0H4S6DQ,Desert Sports & Fitness - Ajo,3672 S 16th Ave,Tucson,AZ,85713,32.180928,-110.984403,2.0,9,1,"{'BusinessParking': 'None', 'ByAppointmentOnly': 'True', 'GoodForKids': 'False', 'BusinessAcceptsCreditCards': 'True', 'BikeParking': 'False'}","Trainers, Fitness & Instruction, Gyms, Weight Loss Centers, Circuit Training Gyms, Active Life, Health & Medical","{'Monday': '7:0-16:0', 'Tuesday': '4:0-23:0', 'Wednesday': '7:0-12:0', 'Thursday': '4:0-23:0', 'Friday': '4:0-21:0', 'Saturday': '7:0-14:0', 'Sunday': '7:0-12:0'}"
S7aSpY5VcuexPVDWd1SGAA,Bank of America Financial Center,8240 N Cortaro Rd,Tucson,AZ,85743,32.355928676,-111.092369739,2.5,7,1,{'BusinessAcceptsCreditCards': 'True'},"Banks & Credit Unions, Real Estate, Financial Services, Home Services, Mortgage Brokers","{'Monday': '0:0-0:0', 'Tuesday': '9:0-16:0', 'Wednesday': '9:0-16:0', 'Thursday': '9:0-16:0', 'Friday': '9:0-14:0'}"
DHm65Nj4kCKkzV86cJCNdg,Eric's Flower Market,2458 N Campbell Ave,Tucson,AZ,85719,32.251383,-110.943499,2.5,59,1,"{'RestaurantsPriceRange2': '2', 'BusinessAcceptsCreditCards': 'True', 'BikeParking': 'True', 'BusinessAcceptsBitcoin': 'False', 'ByAppointmentOnly': 'False', 'RestaurantsDelivery': 'None', 'BusinessParking': ""{'garage': False, 'street': False, 'validated': False, 'lot': False, 'valet': False}""}","Event Planning & Services, Flowers & Gifts, Florists, Wedding Planning, Shopping","{'Monday': '9:0-17:0', 'Tuesday': '9:0-17:0', 'Wednesday': '9:0-17:0', 'Thursday': '9:0-17:0', 'Friday': '9:0-17:0', 'Saturday': '9:0-14:0', 'Sunday': '9:0-14:0'}"
CR4JNMaB4FLBuqgyj79ZRQ,eegee's,3250 E Valencia Rd,Tucson,AZ,85706,32.13398888,-110.8383689,3.0,35,1,"{'BikeParking': 'False', 'WiFi': ""'no'"", 'OutdoorSeating': 'True', 'RestaurantsTakeOut': 'True', 'BusinessAcceptsCreditCards': 'True', 'Caters': 'True', 'RestaurantsAttire': ""u'casual'"", 'RestaurantsPriceRange2': '1', 'RestaurantsGoodForGroups': 'True', 'GoodForKids': 'True', 'Alcohol': ""'none'"", 'Ambience': ""{'touristy': False, 'hipster': False, 'romantic': False, 'divey': False, 'intimate': False, 'trendy': False, 'upscale': False, 'classy': False, 'casual': True}"", 'RestaurantsReservations': 'False', 'GoodForMeal': ""{'dessert': False, 'latenight': False, 'lunch': False, 'dinner': False, 'brunch': False, 'breakfast': False}"", 'BusinessParking': ""{'garage': False, 'street': False, 'validated': False, 'lot': True, 'valet': False}"", 'HasTV': 'True', 'DriveThru': 'True', 'RestaurantsDelivery': 'True', 'WheelchairAccessible': 'True', 'ByAppointmentOnly': 'False'}","Restaurants, Fast Food, Food, Sandwiches, Desserts, Juice Bars & Smoothies","{'Monday': '0:0-0:0', 'Tuesday': '9:30-22:0', 'Wednesday': '9:30-22:0', 'Thursday': '9:30-22:0', 'Friday': '9:30-18:0', 'Saturday': '9:30-19:0', 'Sunday': '9:30-22:0'}"
e5zr_YpVmrnZsF_9CX81KA,T-Mobile,"2990 N Campbell Ave, Ste 140",Tucson,AZ,85719,32.2609375188,-110.9434187561,3.0,12,1,"{'BusinessParking': ""{'garage': False, 'street': False, 'validated': False, 'lot': False, 'valet': False}"", 'BusinessAcceptsCreditCards': 'True'}","Shopping, Local Services, Mobile Phones, IT Services & Computer Repair, Telecommunications, Mobile Phone Accessories, Electronics","{'Monday': '0:0-0:0', 'Tuesday': '10:0-20:0', 'Wednesday': '10:0-20:0', 'Thursday': '10:0-20:0', 'Friday': '10:0-20:0', 'Saturday': '10:0-19:0', 'Sunday': '11:0-18:0'}"
Y6AmQuUO90gDO9JBogXXiA,Insomnia Cookies,"345 E Congress St, Ste 145",Tucson,AZ,85701,32.2218828,-110.9652865,3.5,75,1,"{'WiFi': ""'free'"", 'RestaurantsPriceRange2': '2', 'RestaurantsTakeOut': 'True', 'BusinessParking': ""{'garage': False, 'street': False, 'validated': False, 'lot': True, 'valet': False}"", 'RestaurantsDelivery': 'True', 'BikeParking': 'True', 'BusinessAcceptsCreditCards': 'True'}","Ice Cream & Frozen Yogurt, Desserts, Food Delivery Services, Bakeries, Food","{'Monday': '0:0-0:0', 'Tuesday': '11:0-0:0', 'Wednesday': '11:0-0:0', 'Thursday': '11:0-1:0', 'Friday': '11:0-18:0', 'Saturday': '12:0-1:0', 'Sunday': '12:0-0:0'}"
xDLX8o-RHKCgoaaNf73eAQ,Pet Designs,2549 E Broadway Blvd,Tucson,AZ,85716,32.2219011,-110.9339801,4.5,32,0,,"Pet Groomers, Pet Sitting, Pet Services, Pets","{'Tuesday': '8:0-17:0', 'Wednesday': '8:0-17:0', 'Thursday': '8:0-17:0', 'Friday': '8:0-17:0', 'Saturday': '8:0-17:0'}"
caGpaptBP4BKJkpH5W6cvA,Bing's Boba Tea,2510 N Campbell Ave,Tucson,AZ,85719,32.252543,-110.943666,4.0,218,1,"{'BikeParking': 'True', 'RestaurantsPriceRange2': '1', 'BusinessAcceptsBitcoin': 'False', 'BusinessParking': ""{'garage': False, 'street': False, 'validated': False, 'lot': True, 'valet': False}"", 'BusinessAcceptsCreditCards': 'True', 'WiFi': ""u'free'"", 'RestaurantsTakeOut': 'True', 'OutdoorSeating': 'False', 'NoiseLevel': ""u'average'"", 'Caters': 'False'}","Food, Shaved Ice, Bubble Tea, Juice Bars & Smoothies, Coffee & Tea","{'Monday': '0:0-0:0', 'Tuesday': '11:0-22:0', 'Wednesday': '11:0-22:0', 'Thursday': '11:0-22:0', 'Friday': '11:0-22:0', 'Saturday': '11:0-22:0', 'Sunday': '11:0-21:0'}"
EWNsSQkF5YG88hQS0RdC9g,Skin Deep Spa,"2462 N Pantano Rd, Ste 1",Tucson,AZ,85715,32.2518102,-110.8229909,3.0,13,0,"{'RestaurantsPriceRange2': '1', 'ByAppointmentOnly': 'True', 'BusinessAcceptsCreditCards': 'True', 'BusinessParking': ""{'garage': False, 'street': False, 'validated': False, 'lot': True, 'valet': False}""}","Hair Removal, Day Spas, Skin Care, Massage, Beauty & Spas","{'Monday': '9:0-17:0', 'Tuesday': '9:0-20:0', 'Wednesday': '9:0-17:0', 'Thursday': '9:0-20:0', 'Friday': '9:0-17:0', 'Saturday': '9:0-18:0'}"
SjjrTfCxmLp0kJgy62sRAg,Maico,835 E 22nd St,Tucson,AZ,85713,32.2071939,-110.9574162,4.5,102,1,"{'RestaurantsTakeOut': 'True', 'BusinessAcceptsCreditCards': 'True', 'RestaurantsReservations': 'False', 'BusinessParking': ""{'garage': False, 'street': False, 'validated': False, 'lot': True, 'valet': False}"", 'Caters': 'False', 'RestaurantsGoodForGroups': 'True', 'RestaurantsPriceRange2': '1', 'WiFi': ""'no'"", 'Alcohol': ""u'none'"", 'GoodForKids': 'True', 'HasTV': 'True', 'NoiseLevel': ""u'average'"", 'GoodForMeal': ""{'dessert': False, 'latenight': False, 'lunch': True, 'dinner': True, 'brunch': True, 'breakfast': True}"", 'OutdoorSeating': 'True', 'Ambience': ""{'touristy': None, 'hipster': None, 'romantic': None, 'divey': None, 'intimate': False, 'trendy': None, 'upscale': None, 'classy': None, 'casual': True}"", 'RestaurantsAttire': ""u'casual'"", 'RestaurantsDelivery': 'True', 'BikeParking': 'True'}","Restaurants, Mexican","{'Monday': '6:0-21:0', 'Tuesday': '6:0-21:0', 'Wednesday': '6:0-21:0', 'Thursday': '6:0-21:0', 'Friday': '6:0-21:0', 'Saturday': '6:0-21:0', 'Sunday': '8:0-20:0'}"
YTfcGrp9FRkVSc2YJ0gAtQ,Green Touch Reflexology,7061 E Tanque Verde Rd,Tucson,AZ,85715,32.2508813,-110.841506,4.5,21,1,"{'BusinessAcceptsCreditCards': 'True', 'BusinessParking': ""{'garage': False, 'street': False, 'validated': False, 'lot': False, 'valet': False}""}","Reflexology, Beauty & Spas, Health & Medical, Massage, Physical Therapy","{'Monday': '10:0-20:30', 'Tuesday': '10:0-20:30', 'Wednesday': '10:0-20:30', 'Thursday': '10:0-20:30', 'Friday': '10:0-20:30', 'Saturday': '10:0-20:30', 'Sunday': '10:0-20:30'}"
yvW2NoOF4fv1r50A_jhjdw,Zoe Mediterranean,"9105 E Tanque Verde Rd, Ste 103",Tucson,AZ,85749,32.2593114,-110.7979812,4.5,9,0,"{'NoiseLevel': ""u'quiet'"", 'GoodForKids': 'True', 'RestaurantsPriceRange2': '1', 'Ambience': ""{'romantic': False, 'intimate': False, 'touristy': False, 'hipster': False, 'divey': False, 'classy': False, 'trendy': False, 'upscale': False, 'casual': False}"", 'RestaurantsGoodForGroups': 'True', 'Caters': 'True', 'RestaurantsTakeOut': 'True', 'RestaurantsAttire': ""u'casual'"", 'BusinessAcceptsCreditCards': 'True', 'RestaurantsReservations': 'False', 'OutdoorSeating': 'True', 'HasTV': 'False', 'RestaurantsDelivery': 'False', 'BusinessParking': ""{'garage': False, 'street': False, 'validated': False, 'lot': False, 'valet': False}"", 'Alcohol': ""u'none'""}","Vegetarian, Mediterranean, Greek, Restaurants","{'Monday': '7:0-20:0', 'Tuesday': '7:0-20:0', 'Wednesday': '7:0-20:0', 'Thursday': '7:0-20:0', 'Friday': '7:0-20:0', 'Saturday': '7:0-20:0'}"
s8zQJgjBhlwE-qcGPKnGsQ,Subway,5443 E 22nd St,Tucson,AZ,85711,32.2080223001,-110.876083,3.5,8,0,"{'RestaurantsReservations': 'False', 'RestaurantsTakeOut': 'True', 'RestaurantsGoodForGroups': 'False', 'BusinessAcceptsCreditCards': 'True', 'RestaurantsPriceRange2': '1', 'HasTV': 'True', 'RestaurantsDelivery': 'None', 'BusinessParking': ""{'garage': False, 'street': False, 'validated': False, 'lot': False, 'valet': False}""}","Restaurants, Fast Food, Delis, Sandwiches","{'Monday': '7:0-21:0', 'Tuesday': '7:0-21:0', 'Wednesday': '7:0-21:0', 'Thursday': '7:0-22:0', 'Friday': '7:0-22:0', 'Saturday': '8:0-21:0', 'Sunday': '8:0-21:0'}"
3qb8EohA5ampMpZE33DuTQ,Catalina Cleaners,8310 N Thornydale Rd,Tucson,AZ,85741,32.357512,-111.045913,3.0,8,0,"{'BusinessAcceptsCreditCards': 'True', 'RestaurantsPriceRange2': '2', 'BusinessParking': ""{'garage': False, 'street': False, 'validated': False, 'lot': False, 'valet': False}"", 'BikeParking': 'False', 'WiFi': ""'no'""}","Local Services, Dry Cleaning & Laundry, Laundry Services",
v_Q2AHJ7m-puScWAPNS1OA,Magic Garden,7909 E 22nd St,Tucson,AZ,85710,32.2069309,-110.8227189,4.0,22,1,"{'BusinessParking': ""{'garage': False, 'street': False, 'validated': False, 'lot': True, 'valet': False}"", 'BusinessAcceptsCreditCards': 'True', 'RestaurantsPriceRange2': '2', 'BikeParking': 'True'}","Home Services, Nurseries & Gardening, Home & Garden, Shopping, Landscaping","{'Monday': '8:0-17:0', 'Tuesday': '8:0-17:0', 'Wednesday': '8:0-17:0', 'Thursday': '8:0-17:0', 'Friday': '8:0-17:0', 'Saturday': '8:0-17:0', 'Sunday': '8:0-17:0'}"
7E3mhfqDUSe0oKaZ9VikGg,Wienerschnitzel,2043 East Broadway Blvd,Tucson,AZ,85719,32.2217236,-110.9413264,3.0,6,0,"{'BusinessAcceptsCreditCards': 'True', 'GoodForKids': 'True', 'RestaurantsPriceRange2': '1', 'RestaurantsDelivery': 'False', 'RestaurantsGoodForGroups': 'True', 'BusinessParking': ""{'garage': False, 'street': False, 'validated': False, 'lot': False, 'valet': False}"", 'WiFi': ""u'no'"", 'Ambience': ""{'touristy': False, 'hipster': False, 'romantic': False, 'divey': False, 'intimate': False, 'trendy': False, 'upscale': False, 'classy': False, 'casual': False}"", 'RestaurantsTakeOut': 'True', 'RestaurantsReservations': 'False'}","Sandwiches, Fast Food, Hot Dogs, Restaurants","{'Monday': '9:0-0:0', 'Tuesday': '9:0-0:0', 'Wednesday': '9:0-0:0', 'Thursday': '9:0-0:0', 'Friday': '9:0-0:0', 'Saturday': '9:0-0:0', 'Sunday': '9:0-0:0'}"
f08aeZ_T49CpjeR5847OWA,Pro-Cuts,"2500 N Silverbell Rd Ste 130, Silverbell Plaza Ii",Tucson,AZ,85745,32.252986,-111.014036,4.0,15,1,"{'RestaurantsPriceRange2': '1', 'BusinessAcceptsCreditCards': 'True', 'ByAppointmentOnly': 'False', 'BusinessParking': ""{'garage': False, 'street': False, 'validated': False, 'lot': True, 'valet': False}"", 'BikeParking': 'False', 'GoodForKids': 'True'}","Hair Salons, Beauty & Spas, Hair Stylists, Barbers","{'Monday': '7:0-20:0', 'Tuesday': '7:0-20:0', 'Wednesday': '7:0-20:0', 'Thursday': '7:0-20:0', 'Friday': '7:0-20:0', 'Saturday': '7:0-20:0', 'Sunday': '11:0-18:0'}"
ic5sXFD3-Ou4Vj49eELSRA,Rolling Hills Pet Clinic,7010 E Golf Links Rd.,Tucson,AZ,85730,32.1909378679,-110.843525332,4.5,24,1,{'ByAppointmentOnly': 'True'},"Pet Adoption, Pets, Arts & Crafts, Shopping, Pet Hospice, Urgent Care, Veterinarians, Pet Services, Art Supplies, Health & Medical","{'Monday': '8:0-17:30', 'Tuesday': '8:0-17:30', 'Wednesday': '8:0-17:30', 'Thursday': '8:0-17:30', 'Friday': '8:0-17:30'}"
E-7jcJqB3tn9XYRghCpNLQ,Mom and Pop Donut Shop,7854 E Wrightstown Rd,Tucson,AZ,85707,32.2493564,-110.8253505,4.5,6,0,"{'BusinessAcceptsCreditCards': 'True', 'RestaurantsPriceRange2': '1', 'BusinessParking': ""{'garage': False, 'street': False, 'validated': False, 'lot': True, 'valet': False}""}","Donuts, Food",
cH10D998iLwKf7o97tp6iw,PostNet,"8110 S Houghton Rd, Ste 158",Tucson,AZ,85747,32.1044907505,-110.7747089067,2.5,15,1,{'BusinessAcceptsCreditCards': 'True'},"Couriers & Delivery Services, Printing Services, Local Services, Shipping Centers, Professional Services, Graphic Design","{'Monday': '8:30-17:0', 'Tuesday': '8:30-17:0', 'Wednesday': '8:30-17:0', 'Thursday': '8:30-17:0', 'Friday': '8:30-17:0', 'Saturday': '9:0-13:0'}"
VegLx2inEzN_zWeqyWKAYQ,CrossFit NorthWest Tucson,"6800 N Camino Martin, Ste 106",Tucson,AZ,85741,32.3306845,-111.0561935,5.0,5,0,{'GoodForKids': 'True'},"Fitness & Instruction, Gyms, Active Life, Interval Training Gyms","{'Monday': '5:30-19:45', 'Tuesday': '5:30-19:45', 'Wednesday': '5:30-19:45', 'Thursday': '5:30-19:45', 'Friday': '5:30-18:30', 'Saturday': '8:0-10:30', 'Sunday': '10:0-12:0'}"
BMvPOv-nAMdWaho-R6iqKQ,Wild Orchids Salon,6743 E Camino Principal,Tucson,AZ,85715,32.2504477,-110.847856,4.5,19,1,"{'BusinessAcceptsCreditCards': 'True', 'BusinessParking': ""{'garage': False, 'street': False, 'validated': False, 'lot': True, 'valet': False}"", 'RestaurantsPriceRange2': '2', 'BikeParking': 'False', 'ByAppointmentOnly': 'False', 'GoodForKids': 'True', 'WheelchairAccessible': 'True', 'HairSpecializesIn': ""{'straightperms': False, 'coloring': True, 'extensions': True, 'africanamerican': False, 'curly': True, 'kids': True, 'perms': False, 'asian': True}"", 'WiFi': ""u'free'""}","Eyelash Service, Beauty & Spas, Skin Care, Hair Salons","{'Tuesday': '9:0-19:0', 'Wednesday': '9:0-18:0', 'Thursday': '9:0-19:0', 'Friday': '9:0-18:0', 'Saturday': '9:0-16:0'}"
99PHoYauSnGqVhVU6D8eJA,Old Pueblo Traders,"6228 E Broadway Blvd, Ste 150",Tucson,AZ,85712,32.2201718,-110.8596674,1.0,11,0,"{'BikeParking': 'False', 'BusinessAcceptsCreditCards': 'True', 'RestaurantsPriceRange2': '3', 'BusinessParking': ""{'garage': False, 'street': False, 'validated': False, 'lot': False, 'valet': False}""}","Shopping, Fashion, Women's Clothing, Accessories",
Mf6QgRlpd_W4H8GMW6gO8Q,Chuck's Trucks,5525 N Camino De La Tierra,Tucson,AZ,85705,32.3072949,-111.0381468,3.5,7,1,{'BusinessAcceptsCreditCards': 'True'},"Automotive, Auto Parts & Supplies",
zU1rfW-rBW2Jm9ERqVg3fw,Casas Adobes Pediatrics,7600 N La Cholla Blvd,Tucson,AZ,85741,32.3444500459,-111.0110174835,3.5,6,1,{'ByAppointmentOnly': 'True'},"Doctors, Pediatricians, Health & Medical","{'Monday': '8:0-17:0', 'Tuesday': '8:0-17:0', 'Wednesday': '8:0-17:0', 'Thursday': '8:0-17:0', 'Friday': '8:0-17:0'}"
I4iTHe-vG5XV6bm9HAO9gg,Spikes Deluxe Dog Wash,4632 E Grant Rd,Tucson,AZ,85712,32.2501696,-110.8939508,3.0,14,0,,"Professional Services, Pet Groomers, Pets, Pet Services","{'Monday': '10:0-18:0', 'Tuesday': '10:0-18:0', 'Thursday': '10:0-18:0', 'Friday': '10:0-18:0', 'Saturday': '10:0-18:0', 'Sunday': '10:0-17:0'}"
x6a4OLDfZTODxV8Z9XUYfA,Mad Titan Toys,5733 E Speedway Blvd,Tucson,AZ,85712,32.236443,-110.8700499,5.0,5,0,"{'WheelchairAccessible': 'True', 'ByAppointmentOnly': 'False', 'DogsAllowed': 'False', 'BikeParking': 'False', 'BusinessAcceptsCreditCards': 'True', 'BusinessParking': ""{'garage': False, 'street': False, 'validated': False, 'lot': True, 'valet': False}"", 'BusinessAcceptsBitcoin': 'False'}","Shopping, Toy Stores, Books, Mags, Music & Video, Hobby Shops, Comic Books",{'Friday': '11:30-17:0'}
KYFJ7qh7bYYAsjnGrhH3NA,Bing's Boba Tea,"2040 W Orange Grove Rd, Ste 104",Tucson,AZ,85704,32.3246177,-111.0107186,4.0,182,1,"{'WiFi': ""u'free'"", 'BikeParking': 'True', 'RestaurantsPriceRange2': '1', 'BusinessParking': ""{'garage': False, 'street': False, 'validated': False, 'lot': True, 'valet': False}"", 'BusinessAcceptsCreditCards': 'True', 'OutdoorSeating': 'True', 'BusinessAcceptsBitcoin': 'False', 'RestaurantsTakeOut': 'True', 'ByAppointmentOnly': 'False', 'DogsAllowed': 'False', 'NoiseLevel': ""u'average'"", 'Caters': 'False'}","Bubble Tea, Coffee & Tea, Food, Juice Bars & Smoothies, Shaved Ice","{'Monday': '0:0-0:0', 'Tuesday': '11:0-20:0', 'Wednesday': '11:0-20:0', 'Thursday': '11:0-20:0', 'Friday': '11:0-21:0', 'Saturday': '11:0-21:0', 'Sunday': '11:0-20:0'}"
zyr9ItPuI5x2XxQ22plsqg,Naughton's,4226 S 6th Ave,Tucson,AZ,85714,32.1733445,-110.9684998,3.0,5,0,"{'BusinessAcceptsCreditCards': 'True', 'BusinessParking': ""{'garage': False, 'street': False, 'validated': False, 'lot': True, 'valet': False}""}","Home Services, Home & Garden, Hardware Stores, Heating & Air Conditioning/HVAC, Shopping, Plumbing, Nurseries & Gardening, Farming Equipment","{'Monday': '7:30-17:0', 'Tuesday': '7:30-17:0', 'Wednesday': '7:30-17:0', 'Thursday': '7:30-17:0', 'Friday': '7:30-17:0', 'Saturday': '8:0-17:0', 'Sunday': '10:0-14:0'}"
-6KL5N_AdaZnw3W1HHtEtA,Unique Thriftique,7332 E Broadway Blvd,Tucson,AZ,85710,32.2207184769,-110.8354787529,2.5,8,1,"{'BusinessAcceptsCreditCards': 'True', 'RestaurantsPriceRange2': '2', 'BikeParking': 'True', 'BusinessParking': ""{'garage': False, 'street': False, 'validated': False, 'lot': True, 'valet': False}""}","Thrift Stores, Shopping",
63ywjOHvA62YsZzbEK7voQ,"Charles Loschiavo, DMD","2370 N Wyatt Dr, Ste 120",Tucson,AZ,85712,32.2502772,-110.8818119,4.0,9,1,{'ByAppointmentOnly': 'True'},"Dentists, Health & Medical, Oral Surgeons","{'Monday': '8:0-17:0', 'Tuesday': '8:0-17:0', 'Wednesday': '8:0-17:0', 'Thursday': '8:0-17:0', 'Friday': '8:0-17:0'}"
Azwby99MXxgB8bjaCwXkKg,USA Pawn & Jewelry,4870 E 22nd St,Tucson,AZ,85711,32.2065124,-110.8880767,2.0,5,1,"{'BusinessParking': ""{u'valet': False, u'garage': False, u'street': False, u'lot': True, u'validated': False}""}","Gold Buyers, Jewelry, Shopping, Pawn Shops","{'Monday': '9:0-19:0', 'Tuesday': '9:0-19:0', 'Wednesday': '9:0-19:0', 'Thursday': '9:0-19:0', 'Friday': '9:0-19:0', 'Saturday': '9:0-19:0', 'Sunday': '12:0-17:0'}"
I8u_S3ulOiifLyIDx_12oQ,Embellish Home,"6538 E Tanque Verde Rd, Ste 140D",Tucson,AZ,85715,32.2451881,-110.8524133,5.0,5,1,"{'ByAppointmentOnly': 'False', 'BusinessParking': ""{'garage': False, 'street': False, 'validated': False, 'lot': False, 'valet': False}"", 'BusinessAcceptsCreditCards': 'True', 'RestaurantsPriceRange2': '2', 'BikeParking': 'False'}","Flowers & Gifts, Home Decor, Gift Shops, Jewelry, Home & Garden, Furniture Stores, Shopping","{'Monday': '22:0-17:0', 'Tuesday': '22:0-17:0', 'Wednesday': '22:0-17:0', 'Thursday': '22:0-17:0', 'Friday': '22:0-17:0', 'Saturday': '22:0-17:0'}"
Gib553AC85MoMzQSusnc6w,Speedway,7335 S Houghton Rd,Tucson,AZ,85747,32.1184375,-110.771994,1.5,7,1,,"Gas Stations, Coffee & Tea, Automotive, Food, Convenience Stores","{'Monday': '0:0-0:0', 'Tuesday': '0:0-0:0', 'Wednesday': '0:0-0:0', 'Thursday': '0:0-0:0', 'Friday': '0:0-0:0', 'Saturday': '0:0-0:0', 'Sunday': '0:0-0:0'}"
qLrTiIPDlnNX6FYTs29rmg,Buddy's Grill,4821 E Grant Rd,Tucson,AZ,85712,32.250943,-110.890264,3.5,14,0,"{'Corkage': 'False', 'RestaurantsTakeOut': 'True', 'RestaurantsGoodForGroups': 'True', 'RestaurantsAttire': ""'casual'"", 'RestaurantsDelivery': 'False', 'BYOBCorkage': ""'yes_free'"", 'BusinessParking': ""{'garage': False, 'street': False, 'validated': False, 'lot': True, 'valet': False}"", 'Alcohol': ""u'full_bar'"", 'RestaurantsPriceRange2': '2', 'OutdoorSeating': 'False', 'GoodForKids': 'True', 'RestaurantsReservations': 'True', 'HappyHour': 'True', 'BusinessAcceptsCreditCards': 'True'}","Restaurants, American (Traditional)","{'Monday': '11:0-22:0', 'Tuesday': '11:0-22:0', 'Wednesday': '11:0-22:0', 'Thursday': '11:0-22:0', 'Friday': '11:0-0:0', 'Saturday': '11:0-0:0', 'Sunday': '11:0-22:0'}"
Qx2G3vuLAJmCoNCBG05OlA,Anthonys Cigar Emporium,4419 N Campbell Ave,Tucson,AZ,85718,32.2875328639,-110.9441078185,4.5,24,1,"{'DogsAllowed': 'True', 'BusinessAcceptsCreditCards': 'True', 'RestaurantsPriceRange2': '2', 'BusinessAcceptsBitcoin': 'False', 'BusinessParking': ""{'garage': False, 'street': False, 'validated': False, 'lot': True, 'valet': False}"", 'BikeParking': 'True'}","Shopping, Tobacco Shops","{'Monday': '9:0-19:0', 'Tuesday': '9:0-19:0', 'Wednesday': '9:0-19:0', 'Thursday': '9:0-21:0', 'Friday': '9:0-21:0', 'Saturday': '9:0-21:0', 'Sunday': '11:0-18:0'}"
5lHHb6kRtnnmj1bPEIRHoA,Childtime of Tucson,5675 East River Road,Tucson,AZ,85750,32.2750568,-110.8722889,1.0,6,1,{'BusinessAcceptsCreditCards': 'True'},"Local Services, Education, Tutoring Centers, Child Care & Day Care, Preschools, Elementary Schools","{'Monday': '0:0-0:0', 'Tuesday': '6:30-18:0', 'Wednesday': '6:30-18:0', 'Thursday': '6:30-18:0', 'Friday': '6:30-18:0'}"
JdsM_KvpVamSMNXaS7R68w,Catalina Laundry,"16150 N Oracle Rd, Ste A",Tucson,AZ,85739,32.4992591,-110.9252972,3.5,16,1,"{'BusinessParking': ""{'garage': False, 'street': False, 'validated': False, 'lot': False, 'valet': False}"", 'BikeParking': 'False', 'WiFi': ""u'no'"", 'BusinessAcceptsCreditCards': 'False', 'RestaurantsPriceRange2': '1'}","Laundry Services, Local Services","{'Monday': '5:30-20:0', 'Tuesday': '5:30-20:0', 'Wednesday': '5:30-20:0', 'Thursday': '5:30-20:0', 'Friday': '5:30-20:0', 'Saturday': '5:30-20:0', 'Sunday': '5:30-20:0'}"
HpTsMT3mLBQLfREWQvJi2A,The Dusty Monk,201 N Court Ave,Tucson,AZ,85701,32.224197,-110.974065,4.5,34,1,"{'BikeParking': 'True', 'RestaurantsPriceRange2': '2', 'CoatCheck': 'False', 'HappyHour': 'True', 'WiFi': ""'free'"", 'BusinessAcceptsCreditCards': 'True', 'OutdoorSeating': 'True', 'RestaurantsReservations': 'False', 'Alcohol': ""'full_bar'"", 'BestNights': ""{'monday': False, 'tuesday': False, 'friday': True, 'wednesday': False, 'thursday': False, 'sunday': False, 'saturday': False}"", 'WheelchairAccessible': 'True', 'HasTV': 'True', 'NoiseLevel': ""'average'"", 'RestaurantsGoodForGroups': 'True', 'BusinessParking': ""{'garage': False, 'street': False, 'validated': False, 'lot': False, 'valet': False}"", 'Music': ""{'dj': False, 'background_music': False, 'no_music': False, 'jukebox': False, 'live': True, 'video': False, 'karaoke': False}"", 'Smoking': ""u'outdoor'"", 'GoodForDancing': 'False', 'Ambience': ""{'touristy': False, 'hipster': False, 'romantic': False, 'divey': True, 'intimate': False, 'trendy': False, 'upscale': False, 'classy': True, 'casual': False}""}","Beer, Wine & Spirits, Bars, Pubs, Nightlife, Beer Gardens, Food, Piano Bars","{'Monday': '11:0-15:0', 'Tuesday': '11:0-22:0', 'Wednesday': '11:0-22:0', 'Thursday': '11:0-22:0', 'Friday': '11:0-2:0', 'Saturday': '11:0-2:0', 'Sunday': '11:0-16:0'}"
U8upRgW2JG6a6Lo-SOlOew,Sticky's Smoke Shop,6447 N Oracle Rd,Tucson,AZ,85704,32.3243244,-110.9758648,2.0,9,1,"{'RestaurantsPriceRange2': '2', 'BusinessParking': ""{'garage': False, 'street': False, 'validated': False, 'lot': False, 'valet': False}"", 'BusinessAcceptsCreditCards': 'True', 'ByAppointmentOnly': 'False', 'BikeParking': 'True'}","Vape Shops, Shopping, Tobacco Shops","{'Monday': '10:0-22:0', 'Tuesday': '10:0-22:0', 'Wednesday': '10:0-22:0', 'Thursday': '10:0-22:0', 'Friday': '10:0-22:0', 'Saturday': '10:0-22:0', 'Sunday': '12:0-19:0'}"
8YzXYesidVz4EAkWeU1CLw,Musselman Honda,2302 N Stone Ave,Tucson,AZ,85705,32.2493405419,-110.971758,3.5,18,1,"{'BusinessAcceptsCreditCards': 'True', 'ByAppointmentOnly': 'False'}","Motorsport Vehicle Dealers, Motorcycle Repair, Automotive, Sporting Goods, Home Services, Plumbing, Electricians, Car Dealers, Shopping, Motorcycle Dealers","{'Monday': '8:30-18:0', 'Tuesday': '8:30-18:0', 'Wednesday': '8:30-18:0', 'Thursday': '8:30-18:0', 'Friday': '8:30-18:0', 'Saturday': '8:30-15:0'}"
I7wntI6nEYXIUYNLDTCakA,Great American Playhouse,13005 N Oracle Rd,Tucson,AZ,85739,32.441619,-110.935399,4.5,18,0,{'GoodForKids': 'True'},"Arts & Entertainment, Arcades, Performing Arts","{'Tuesday': '10:0-20:0', 'Wednesday': '10:0-20:0', 'Thursday': '10:0-20:0', 'Friday': '10:0-20:0', 'Saturday': '10:0-20:0'}"
bBAFY4-9lLwSbRU36d4Kmw,E & F Automotive Electrical,6898 N Camino Martin,Tucson,AZ,85741,32.3317667,-111.0560537,2.5,5,1,,"Auto Repair, Automotive","{'Monday': '8:0-17:0', 'Tuesday': '8:0-17:0', 'Wednesday': '8:0-17:0', 'Thursday': '8:0-17:0', 'Friday': '8:0-17:0', 'Saturday': '8:0-12:0'}"
tgWxnsQ8XIFdGeOKWhz1uQ,Nails-Go-Round,651 W Roger Rd,Tucson,AZ,85705,32.2790680687,-110.9822844474,3.0,10,1,"{'ByAppointmentOnly': 'True', 'BusinessAcceptsCreditCards': 'True', 'BusinessParking': ""{'garage': False, 'street': False, 'validated': False, 'lot': True, 'valet': False}"", 'RestaurantsPriceRange2': '2', 'BikeParking': 'True'}","Nail Salons, Beauty & Spas","{'Tuesday': '10:0-18:0', 'Wednesday': '10:0-18:0', 'Thursday': '10:0-18:0', 'Friday': '9:0-18:0', 'Saturday': '9:0-17:0'}"
fnwek4i2bPS078TT16VVpQ,The Affordable Tax Man,7012 E Broadway,Tucson,AZ,85710,32.2203531,-110.8431381,5.0,5,1,,"Tax Services, Financial Services, Professional Services, Accountants","{'Monday': '10:0-21:0', 'Tuesday': '10:0-21:0', 'Wednesday': '10:0-21:0', 'Thursday': '10:0-21:0', 'Friday': '10:0-21:0', 'Saturday': '10:0-18:0', 'Sunday': '12:0-18:0'}"
2wEnpf2eu98rcYc540UN3Q,Chipotle Mexican Grill,4500 N Oracle Rd Fc10,Tucson,AZ,85705,32.288873,-110.974068,3.5,14,0,"{'RestaurantsReservations': 'False', 'RestaurantsTakeOut': 'True', 'RestaurantsPriceRange2': '1', 'RestaurantsGoodForGroups': 'True', 'RestaurantsAttire': ""u'casual'"", 'BikeParking': 'False', 'HasTV': 'False', 'RestaurantsDelivery': 'False', 'OutdoorSeating': 'True', 'GoodForKids': 'True', 'BusinessAcceptsCreditCards': 'True', 'Alcohol': ""u'beer_and_wine'""}","Restaurants, Fast Food, Mexican","{'Monday': '10:45-21:0', 'Tuesday': '10:45-21:0', 'Wednesday': '10:45-21:0', 'Thursday': '10:45-21:0', 'Friday': '10:45-21:0', 'Saturday': '10:45-21:0', 'Sunday': '10:45-21:0'}"
VdbnHFYiOZ2r8YjE0roUDw,Goldies Paint and Body,1455 W Glenn St,Tucson,AZ,85705,32.257202,-110.99539299999999,5.0,22,1,{'BusinessAcceptsCreditCards': 'True'},"Tires, Auto Glass Services, Oil Change Stations, Body Shops, Auto Repair, Automotive, Transmission Repair","{'Monday': '8:0-16:0', 'Tuesday': '8:0-16:0', 'Wednesday': '8:0-16:0', 'Thursday': '8:0-16:0', 'Friday': '8:0-16:0'}"
JQP4v0gtMkWa3oBI18RANA,Global Trading Institute,"100 N Stone Ave, Ste 605",Tucson,AZ,85701,32.2231013,-110.9712902,2.5,6,0,,"Education, Special Education, Investing, Financial Services, Financial Advising",
7-cD0S7vJlUOuTpF2vQLOQ,Little Caesars Pizza,"515 E Grant #171, Ste 171",Tucson,AZ,85705,32.2510235,-110.9630046,1.5,11,1,"{'OutdoorSeating': 'False', 'RestaurantsAttire': ""u'casual'"", 'BusinessAcceptsCreditCards': 'True', 'RestaurantsPriceRange2': '1', 'RestaurantsReservations': 'False', 'Ambience': ""{'romantic': False, 'intimate': False, 'classy': False, 'hipster': False, 'divey': False, 'touristy': False, 'trendy': False, 'upscale': False, 'casual': False}"", 'HasTV': 'True', 'RestaurantsTakeOut': 'True', 'Alcohol': ""'none'"", 'GoodForKids': 'True', 'RestaurantsTableService': 'False', 'NoiseLevel': ""'average'"", 'RestaurantsGoodForGroups': 'False', 'WiFi': ""'no'"", 'GoodForMeal': ""{'dessert': False, 'latenight': False, 'lunch': False, 'dinner': False, 'brunch': False, 'breakfast': False}"", 'BikeParking': 'False', 'BusinessParking': ""{'garage': False, 'street': False, 'validated': False, 'lot': False, 'valet': False}"", 'RestaurantsDelivery': 'True'}","Fast Food, Pizza, Restaurants","{'Monday': '10:30-23:0', 'Tuesday': '10:30-23:0', 'Wednesday': '10:30-23:0', 'Thursday': '10:30-23:0', 'Friday': '10:30-0:0', 'Saturday': '10:30-0:0', 'Sunday': '10:30-23:0'}"
rViAhfKLKmwbhTKROM9m0w,Casino Del Sol,5655 W Valencia Rd,Tucson,AZ,85757,32.1311278367,-111.0866194535,3.0,298,1,"{'BusinessAcceptsCreditCards': 'True', 'NoiseLevel': ""u'average'"", 'Ambience': ""{'romantic': False, 'intimate': False, 'touristy': True, 'hipster': False, 'divey': False, 'classy': False, 'trendy': False, 'upscale': False, 'casual': False}"", 'Caters': 'False', 'RestaurantsReservations': 'True', 'RestaurantsGoodForGroups': 'True', 'RestaurantsAttire': ""u'casual'"", 'BikeParking': 'True', 'WiFi': ""u'free'"", 'RestaurantsPriceRange2': '2', 'RestaurantsDelivery': 'True', 'BusinessParking': ""{'garage': True, 'street': False, 'validated': False, 'lot': True, 'valet': True}"", 'HasTV': 'True', 'Alcohol': ""u'full_bar'"", 'OutdoorSeating': 'True', 'RestaurantsTakeOut': 'True', 'GoodForKids': 'False', 'GoodForMeal': ""{'dessert': True, 'latenight': True, 'lunch': True, 'dinner': False, 'brunch': True, 'breakfast': False}""}","Arts & Entertainment, Hotels & Travel, Casinos, Diners, Restaurants, Mexican, Resorts",
o6hWaMjS7-CdXq3WzW9d8w,Best Mattress,4002 N Stone Ave,Tucson,AZ,85705,32.2795271,-110.971946,5.0,37,1,"{'RestaurantsPriceRange2': '2', 'BusinessAcceptsCreditCards': 'True', 'BusinessParking': ""{'garage': False, 'street': False, 'validated': False, 'lot': True, 'valet': False}"", 'BikeParking': 'True', 'ByAppointmentOnly': 'False', 'DogsAllowed': 'True', 'BusinessAcceptsBitcoin': 'False', 'WheelchairAccessible': 'True'}","Home & Garden, Mattresses, Shopping, Furniture Stores","{'Monday': '0:0-0:0', 'Tuesday': '9:0-18:0', 'Wednesday': '9:0-18:0', 'Thursday': '9:0-18:0', 'Friday': '9:0-18:0', 'Saturday': '9:0-17:0', 'Sunday': '11:0-16:0'}"
ezVZHFWFb-ptn4fjLn9seA,Petco,585 E Wetmore Rd,Tucson,AZ,85705,32.2866,-110.9629,3.5,25,1,"{'BusinessAcceptsCreditCards': 'True', 'OutdoorSeating': 'False', 'RestaurantsReservations': 'False', 'RestaurantsDelivery': 'False', 'WheelchairAccessible': 'True', 'RestaurantsTakeOut': 'False', 'WiFi': ""u'no'"", 'HappyHour': 'False', 'CoatCheck': 'False', 'HasTV': 'False', 'ByAppointmentOnly': 'False', 'DogsAllowed': 'True', 'Caters': 'False'}","Pets, Pet Training, Pet Groomers, Pet Stores, Pet Services","{'Monday': '0:0-0:0', 'Tuesday': '9:0-21:0', 'Wednesday': '9:0-22:0', 'Thursday': '10:0-19:0', 'Friday': '10:0-19:0', 'Saturday': '9:0-20:0', 'Sunday': '10:0-19:0'}"
vzvm7_QXEDaMTxMOKLBNyQ,Guilin Chinese,3250 E Speedway Blvd,Tucson,AZ,85716,32.2358788,-110.9234611,3.5,116,0,"{'BusinessAcceptsCreditCards': 'True', 'RestaurantsAttire': ""'casual'"", 'OutdoorSeating': 'False', 'BikeParking': 'True', 'RestaurantsPriceRange2': '1', 'Caters': 'True', 'RestaurantsGoodForGroups': 'True', 'RestaurantsTakeOut': 'True', 'RestaurantsReservations': 'True', 'GoodForKids': 'True', 'NoiseLevel': ""u'average'"", 'WiFi': ""u'no'"", 'HasTV': 'False', 'Alcohol': ""u'beer_and_wine'"", 'Ambience': ""{'romantic': False, 'intimate': False, 'touristy': False, 'hipster': False, 'divey': False, 'classy': False, 'trendy': False, 'upscale': False, 'casual': True}"", 'RestaurantsDelivery': 'True', 'BusinessParking': ""{'garage': False, 'street': False, 'validated': False, 'lot': True, 'valet': False}"", 'GoodForMeal': ""{'dessert': False, 'latenight': False, 'lunch': True, 'dinner': True, 'brunch': False, 'breakfast': False}""}","Vegetarian, Chinese, Restaurants","{'Monday': '11:0-21:0', 'Tuesday': '11:0-21:0', 'Wednesday': '11:0-21:0', 'Thursday': '11:0-21:0', 'Friday': '11:0-22:0', 'Saturday': '11:30-21:30', 'Sunday': '11:30-21:0'}"
o-e2U0oDb1TUdUAvoCVSaQ,Barrio Sandwiches,330 S Scott Ave,Tucson,AZ,85701,32.2177934,-110.9700832,4.5,10,0,"{'RestaurantsAttire': ""'casual'"", 'RestaurantsPriceRange2': '2', 'RestaurantsGoodForGroups': 'True', 'RestaurantsDelivery': 'True', 'Alcohol': ""u'beer_and_wine'"", 'RestaurantsTakeOut': 'True', 'GoodForKids': 'True', 'RestaurantsTableService': 'False', 'Ambience': ""{'touristy': False, 'hipster': False, 'romantic': False, 'divey': False, 'intimate': False, 'trendy': False, 'upscale': False, 'classy': False, 'casual': False}"", 'GoodForMeal': ""{'dessert': False, 'latenight': False, 'lunch': False, 'dinner': False, 'brunch': False, 'breakfast': False}"", 'WheelchairAccessible': 'True', 'WiFi': ""u'free'"", 'RestaurantsReservations': 'False', 'BusinessAcceptsCreditCards': 'True', 'OutdoorSeating': 'True', 'BikeParking': 'True', 'BusinessAcceptsBitcoin': 'False', 'Caters': 'True', 'HasTV': 'False', 'DogsAllowed': 'True', 'BusinessParking': ""{'garage': True, 'street': True, 'validated': False, 'lot': False, 'valet': False}""}","Event Planning & Services, Sandwiches, Restaurants, Delis, Caterers",
RYyLoLaS9Wm7o5EQi_X2bQ,El Sol Family Medicine,2260 N Rosemont Blvd,Tucson,AZ,85712,32.248574,-110.8834651,3.0,9,1,"{'AcceptsInsurance': 'True', 'WiFi': ""u'free'"", 'BusinessAcceptsCreditCards': 'True', 'ByAppointmentOnly': 'True'}","Health & Medical, Doctors, Family Practice","{'Monday': '8:0-17:0', 'Tuesday': '8:0-17:0', 'Wednesday': '8:0-17:0', 'Thursday': '8:0-17:0', 'Friday': '8:0-17:0'}"
iBoi_lyYFrWVDH_AD8KswA,Level,"4280 N Campbell Ave, Ste 37",Tucson,AZ,85707,32.1802618832,-110.8850097656,2.5,16,0,"{'OutdoorSeating': 'True', 'BusinessAcceptsCreditCards': 'True', 'RestaurantsPriceRange2': '3', 'Alcohol': ""'full_bar'"", 'BusinessParking': ""{'garage': False, 'street': False, 'validated': False, 'lot': True, 'valet': False}"", 'HasTV': 'True'}","Dance Clubs, Nightlife",
fitSn2LBLb5OXV7hdl86Kw,Fox In a Box Tucson,972 E University Blvd,Tucson,AZ,85719,32.231393,-110.957045,5.0,78,1,"{'GoodForKids': 'True', 'BikeParking': 'True', 'WheelchairAccessible': 'True', 'ByAppointmentOnly': 'False', 'DogsAllowed': 'False', 'BusinessAcceptsCreditCards': 'True', 'BusinessParking': ""{'garage': True, 'street': True, 'validated': True, 'lot': False, 'valet': False}""}","Arts & Entertainment, Active Life, Escape Games","{'Monday': '0:0-0:0', 'Tuesday': '12:0-22:0', 'Wednesday': '12:0-22:0', 'Thursday': '12:0-22:0', 'Friday': '12:0-22:0', 'Saturday': '12:0-22:0', 'Sunday': '12:0-22:0'}"
BMdEkwhj9dLI1KHTQ_APSA,Coin Less Laundry,1330 W Prince Rd,Tucson,AZ,85705,32.2729971277,-110.9940308332,3.0,10,1,"{'WiFi': ""u'no'"", 'BusinessAcceptsCreditCards': 'True', 'BusinessParking': ""{'garage': False, 'street': True, 'validated': False, 'lot': False, 'valet': False}"", 'BikeParking': 'True', 'ByAppointmentOnly': 'False', 'RestaurantsPriceRange2': '1'}","Dry Cleaning & Laundry, Local Services, Laundromat, Laundry Services","{'Monday': '6:0-17:0', 'Tuesday': '6:0-20:30', 'Wednesday': '6:0-20:30', 'Thursday': '6:0-20:30', 'Friday': '6:0-20:30', 'Saturday': '6:0-20:30', 'Sunday': '6:0-20:30'}"
otQS34_MymijPTdNBoBdCw,BK Tacos,2680 N 1st Ave,Tucson,AZ,85719,32.2558336,-110.9605596,4.0,492,1,"{'RestaurantsTakeOut': 'True', 'HasTV': 'True', 'RestaurantsGoodForGroups': 'True', 'OutdoorSeating': 'True', 'RestaurantsAttire': ""u'casual'"", 'RestaurantsReservations': 'False', 'Alcohol': ""'full_bar'"", 'BusinessAcceptsCreditCards': 'True', 'WiFi': ""'free'"", 'BikeParking': 'True', 'GoodForKids': 'True', 'NoiseLevel': ""u'average'"", 'BusinessParking': ""{'garage': False, 'street': False, 'validated': False, 'lot': True, 'valet': False}"", 'Caters': 'True', 'GoodForMeal': ""{'dessert': None, 'latenight': None, 'lunch': True, 'dinner': True, 'brunch': None, 'breakfast': False}"", 'RestaurantsDelivery': 'True', 'Ambience': ""{'touristy': False, 'hipster': False, 'romantic': False, 'divey': None, 'intimate': False, 'trendy': False, 'upscale': False, 'classy': False, 'casual': True}"", 'ByAppointmentOnly': 'False', 'RestaurantsPriceRange2': '2', 'DriveThru': 'True', 'HappyHour': 'True'}","Restaurants, Tacos, Mexican, Hot Dogs, Breakfast & Brunch, Steakhouses","{'Monday': '0:0-0:0', 'Tuesday': '10:0-21:0', 'Wednesday': '10:0-21:0', 'Thursday': '10:0-22:0', 'Friday': '10:0-15:0', 'Saturday': '10:0-23:0', 'Sunday': '10:0-21:0'}"
bXjnfT69E8DJinX-ifOofA,Wings Over Broadway,5004 E Broadway Blvd,Tucson,AZ,85711,32.221284,-110.885713,3.5,302,0,"{'BikeParking': 'True', 'HasTV': 'True', 'RestaurantsReservations': 'False', 'BusinessAcceptsCreditCards': 'True', 'OutdoorSeating': 'False', 'BusinessParking': ""{'garage': False, 'street': False, 'validated': False, 'lot': True, 'valet': False}"", 'RestaurantsDelivery': 'False', 'Alcohol': ""u'beer_and_wine'"", 'RestaurantsAttire': ""'casual'"", 'RestaurantsGoodForGroups': 'True', 'RestaurantsTakeOut': 'True', 'RestaurantsPriceRange2': '1', 'WiFi': ""u'no'"", 'GoodForMeal': ""{'dessert': False, 'latenight': False, 'lunch': True, 'dinner': True, 'brunch': False, 'breakfast': False}"", 'GoodForKids': 'True', 'Caters': 'True', 'HappyHour': 'True', 'Ambience': ""{'touristy': False, 'hipster': False, 'romantic': False, 'divey': None, 'intimate': False, 'trendy': False, 'upscale': False, 'classy': False, 'casual': True}"", 'NoiseLevel': ""u'average'"", 'DriveThru': 'False'}","Chicken Wings, Restaurants, Sandwiches, Burgers","{'Monday': '16:0-20:30', 'Tuesday': '11:0-22:0', 'Wednesday': '11:0-22:0', 'Thursday': '11:0-22:0', 'Friday': '11:0-22:0', 'Saturday': '11:0-22:0', 'Sunday': '12:0-18:30'}"
qAnKc-pentc9UUQvtUYNew,NextCare Urgent Care,"9525 E Old Spanish Trl, Ste 101",Tucson,AZ,85748,32.2083419,-110.7888894,2.5,80,1,"{'BusinessAcceptsCreditCards': 'True', 'ByAppointmentOnly': 'False'}","Medical Centers, Health & Medical, Urgent Care, Doctors, Hospitals","{'Monday': '8:0-0:0', 'Tuesday': '8:0-0:0', 'Wednesday': '8:0-0:0', 'Thursday': '8:0-16:0', 'Friday': '8:0-0:0', 'Saturday': '8:0-0:0', 'Sunday': '8:0-0:0'}"
4uF4fXn7fJkvpzixZdF0bQ,Fabrics That Go,3105 N Campbell Ave,Tucson,AZ,85719,32.2633864,-110.9443767,4.5,35,1,"{'BikeParking': 'True', 'RestaurantsPriceRange2': '2', 'BusinessAcceptsCreditCards': 'True', 'BusinessParking': ""{'garage': False, 'street': False, 'validated': False, 'lot': True, 'valet': False}"", 'ByAppointmentOnly': 'False'}","Arts & Crafts, Shopping, Fabric Stores","{'Monday': '10:0-17:0', 'Tuesday': '10:0-17:0', 'Wednesday': '10:0-17:0', 'Thursday': '10:0-17:0', 'Friday': '10:0-17:0', 'Saturday': '10:0-17:0'}"
zYycGd7UsxitBnysxorUew,Zimco Electric,,Tucson,AZ,85710,32.2165669,-110.8195292,5.0,48,1,"{'BusinessAcceptsCreditCards': 'True', 'ByAppointmentOnly': 'True'}","Home Services, Electricians, Solar Installation","{'Monday': '0:0-0:0', 'Tuesday': '7:0-15:0', 'Wednesday': '7:0-15:0', 'Thursday': '7:0-15:0', 'Friday': '7:0-15:0'}"
SdqWfhXPB5w4FvmHzW0UIA,Villa Feliz Flowers,"6538 E Tanque Verde Rd, Ste 160",Tucson,AZ,85715,32.2451881,-110.8524133,5.0,31,0,"{'BusinessAcceptsCreditCards': 'True', 'RestaurantsPriceRange2': '2', 'RestaurantsDelivery': 'None', 'BusinessParking': ""{'garage': False, 'street': False, 'validated': False, 'lot': True, 'valet': False}"", 'BikeParking': 'True'}","Home & Garden, Shopping, Local Services, Florists, Couriers & Delivery Services, Nurseries & Gardening, Flowers & Gifts","{'Monday': '9:0-16:0', 'Tuesday': '9:0-16:0', 'Wednesday': '9:0-16:0', 'Thursday': '9:0-16:0', 'Friday': '9:0-16:0', 'Saturday': '9:0-16:0'}"
KsTLSwhha1HaeKzYCQ0Q6g,Jiffy Lube,4630 E. Broadway Blvd.,Tucson,AZ,85711,32.2211354,-110.8937309,4.0,28,1,{'BusinessAcceptsCreditCards': 'True'},"Automotive, Oil Change Stations, Auto Repair","{'Monday': '0:0-0:0', 'Tuesday': '7:0-18:0', 'Wednesday': '7:0-18:0', 'Thursday': '7:0-18:0', 'Friday': '7:0-18:0', 'Saturday': '7:0-18:0', 'Sunday': '8:0-18:0'}"
gUQJcicYwQc3GDsYcYEVBg,Halle Chiropractic,1857 N Kolb Rd,Tucson,AZ,85715,32.2434735,-110.8456527,4.5,14,1,"{'BusinessAcceptsCreditCards': 'True', 'ByAppointmentOnly': 'False', 'AcceptsInsurance': 'True', 'WiFi': ""u'no'""}","Chiropractors, Health & Medical","{'Monday': '0:0-0:0', 'Tuesday': '11:0-19:0', 'Wednesday': '7:0-18:0', 'Friday': '7:0-13:0', 'Saturday': '8:30-22:30'}"
5YsyW95SpCiLhpYYuZ3GBQ,Burgerrito,,Tucson,AZ,85711,32.2107257,-110.8850949,3.5,34,1,"{'OutdoorSeating': 'True', 'RestaurantsReservations': 'False', 'RestaurantsAttire': ""u'casual'"", 'BikeParking': 'True', 'BusinessAcceptsCreditCards': 'True', 'BusinessParking': ""{'garage': False, 'street': False, 'validated': False, 'lot': False, 'valet': False}"", 'RestaurantsTakeOut': 'True', 'GoodForKids': 'True', 'Ambience': ""{'touristy': False, 'hipster': False, 'romantic': False, 'divey': False, 'intimate': False, 'trendy': False, 'upscale': False, 'classy': False, 'casual': False}"", 'RestaurantsPriceRange2': '1', 'RestaurantsDelivery': 'True', 'GoodForMeal': ""{'dessert': False, 'latenight': False, 'lunch': False, 'dinner': False, 'brunch': False, 'breakfast': False}"", 'Alcohol': ""'none'"", 'HasTV': 'True', 'RestaurantsGoodForGroups': 'True'}","Food, Restaurants, Mexican, Food Trucks",
xOs3MTpUPrS3isFT5aMOww,Immanuel Presbyterian Church,9252 E 22nd St,Tucson,AZ,85710,32.2053057233,-110.7946180854,4.0,5,1,,"Churches, Religious Organizations","{'Monday': '9:0-16:30', 'Tuesday': '9:0-16:30', 'Wednesday': '9:0-16:30', 'Thursday': '9:0-16:30', 'Friday': '9:0-12:0', 'Sunday': '8:30-12:0'}"
5dKcKSb6kQPXkVTUTKUjGw,390th Memorial Museum,6000 E Valencia Rd,Tucson,AZ,85706,32.1415037,-110.8735878,5.0,7,1,"{'GoodForKids': 'True', 'DogsAllowed': 'True', 'WiFi': ""u'free'""}","Museums, Arts & Entertainment","{'Monday': '10:0-16:30', 'Tuesday': '10:0-16:30', 'Wednesday': '10:0-16:30', 'Thursday': '10:0-16:30', 'Friday': '10:0-16:30', 'Saturday': '10:0-16:30', 'Sunday': '10:0-16:30'}"
LQcGL4hfJAeK6bk2ZdhmXw,Aqui Con El Nene,4415 N Flowing Wells Rd,Tucson,AZ,85705,32.28682634,-110.9950735,4.5,322,1,"{'BikeParking': 'True', 'Ambience': ""{'romantic': False, 'intimate': False, 'touristy': False, 'hipster': False, 'divey': True, 'classy': False, 'trendy': False, 'upscale': False, 'casual': False}"", 'WiFi': ""u'no'"", 'Alcohol': ""u'none'"", 'BusinessAcceptsCreditCards': 'False', 'Caters': 'False', 'RestaurantsTakeOut': 'True', 'GoodForKids': 'True', 'NoiseLevel': ""u'average'"", 'RestaurantsAttire': ""u'casual'"", 'RestaurantsTableService': 'False', 'RestaurantsPriceRange2': '1', 'RestaurantsReservations': 'False', 'BusinessParking': ""{'garage': False, 'street': False, 'validated': False, 'lot': True, 'valet': False}"", 'RestaurantsGoodForGroups': 'True', 'GoodForMeal': ""{'dessert': False, 'latenight': False, 'lunch': True, 'dinner': True, 'brunch': False, 'breakfast': False}"", 'OutdoorSeating': 'True', 'HasTV': 'True', 'RestaurantsDelivery': 'True'}","Fast Food, Restaurants, Mexican, Food Stands, Hot Dogs","{'Monday': '9:0-23:0', 'Tuesday': '9:0-23:0', 'Wednesday': '9:0-23:0', 'Thursday': '9:0-23:0', 'Friday': '9:0-1:0', 'Saturday': '9:0-1:0'}"
q0Fi4n7shUTmlxl-mMPVXA,Banner Urgent Care,"1101 N Wilmot Rd, Ste 101",Tucson,AZ,85712,32.2371687,-110.8589241,3.5,13,0,"{'ByAppointmentOnly': 'False', 'AcceptsInsurance': 'True', 'BusinessAcceptsCreditCards': 'True'}","Doctors, Urgent Care, Health & Medical, Emergency Rooms","{'Monday': '8:0-21:0', 'Tuesday': '8:0-21:0', 'Wednesday': '8:0-21:0', 'Thursday': '8:0-21:0', 'Friday': '8:0-21:0', 'Saturday': '8:0-21:0', 'Sunday': '8:0-21:0'}"
yip92_y6BgpQdcX486b_RQ,Sabino Canyon,5700 N Sabino Canyon Road,Tucson,AZ,85750,32.3223716887,-110.8098631558,4.5,269,1,"{'GoodForKids': 'True', 'BikeParking': 'True', 'DogsAllowed': 'False', 'BusinessParking': ""{'garage': False, 'street': False, 'validated': False, 'lot': True, 'valet': False}"", 'WiFi': ""u'no'""}","Parks, Active Life, Hiking, Local Flavor, Hotels & Travel, Tours",
qivSnsxhf0HKz50DkEbBpQ,Lion Coat Painting,,Tucson,AZ,85743,32.3324642,-111.2129616,5.0,6,1,{'BusinessAcceptsCreditCards': 'False'},"Home Services, Painters","{'Monday': '8:0-17:0', 'Tuesday': '8:0-17:0', 'Wednesday': '8:0-17:0', 'Thursday': '8:0-17:0', 'Friday': '8:0-17:0', 'Saturday': '8:0-16:0'}"
qime1yD6_CozBvBtIpsmaw,Zayna Mediterranean Cafe,"9105 E Tanque Verde, Ste 103",Tucson,AZ,85749,32.2572254,-110.7960265,4.0,33,0,"{'RestaurantsGoodForGroups': 'False', 'Caters': 'True', 'RestaurantsPriceRange2': '1', 'NoiseLevel': ""u'average'"", 'WiFi': ""u'no'"", 'Ambience': ""{'romantic': False, 'intimate': False, 'touristy': False, 'hipster': False, 'divey': False, 'classy': False, 'trendy': False, 'upscale': False, 'casual': True}"", 'HasTV': 'False', 'RestaurantsReservations': 'False', 'RestaurantsDelivery': 'False', 'GoodForKids': 'True', 'RestaurantsAttire': ""u'casual'"", 'BusinessParking': ""{'garage': False, 'street': False, 'validated': False, 'lot': True, 'valet': False}"", 'RestaurantsTakeOut': 'True', 'OutdoorSeating': 'True', 'BusinessAcceptsCreditCards': 'True', 'Alcohol': ""u'none'""}","Middle Eastern, Mediterranean, Restaurants","{'Monday': '11:0-20:0', 'Tuesday': '11:0-20:0', 'Wednesday': '11:0-20:0', 'Thursday': '11:0-20:0', 'Friday': '11:0-20:0', 'Saturday': '11:0-20:0', 'Sunday': '11:0-20:0'}"
-02xFuruu85XmDn2xiynJw,Family Vision Center,7475 E Tanque Verde Rd,Tucson,AZ,85715,32.2510387,-110.8331729,4.5,109,1,"{'ByAppointmentOnly': 'True', 'BusinessParking': ""{'garage': False, 'street': False, 'validated': False, 'lot': True, 'valet': False}"", 'RestaurantsPriceRange2': '2', 'AcceptsInsurance': 'True', 'BusinessAcceptsCreditCards': 'True', 'BikeParking': 'True'}","Shopping, Ophthalmologists, Optometrists, Doctors, Eyewear & Opticians, Health & Medical, Laser Eye Surgery/Lasik","{'Monday': '0:0-0:0', 'Tuesday': '8:30-17:30', 'Wednesday': '8:30-17:30', 'Thursday': '8:30-19:0', 'Friday': '8:30-17:30', 'Saturday': '8:30-13:0'}"
-v0JE4wW_4Xs6C3WT2XgDA,Burger King,2402 N Alvernon Way,Tucson,AZ,85712,32.251002044,-110.909460783,1.5,21,1,"{'BusinessAcceptsCreditCards': 'True', 'BusinessParking': ""{'garage': False, 'street': False, 'validated': False, 'lot': False, 'valet': False}"", 'RestaurantsGoodForGroups': 'False', 'GoodForKids': 'True', 'RestaurantsAttire': ""'casual'"", 'Alcohol': ""u'none'"", 'RestaurantsPriceRange2': '1', 'Ambience': ""{'touristy': False, 'hipster': False, 'romantic': False, 'divey': False, 'intimate': False, 'trendy': False, 'upscale': False, 'classy': False, 'casual': False}"", 'OutdoorSeating': 'False', 'RestaurantsTakeOut': 'False', 'BikeParking': 'True', 'RestaurantsReservations': 'False', 'WiFi': ""'free'"", 'HasTV': 'True', 'RestaurantsDelivery': 'True'}","Restaurants, Fast Food, Food, Burgers","{'Monday': '6:0-23:0', 'Tuesday': '6:0-23:0', 'Wednesday': '6:0-23:0', 'Thursday': '6:0-22:0', 'Friday': '6:0-20:0', 'Saturday': '9:0-21:0'}"
wKay1DJig4eRjgeN72MGfg,My Nails,"4777 E Sunrise Dr, Ste 109",Tucson,AZ,85718,32.3095558,-110.8909625,4.5,50,1,"{'BusinessParking': ""{'garage': False, 'street': False, 'validated': False, 'lot': False, 'valet': False}"", 'RestaurantsPriceRange2': '2', 'WiFi': ""u'free'"", 'BikeParking': 'True', 'ByAppointmentOnly': 'False', 'WheelchairAccessible': 'True', 'BusinessAcceptsCreditCards': 'True'}","Hair Removal, Nail Salons, Beauty & Spas, Waxing","{'Monday': '0:0-0:0', 'Tuesday': '9:0-19:0', 'Wednesday': '9:0-19:0', 'Thursday': '9:0-19:0', 'Friday': '9:0-19:0', 'Saturday': '9:0-17:0'}"
rd5OW7v_vqlh6vVoQdLEhQ,Posto Sano Foods,"6370 N Campbell Ave, Ste 170",Tucson,AZ,85718,32.3219639,-110.9281706,4.5,45,0,"{'RestaurantsAttire': ""u'casual'"", 'BusinessParking': ""{'garage': None, 'street': None, 'validated': False, 'lot': None, 'valet': False}"", 'RestaurantsDelivery': 'True', 'RestaurantsPriceRange2': '2', 'Alcohol': ""u'beer_and_wine'"", 'OutdoorSeating': 'True', 'BusinessAcceptsCreditCards': 'True', 'Ambience': ""{'touristy': False, 'hipster': False, 'romantic': False, 'divey': False, 'intimate': False, 'trendy': False, 'upscale': False, 'classy': True, 'casual': False}"", 'RestaurantsTakeOut': 'True'}","Restaurants, Pizza, Sandwiches, Italian","{'Monday': '11:0-20:0', 'Tuesday': '11:0-20:0', 'Wednesday': '11:0-20:0', 'Thursday': '11:0-20:0', 'Friday': '11:0-20:0', 'Saturday': '11:0-20:0'}"
zSsdeiHfEnv_EVv8IVqcWg,eegee's,7911 N Oracle Rd,Tucson,AZ,85704,32.35043004,-110.9758325,3.0,57,1,"{'RestaurantsGoodForGroups': 'True', 'NoiseLevel': ""'average'"", 'Alcohol': ""u'none'"", 'BusinessAcceptsCreditCards': 'True', 'RestaurantsPriceRange2': '1', 'RestaurantsReservations': 'False', 'RestaurantsAttire': ""u'casual'"", 'RestaurantsTakeOut': 'True', 'GoodForKids': 'True', 'WiFi': ""'no'"", 'BikeParking': 'True', 'OutdoorSeating': 'False', 'GoodForMeal': ""{'dessert': False, 'latenight': False, 'lunch': True, 'dinner': False, 'brunch': False, 'breakfast': False}"", 'Caters': 'True', 'DriveThru': 'True', 'RestaurantsDelivery': 'True', 'DogsAllowed': 'False', 'ByAppointmentOnly': 'False', 'BYOB': 'False', 'HasTV': 'True', 'BusinessParking': ""{'garage': False, 'street': False, 'validated': False, 'lot': True, 'valet': False}"", 'RestaurantsTableService': 'False', 'WheelchairAccessible': 'True', 'Ambience': ""{'romantic': False, 'intimate': False, 'classy': False, 'hipster': False, 'divey': False, 'touristy': False, 'trendy': False, 'upscale': False, 'casual': False}""}","Desserts, Restaurants, Fast Food, Sandwiches, Juice Bars & Smoothies, Food","{'Monday': '0:0-0:0', 'Tuesday': '9:30-22:0', 'Wednesday': '9:30-22:0', 'Thursday': '9:30-22:0', 'Friday': '9:30-18:0', 'Saturday': '9:30-19:0', 'Sunday': '9:30-22:0'}"
78z4uWjRJ-gpeANI6FrRYQ,Baggin's Gourmet Sandwiches,"33 N Stone Ave, Ste 108",Tucson,AZ,85701,32.22252,-110.9723391098,3.0,32,1,"{'BikeParking': 'True', 'Caters': 'True', 'OutdoorSeating': 'False', 'RestaurantsDelivery': 'True', 'Alcohol': ""u'none'"", 'RestaurantsPriceRange2': '1', 'NoiseLevel': ""u'average'"", 'BusinessParking': ""{'garage': False, 'street': True, 'validated': False, 'lot': False, 'valet': False}"", 'RestaurantsGoodForGroups': 'True', 'RestaurantsTakeOut': 'True', 'GoodForKids': 'True', 'WiFi': ""u'no'"", 'BusinessAcceptsCreditCards': 'True', 'RestaurantsAttire': ""u'casual'"", 'RestaurantsReservations': 'False', 'GoodForMeal': ""{'dessert': False, 'latenight': False, 'lunch': True, 'dinner': False, 'brunch': False, 'breakfast': False}"", 'HasTV': 'True', 'Ambience': ""{u'divey': False, u'hipster': False, u'casual': True, u'touristy': False, u'trendy': None, u'intimate': False, u'romantic': False, u'classy': False, u'upscale': None}""}","Restaurants, Food Delivery Services, Sandwiches, Food","{'Monday': '10:0-16:0', 'Tuesday': '10:0-16:0', 'Wednesday': '10:0-16:0', 'Thursday': '10:0-16:0', 'Friday': '10:0-16:0'}"
Dr8WII6kVhguMUMF58zchQ,Essenza Salon & Spa,"4811 E Grant Rd, Ste 115",Tucson,AZ,85712,32.251719,-110.89127,5.0,12,1,"{'WheelchairAccessible': 'True', 'BusinessParking': ""{'garage': False, 'street': False, 'validated': False, 'lot': False, 'valet': False}"", 'HairSpecializesIn': ""{'straightperms': False, 'coloring': True, 'extensions': False, 'africanamerican': True, 'curly': True, 'kids': False, 'perms': False, 'asian': True}"", 'BusinessAcceptsCreditCards': 'True', 'BusinessAcceptsBitcoin': 'False', 'ByAppointmentOnly': 'False', 'BikeParking': 'True', 'GoodForKids': 'True', 'RestaurantsPriceRange2': '2', 'WiFi': ""u'free'""}","Day Spas, Beauty & Spas, Nail Salons, Hair Salons","{'Monday': '0:0-0:0', 'Tuesday': '9:0-18:0', 'Wednesday': '9:0-18:0', 'Thursday': '9:0-12:0', 'Friday': '9:0-18:0', 'Saturday': '8:0-18:0'}"
pF7WwCrS2cbouz8Ht-LuSQ,Guthrie Security Dogs,11760 E Miles St,Tucson,AZ,85748,32.218434,-110.740747,3.5,15,1,,"Pet Adoption, Pet Services, Pets, Security Services, Pet Sitting, Professional Services, Pet Training, Pet Breeders","{'Monday': '9:0-16:0', 'Tuesday': '9:0-16:0', 'Wednesday': '9:0-16:0', 'Thursday': '9:0-16:0', 'Friday': '9:0-16:0', 'Saturday': '9:0-13:0'}"
uhvlmT8DSb3jPpIy9zJ2lA,10th Planet Jiu Jitsu Tucson,4765 E Speedway Blvd,Tucson,AZ,85712,32.2366447,-110.8906442,5.0,5,1,,"Active Life, Fitness & Instruction, Martial Arts, Gyms, Kids Activities","{'Monday': '17:30-21:30', 'Tuesday': '17:30-21:0', 'Wednesday': '17:30-21:30', 'Thursday': '17:30-21:0', 'Friday': '18:30-21:30', 'Sunday': '1:0-14:30'}"
3JJjv5XhTv4PiWgD07p7rA,Kids First Preschool,5316 E Pima St,Tucson,AZ,85712,32.243044,-110.8791809,2.5,5,1,,"Local Services, Child Care & Day Care",
wBS-_MTeOaJKsfAy-Ts6pg,Baggin's,10235 E Old Vail Rd,Tucson,AZ,85747,32.0893193904,-110.7744159474,3.0,46,1,"{'RestaurantsPriceRange2': '1', 'RestaurantsTableService': 'False', 'RestaurantsAttire': ""'casual'"", 'BikeParking': 'False', 'GoodForKids': 'True', 'RestaurantsTakeOut': 'True', 'Caters': 'True', 'DogsAllowed': 'False', 'WiFi': ""'free'"", 'GoodForMeal': ""{'dessert': None, 'latenight': None, 'lunch': True, 'dinner': None, 'brunch': None, 'breakfast': None}"", 'BusinessAcceptsBitcoin': 'False', 'RestaurantsReservations': 'False', 'OutdoorSeating': 'True', 'Alcohol': ""'none'"", 'RestaurantsGoodForGroups': 'True', 'RestaurantsDelivery': 'True', 'NoiseLevel': ""u'average'"", 'BusinessAcceptsCreditCards': 'True', 'Ambience': ""{u'divey': False, u'hipster': False, u'casual': True, u'touristy': None, u'trendy': None, u'intimate': None, u'romantic': False, u'classy': None, u'upscale': False}"", 'WheelchairAccessible': 'True', 'HasTV': 'False', 'BusinessParking': ""{u'valet': False, u'garage': False, u'street': None, u'lot': None, u'validated': None}""}","Salad, Sandwiches, Restaurants, Soup","{'Monday': '10:0-19:0', 'Tuesday': '10:0-19:0', 'Wednesday': '10:0-19:0', 'Thursday': '10:0-19:0', 'Friday': '10:0-19:0', 'Saturday': '10:0-18:0', 'Sunday': '11:0-16:0'}"
yYg2PotEGXwanjuO42qzNw,Southern Arizona Urgent Care,"6303 E. Broadway Blvd., Ste 161",Tucson,AZ,85710,32.221759,-110.857597,4.5,67,1,"{'AcceptsInsurance': 'True', 'WiFi': ""u'free'"", 'ByAppointmentOnly': 'False', 'BusinessAcceptsCreditCards': 'True', 'WheelchairAccessible': 'True'}","Health & Medical, Medical Centers, Family Practice, Doctors, Urgent Care, Internal Medicine","{'Monday': '0:0-0:0', 'Tuesday': '7:0-19:0', 'Wednesday': '7:0-19:0', 'Thursday': '7:0-19:0', 'Friday': '7:0-13:0'}"
5z6pkGKAHDsCzwdw-e_eag,Able Garage Door Service,2711 W Calle Del Tigre,Tucson,AZ,85746,32.123765,-111.025082,5.0,17,1,"{'ByAppointmentOnly': 'True', 'BusinessAcceptsCreditCards': 'True'}","Contractors, Home Services, Garage Door Services","{'Monday': '7:0-16:0', 'Tuesday': '7:0-16:0', 'Wednesday': '7:0-16:0', 'Thursday': '7:0-16:0', 'Friday': '7:0-16:0', 'Saturday': '7:0-12:0'}"
3YERGr7UbpSpddqL0Eiu5g,Mariscos Chihuahua,4185 W Ina Rd,Tucson,AZ,85741,32.3370125,-111.0542141,4.0,73,1,"{'BikeParking': 'True', 'OutdoorSeating': 'False', 'RestaurantsReservations': 'False', 'RestaurantsAttire': ""u'casual'"", 'BusinessParking': ""{'garage': False, 'street': False, 'validated': False, 'lot': True, 'valet': False}"", 'WiFi': ""u'no'"", 'HasTV': 'True', 'NoiseLevel': ""'average'"", 'RestaurantsPriceRange2': '2', 'GoodForKids': 'True', 'Alcohol': ""u'full_bar'"", 'BusinessAcceptsCreditCards': 'True', 'RestaurantsTakeOut': 'True', 'RestaurantsGoodForGroups': 'True', 'Caters': 'False', 'RestaurantsDelivery': 'True', 'Ambience': ""{'touristy': None, 'hipster': None, 'romantic': False, 'divey': False, 'intimate': None, 'trendy': None, 'upscale': False, 'classy': None, 'casual': True}"", 'GoodForMeal': ""{'dessert': None, 'latenight': None, 'lunch': True, 'dinner': True, 'brunch': None, 'breakfast': None}""}","Seafood, Restaurants","{'Monday': '10:0-18:0', 'Tuesday': '10:0-21:0', 'Wednesday': '10:0-21:0', 'Thursday': '10:0-21:0', 'Friday': '10:0-21:0', 'Saturday': '10:0-21:0', 'Sunday': '10:0-21:0'}"
pvnv9XvTXwYBpfScd29rrQ,Luna Bella,2990 N Swan Rd,Tucson,AZ,85712,32.260726,-110.891514,3.0,38,0,"{'RestaurantsPriceRange2': '2', 'RestaurantsReservations': 'True', 'RestaurantsGoodForGroups': 'True', 'BusinessAcceptsCreditCards': 'True', 'GoodForKids': 'False', 'Alcohol': ""u'full_bar'"", 'Ambience': ""{'romantic': False, 'intimate': False, 'touristy': False, 'hipster': False, 'divey': False, 'classy': True, 'trendy': False, 'upscale': False, 'casual': False}"", 'Caters': 'True', 'OutdoorSeating': 'True', 'BusinessParking': ""{'garage': False, 'street': False, 'validated': False, 'lot': True, 'valet': False}"", 'RestaurantsDelivery': 'False', 'RestaurantsTakeOut': 'True', 'RestaurantsAttire': ""u'casual'"", 'NoiseLevel': ""u'average'"", 'HappyHour': 'True', 'HasTV': 'False'}","Caterers, Restaurants, Italian, Event Planning & Services",
A2Mw52Gu-qkhSdlQla3hhQ,The Cottage Bakery & Cafe,800 N Kolb Rd,Tucson,AZ,85710,32.231438,-110.8405977,4.5,7,0,"{'OutdoorSeating': 'True', 'RestaurantsPriceRange2': '1', 'BusinessAcceptsCreditCards': 'True', 'BusinessParking': ""{'garage': False, 'street': False, 'validated': False, 'lot': True, 'valet': False}"", 'RestaurantsTakeOut': 'True', 'RestaurantsAttire': ""u'casual'"", 'RestaurantsGoodForGroups': 'True'}","Restaurants, German, Bakeries, American (New), Food",
D2TfxeZkZQHLRLCfjGVZeg,De Anza Drive-In Theatre,1401 S Alvernon Way,Tucson,AZ,85711,32.2047149,-110.9090224,4.5,6,0,{'GoodForKids': 'True'},"Cinema, Arts & Entertainment",
egWikvhCIO1vkd-86JUxMw,Saint Philip's In the Hills Episcopal Church,4440 N Campbell Ave,Tucson,AZ,85718,32.2879566,-110.9430262,4.0,6,1,,"Churches, Religious Organizations","{'Monday': '8:30-16:30', 'Tuesday': '8:30-16:30', 'Wednesday': '8:30-16:30', 'Thursday': '8:30-16:30', 'Sunday': '7:45-18:30'}"
08PSz_3jOGGILaH5WsnFCw,Walgreens,"9470 E Golf Links Rd, Ste 106",Tucson,AZ,85730,32.1902915405,-110.7904256,3.0,9,1,"{'RestaurantsDelivery': 'True', 'BusinessAcceptsCreditCards': 'True', 'RestaurantsTakeOut': 'False'}","Beauty & Spas, Shopping, Photography Stores & Services, Food, Convenience Stores, Drugstores, Cosmetics & Beauty Supply","{'Monday': '7:0-22:0', 'Tuesday': '7:0-22:0', 'Wednesday': '7:0-22:0', 'Thursday': '7:0-22:0', 'Friday': '7:0-22:0', 'Saturday': '8:0-22:0', 'Sunday': '8:0-22:0'}"
yz7OBBVDZKUUdamuAsN9yw,Affordable Fence and Gates,6126 N Travel Center Dr,Tucson,AZ,85741,32.3183942,-111.045901,4.5,39,1,{'BusinessAcceptsCreditCards': 'True'},"Home Services, Fences & Gates, Contractors, Home & Garden, Security Systems, Hardware Stores, Shopping","{'Monday': '0:0-0:0', 'Tuesday': '9:0-15:0', 'Wednesday': '9:0-15:0', 'Thursday': '9:0-15:0', 'Friday': '9:0-15:0'}"
4BbzHEVKSHuctibot056og,City of Tucson,,Tucson,AZ,85701,32.2228721584,-110.9653975815,3.0,52,1,"{'GoodForKids': 'True', 'RestaurantsPriceRange2': '2', 'BusinessParking': ""{'garage': False, 'street': False, 'validated': False, 'lot': False, 'valet': False}"", 'BusinessAcceptsCreditCards': 'True'}","Coffee & Tea, Local Flavor, Public Services & Government, Food",
AtWim1cgkVlvEIsH1O8BKA,Exhaust Works,275 E Fort Lowell Rd,Tucson,AZ,85705,32.2652062,-110.9681273,5.0,12,1,{'BusinessAcceptsCreditCards': 'True'},"Automotive, Auto Repair",
K3bPWU8daszLmjFs8UU1Gw,Southern Arizona Veterinary Specialty & Emergency Center,7474 E Broadway Blvd,Tucson,AZ,85710,32.2204677,-110.832847,3.0,93,1,,"Pets, Veterinarians, Pet Services","{'Monday': '0:0-0:0', 'Tuesday': '0:0-0:0', 'Wednesday': '0:0-0:0', 'Thursday': '0:0-0:0', 'Friday': '0:0-0:0', 'Saturday': '0:0-0:0', 'Sunday': '0:0-0:0'}"
-AYNJCQci8Tn0y0B_z1PAQ,IN Self Storage - Tucson,6260 N Travel Center Dr,Tucson,AZ,85741,32.320946,-111.048698,3.5,11,1,"{'BusinessAcceptsCreditCards': 'True', 'WheelchairAccessible': 'True', 'ByAppointmentOnly': 'False', 'DogsAllowed': 'True', 'BusinessAcceptsBitcoin': 'False'}","Self Storage, Parking, Automotive, Shopping, Local Services, Packing Supplies","{'Monday': '0:0-0:0', 'Tuesday': '8:0-17:0', 'Wednesday': '8:0-17:0', 'Thursday': '8:0-17:0', 'Friday': '8:0-17:0', 'Saturday': '8:0-17:0'}"
ucmzlWj0iBowHelE9TGPlA,HSL Asset Management,3901 E Broadway Blvd,Tucson,AZ,85711,32.2221083,-110.9092637,1.5,8,1,"{'WheelchairAccessible': 'True', 'ByAppointmentOnly': 'False', 'BusinessAcceptsCreditCards': 'False', 'BusinessAcceptsBitcoin': 'False'}","Home Services, Real Estate, Apartments, Property Management","{'Monday': '8:30-17:30', 'Tuesday': '8:30-17:30', 'Wednesday': '8:30-17:30', 'Thursday': '8:30-17:30', 'Friday': '8:30-17:30'}"
dtkJIiywDljHkKIPCeaCog,Arizona School of Acupuncture & Oriental Medicine,2856 E Fort Lowell Rd,Tucson,AZ,85716,32.2645096,-110.9291718,5.0,8,1,"{'ByAppointmentOnly': 'True', 'BusinessAcceptsCreditCards': 'True', 'WiFi': ""u'free'"", 'AcceptsInsurance': 'False'}","Naturopathic/Holistic, Tui Na, Colleges & Universities, Acupuncture, Health & Medical, Doctors, Education, Specialty Schools, Traditional Chinese Medicine","{'Monday': '0:0-0:0', 'Tuesday': '9:0-15:0', 'Wednesday': '13:0-21:30', 'Thursday': '13:0-21:30', 'Friday': '13:0-17:0'}"
7OrS8FzIChQmkVgTxOew6w,El Sur Restaurant,4602 E 29th St,Tucson,AZ,85711,32.1992569,-110.8941321,4.5,28,0,"{'RestaurantsPriceRange2': '1', 'BikeParking': 'True', 'RestaurantsAttire': ""'casual'"", 'RestaurantsTakeOut': 'True', 'HasTV': 'False', 'RestaurantsGoodForGroups': 'True', 'NoiseLevel': ""u'average'"", 'BusinessParking': ""{'garage': False, 'street': False, 'validated': False, 'lot': False, 'valet': False}"", 'Alcohol': ""u'full_bar'"", 'GoodForKids': 'True', 'Caters': 'True', 'RestaurantsDelivery': 'False', 'OutdoorSeating': 'True', 'WiFi': ""u'no'"", 'BusinessAcceptsCreditCards': 'True', 'Ambience': ""{'touristy': False, 'hipster': False, 'romantic': False, 'divey': True, 'intimate': False, 'trendy': False, 'upscale': False, 'classy': False, 'casual': False}"", 'RestaurantsReservations': 'True', 'RestaurantsTableService': 'True', 'WheelchairAccessible': 'True', 'HappyHour': 'True', 'GoodForMeal': ""{'dessert': False, 'latenight': False, 'lunch': False, 'dinner': False, 'brunch': True, 'breakfast': False}""}","Restaurants, Mexican","{'Monday': '9:0-21:0', 'Tuesday': '9:0-21:0', 'Wednesday': '9:0-21:0', 'Thursday': '9:0-21:0', 'Friday': '9:0-21:0'}"
PS-XjhgCEKLuOiPYPGsUDA,Que Bonita,6934 E Tanque Verde Rd,Tucson,AZ,85715,32.2502155,-110.8438831,4.0,18,1,"{'BusinessAcceptsCreditCards': 'True', 'RestaurantsPriceRange2': '3', 'ByAppointmentOnly': 'False', 'BusinessParking': ""{'garage': False, 'street': False, 'validated': False, 'lot': True, 'valet': False}"", 'BikeParking': 'True', 'WheelchairAccessible': 'True'}","Jewelry, Shopping, Home Decor, Furniture Stores, Home & Garden","{'Monday': '10:0-18:0', 'Tuesday': '10:0-18:0', 'Wednesday': '10:0-18:0', 'Thursday': '10:0-18:0', 'Friday': '10:0-18:0', 'Saturday': '10:0-17:0'}"
pQsozCPdn90Dq9JU9PNzsQ,Two Boots BBQ Shop,1830 S Park Ave,Tucson,AZ,85713,32.200072258,-110.9565409273,4.0,45,1,"{'RestaurantsDelivery': 'None', 'Ambience': ""{'touristy': False, 'hipster': False, 'romantic': False, 'divey': False, 'intimate': False, 'trendy': False, 'upscale': False, 'classy': False, 'casual': False}"", 'BusinessParking': ""{'garage': False, 'street': False, 'validated': False, 'lot': False, 'valet': False}""}","Barbeque, Soul Food, Restaurants","{'Tuesday': '11:0-18:30', 'Wednesday': '11:0-18:30', 'Thursday': '11:0-21:0', 'Friday': '11:0-18:0', 'Saturday': '11:0-18:0'}"
wSeEtJ-d2C8vqy5v9La9-g,Lonchos Street Tacos & Spirits,8270 S Houghton Rd,Tucson,AZ,85747,32.101558,-110.773666,4.0,40,1,"{'HasTV': 'True', 'HappyHour': 'True', 'RestaurantsDelivery': 'None', 'BusinessParking': ""{u'valet': False, u'garage': None, u'street': None, u'lot': True, u'validated': False}"", 'RestaurantsTakeOut': 'None', 'Ambience': ""{u'divey': None, u'hipster': False, u'casual': None, u'touristy': None, u'trendy': None, u'intimate': None, u'romantic': False, u'classy': None, u'upscale': None}"", 'RestaurantsGoodForGroups': 'True', 'RestaurantsTableService': 'True', 'Alcohol': ""u'full_bar'""}","Hot Dogs, Nightlife, Sports Bars, Bars, Food Stands, Mexican, Restaurants","{'Monday': '11:0-21:0', 'Tuesday': '11:0-21:0', 'Wednesday': '11:0-21:30', 'Thursday': '11:0-21:30', 'Friday': '11:0-2:0', 'Saturday': '11:0-2:0', 'Sunday': '11:0-22:0'}"
PwzfqurfUG7DKqQlp-1rsg,Arte de la Vida,37 N Tucson Blvd,Tucson,AZ,85716,32.222157,-110.935525,5.0,6,1,"{'BusinessAcceptsCreditCards': 'True', 'BusinessParking': ""{'garage': False, 'street': False, 'validated': False, 'lot': True, 'valet': False}"", 'BusinessAcceptsBitcoin': 'False', 'GoodForKids': 'False', 'RestaurantsPriceRange2': '2', 'ByAppointmentOnly': 'False', 'BikeParking': 'True', 'WiFi': ""u'no'""}","Antiques, Shopping, Arts & Entertainment, Art Galleries","{'Tuesday': '10:0-17:0', 'Wednesday': '10:0-17:0', 'Thursday': '10:0-17:0', 'Friday': '10:0-17:0', 'Saturday': '10:0-17:0'}"
tPfP6sFPAO2ll7X2VKlebQ,Yoga Pod Tucson,"4280 N Campbell, Ste 130",Tucson,AZ,85718,32.2850284,-110.9430727,5.0,8,1,"{'DogsAllowed': 'False', 'BusinessAcceptsCreditCards': 'True', 'WheelchairAccessible': 'True'}","Yoga, Active Life, Fitness & Instruction","{'Monday': '6:30-19:0', 'Tuesday': '6:30-19:0', 'Wednesday': '6:30-19:0', 'Thursday': '6:30-19:0', 'Friday': '6:30-19:0', 'Saturday': '7:30-12:0', 'Sunday': '7:30-12:0'}"
KAk07Tbv0UsoY-s7RYfepg,C.I. Chu's Mongolian Barbeque,4540 E Broadway Blvd,Tucson,AZ,85711,32.2210111,-110.8955944,3.5,177,1,"{'Ambience': ""{'romantic': False, 'intimate': False, 'touristy': False, 'hipster': False, 'divey': False, 'classy': False, 'trendy': False, 'upscale': False, 'casual': True}"", 'RestaurantsTakeOut': 'True', 'NoiseLevel': ""u'average'"", 'RestaurantsGoodForGroups': 'True', 'OutdoorSeating': 'False', 'RestaurantsPriceRange2': '2', 'BusinessAcceptsCreditCards': 'True', 'Alcohol': ""u'beer_and_wine'"", 'RestaurantsReservations': 'False', 'Caters': 'False', 'GoodForKids': 'True', 'BusinessParking': ""{'garage': False, 'street': False, 'validated': False, 'lot': True, 'valet': False}"", 'RestaurantsAttire': ""u'casual'"", 'GoodForMeal': ""{'dessert': False, 'latenight': False, 'lunch': True, 'dinner': True, 'brunch': False, 'breakfast': False}"", 'RestaurantsTableService': 'False', 'BikeParking': 'True', 'RestaurantsDelivery': 'True', 'WiFi': ""u'no'"", 'HasTV': 'True', 'DogsAllowed': 'False'}","Restaurants, Barbeque, Mongolian","{'Monday': '11:0-21:0', 'Tuesday': '11:0-21:0', 'Wednesday': '11:0-21:0', 'Thursday': '11:0-21:0', 'Friday': '11:0-21:0', 'Saturday': '11:0-21:0', 'Sunday': '11:0-21:0'}"
XBIgsYQfu-MeX4RRElOJeQ,The Dive Shop,"1702 E Prince Rd, Ste 150",Tucson,AZ,85719,32.2716952,-110.9457738,4.5,8,1,"{'GoodForKids': 'True', 'BusinessAcceptsCreditCards': 'True', 'RestaurantsPriceRange2': '3', 'BusinessParking': ""{'garage': False, 'street': False, 'validated': False, 'lot': False, 'valet': False}"", 'ByAppointmentOnly': 'False'}","Shopping, Dive Shops, Party & Event Planning, Scuba Diving, Sporting Goods, Diving, Active Life, Event Planning & Services","{'Monday': '12:0-19:0', 'Tuesday': '12:0-19:0', 'Wednesday': '12:0-19:0', 'Thursday': '12:0-19:0', 'Friday': '12:0-17:0', 'Saturday': '12:0-17:0'}"
8dEzIcKIHuOkDqLytnK_nA,Oak & More Furniture,2323 E Grant Rd,Tucson,AZ,85719,32.250723,-110.9366705,4.5,28,0,"{'RestaurantsPriceRange2': '2', 'BusinessParking': ""{'garage': False, 'street': False, 'validated': False, 'lot': True, 'valet': False}"", 'BikeParking': 'True', 'BusinessAcceptsCreditCards': 'True'}","Shopping, Home Decor, Furniture Stores, Office Equipment, Home & Garden","{'Monday': '0:0-0:0', 'Tuesday': '10:0-17:0', 'Wednesday': '10:0-20:0', 'Thursday': '10:0-20:0', 'Friday': '10:0-20:0', 'Saturday': '10:0-17:0', 'Sunday': '12:0-17:0'}"
G3YFsvNF9LV6CWyQQIMu-A,Sbarro Italian Eatery,6401 W Marana Ctr,Tucson,AZ,85742,32.3747063613,-111.1015770654,3.5,6,1,"{'RestaurantsTakeOut': 'True', 'RestaurantsReservations': 'False', 'RestaurantsAttire': ""'casual'"", 'RestaurantsDelivery': 'True', 'RestaurantsGoodForGroups': 'True', 'RestaurantsPriceRange2': '1', 'BusinessAcceptsCreditCards': 'True', 'GoodForKids': 'True'}","Italian, Pizza, Restaurants, Food Court",
SKgD0jRWVKk3NqOtSs3VFA,Jerry Bob's On Broadway,5028 E Broadway Blvd,Tucson,AZ,85711,32.2212055,-110.8852364,3.5,55,0,"{'OutdoorSeating': 'False', 'RestaurantsTakeOut': 'True', 'RestaurantsDelivery': 'False', 'BusinessAcceptsCreditCards': 'True', 'Alcohol': ""u'none'"", 'BusinessParking': ""{'garage': False, 'street': False, 'validated': False, 'lot': True, 'valet': False}"", 'WiFi': ""u'no'"", 'NoiseLevel': ""u'average'"", 'RestaurantsAttire': ""u'casual'"", 'GoodForKids': 'True', 'RestaurantsPriceRange2': '1', 'RestaurantsGoodForGroups': 'True', 'HasTV': 'False', 'RestaurantsReservations': 'False', 'Caters': 'False', 'GoodForMeal': ""{'dessert': False, 'latenight': False, 'lunch': False, 'dinner': False, 'brunch': False, 'breakfast': True}"", 'BikeParking': 'True', 'Ambience': ""{'touristy': False, 'hipster': False, 'romantic': False, 'divey': False, 'intimate': False, 'trendy': False, 'upscale': False, 'classy': False, 'casual': False}""}","Restaurants, Breakfast & Brunch, American (Traditional), Diners, Salad","{'Monday': '5:30-14:0', 'Tuesday': '5:30-14:0', 'Wednesday': '5:30-14:0', 'Thursday': '5:30-14:0', 'Friday': '5:30-14:0', 'Saturday': '5:30-14:0', 'Sunday': '6:0-14:0'}"
9HxXwTAfKK2QpdGdPuxe4g,Walmart Pharmacy,7150 E Speedway Blvd,Tucson,AZ,85710,32.2335905004,-110.8393713019,1.5,9,1,"{'RestaurantsPriceRange2': '3', 'BikeParking': 'True', 'BusinessAcceptsCreditCards': 'True'}","Shopping, Drugstores, Vitamins & Supplements, Health & Medical, Pharmacy","{'Monday': '9:0-21:0', 'Tuesday': '9:0-21:0', 'Wednesday': '9:0-21:0', 'Thursday': '9:0-21:0', 'Friday': '9:0-21:0', 'Saturday': '9:0-19:0', 'Sunday': '10:0-18:0'}"
kTzzgoIa9icNbTZyt3zlFQ,Inglis Florists,2362 East Broadway Blvd,Tucson,AZ,85719,32.22115,-110.9365056,4.0,31,1,"{'BusinessAcceptsCreditCards': 'True', 'BusinessParking': ""{'garage': False, 'street': False, 'validated': False, 'lot': False, 'valet': False}"", 'RestaurantsPriceRange2': '2', 'BikeParking': 'True', 'RestaurantsDelivery': 'None'}","Shopping, Home & Garden, Florists, Flowers & Gifts, Floral Designers, Event Planning & Services, Nurseries & Gardening","{'Monday': '8:0-18:0', 'Tuesday': '8:0-18:0', 'Wednesday': '8:0-18:0', 'Thursday': '8:0-18:0', 'Friday': '8:0-18:0', 'Saturday': '8:0-18:0', 'Sunday': '9:0-15:0'}"
SNndBdvDfflgNPKO74LmGw,Transformation Pet Center,3158 E Grant Rd,Tucson,AZ,85716,32.250421,-110.924379,5.0,6,1,,"Veterinarians, Pet Sitting, Pets, Pet Services, Pet Groomers","{'Wednesday': '8:0-16:30', 'Friday': '8:0-16:30', 'Saturday': '8:0-16:30'}"
PsnjyN3llgp3BTUA2MYGuA,Museum of Contemporary Art,265 S Church Ave,Tucson,AZ,85701,32.2180139445,-110.9717977035,3.5,33,1,{'GoodForKids': 'True'},"Museums, Art Museums, Arts & Entertainment","{'Wednesday': '12:0-17:0', 'Thursday': '12:0-17:0', 'Friday': '12:0-17:0', 'Saturday': '12:0-17:0', 'Sunday': '12:0-17:0'}"
plUxQaoTDXe7BPam9rNRgA,Cupcakes,"4811 E Grant Rd, Ste 127",Tucson,AZ,85712,32.2517083,-110.890542,3.0,6,0,"{'BusinessAcceptsCreditCards': 'True', 'RestaurantsPriceRange2': '2'}","Desserts, Bakeries, Food","{'Monday': '9:0-18:30', 'Tuesday': '9:0-18:30', 'Wednesday': '9:0-18:30', 'Thursday': '9:0-18:30', 'Friday': '9:0-18:30', 'Saturday': '9:0-18:30'}"
CA5BOxKRDPGJgdUQ8OUOpw,Maynards,400 N Toole Ave,Tucson,AZ,85701,32.2230921164,-110.96662733,4.0,608,1,"{'RestaurantsTakeOut': 'True', 'RestaurantsAttire': ""u'casual'"", 'BusinessParking': ""{'garage': True, 'street': True, 'validated': False, 'lot': True, 'valet': True}"", 'Ambience': ""{'romantic': False, 'intimate': False, 'touristy': False, 'hipster': False, 'divey': False, 'classy': True, 'trendy': False, 'upscale': False, 'casual': False}"", 'RestaurantsReservations': 'True', 'Alcohol': ""u'full_bar'"", 'RestaurantsDelivery': 'False', 'BusinessAcceptsCreditCards': 'True', 'NoiseLevel': ""u'average'"", 'Caters': 'False', 'RestaurantsGoodForGroups': 'True', 'OutdoorSeating': 'True', 'BikeParking': 'True', 'WiFi': ""u'free'"", 'HasTV': 'False', 'Smoking': ""u'no'"", 'HappyHour': 'True', 'BestNights': ""{'monday': False, 'tuesday': False, 'friday': False, 'wednesday': False, 'thursday': False, 'sunday': False, 'saturday': False}"", 'Music': ""{'dj': False, 'background_music': False, 'no_music': False, 'jukebox': False, 'live': None, 'video': False, 'karaoke': False}"", 'GoodForMeal': ""{'dessert': None, 'latenight': False, 'lunch': None, 'dinner': True, 'brunch': None, 'breakfast': None}"", 'DogsAllowed': 'True', 'DriveThru': 'False', 'RestaurantsPriceRange2': '2', 'GoodForDancing': 'False', 'CoatCheck': 'False', 'GoodForKids': 'True', 'WheelchairAccessible': 'True', 'RestaurantsTableService': 'True'}","Grocery, Burgers, Food, Local Flavor, Restaurants, Salad, American (Traditional), Nightlife, American (New), Bars, Sandwiches, Breakfast & Brunch","{'Wednesday': '16:0-21:0', 'Thursday': '16:0-21:0', 'Friday': '16:0-21:0', 'Saturday': '16:0-21:0', 'Sunday': '16:0-21:0'}"
x_WLcfrwrj2xthDbopfoMg,Sparkle Cleaners - Campbell,2701 N Campbell Ave,Tucson,AZ,85719,32.255981,-110.9441788,2.5,11,1,"{'BusinessAcceptsCreditCards': 'True', 'BusinessParking': ""{'garage': False, 'street': False, 'validated': False, 'lot': True, 'valet': False}"", 'RestaurantsPriceRange2': '1', 'BikeParking': 'False', 'WiFi': ""'no'""}","Dry Cleaning & Laundry, Sewing & Alterations, Local Services, Dry Cleaning, Shoe Repair, Laundry Services","{'Monday': '0:0-0:0', 'Tuesday': '7:0-19:0', 'Wednesday': '7:0-19:0', 'Thursday': '7:0-19:0', 'Friday': '7:0-19:0', 'Saturday': '8:0-18:0'}"
x83J5JvK8BxYd3vs9gAPqQ,Unplugged,118 E Congress St,Tucson,AZ,85701,32.2219630971,-110.969274044,4.5,41,0,"{'HasTV': 'False', 'BusinessAcceptsBitcoin': 'False', 'Alcohol': ""u'beer_and_wine'"", 'BikeParking': 'True', 'RestaurantsPriceRange2': '2', 'Ambience': ""{'romantic': False, 'intimate': False, 'classy': False, 'hipster': False, 'divey': False, 'touristy': False, 'trendy': True, 'upscale': False, 'casual': False}"", 'BusinessParking': ""{'garage': False, 'street': True, 'validated': False, 'lot': False, 'valet': True}"", 'OutdoorSeating': 'True', 'BusinessAcceptsCreditCards': 'True', 'NoiseLevel': ""'average'"", 'RestaurantsGoodForGroups': 'False'}","Restaurants, Bars, Tapas Bars, Nightlife, Wine Bars","{'Monday': '18:0-0:0', 'Tuesday': '18:0-0:0', 'Wednesday': '18:0-0:0', 'Thursday': '18:0-0:0', 'Friday': '16:0-1:30', 'Saturday': '16:0-1:30', 'Sunday': '18:0-0:0'}"
oC1rO2Nr9yzU7dxF0MwGLw,Dapper,27 N Scott Ave,Tucson,AZ,85701,32.2225533,-110.9699944,4.5,13,0,"{'BusinessParking': ""{'garage': False, 'street': True, 'validated': False, 'lot': False, 'valet': False}"", 'RestaurantsPriceRange2': '2', 'ByAppointmentOnly': 'False', 'BusinessAcceptsCreditCards': 'True'}","Beauty & Spas, Barbers","{'Tuesday': '9:0-19:0', 'Wednesday': '9:0-19:0', 'Thursday': '9:0-19:0', 'Friday': '9:0-19:0', 'Saturday': '9:0-19:0'}"
02G_VsT0vxNp8VnTYjF8eA,Culligan of Tucson,2209 E Ginter Rd,Tucson,AZ,85706,32.1382073,-110.9384412,3.5,8,1,"{'ByAppointmentOnly': 'True', 'BusinessAcceptsCreditCards': 'True'}","Water Delivery, Appliances & Repair, Home Services, Water Purification Services, Local Services","{'Monday': '8:30-16:30', 'Tuesday': '8:30-16:30', 'Wednesday': '8:30-16:30', 'Thursday': '8:30-16:30', 'Friday': '8:30-16:30'}"
kmHOQdrkxDxq0Sxyt4bwgw,Hirsh's Shoes,2934 E Broadway Blvd,Tucson,AZ,85716,32.2210496,-110.9280542,3.5,7,0,"{'BusinessParking': ""{'garage': False, 'street': False, 'validated': False, 'lot': False, 'valet': False}"", 'RestaurantsPriceRange2': '2', 'BusinessAcceptsCreditCards': 'True'}","Shopping, Shoe Stores, Fashion",
GQun5xJ7kr9YAa4oGJSoMA,7 Days Appliance Repair,4754 E 1st St,Tucson,AZ,85711,32.2348355,-110.8910155,4.0,17,1,"{'BusinessAcceptsBitcoin': 'False', 'BusinessAcceptsCreditCards': 'True'}","Home Services, Local Services, Appliances & Repair, Heating & Air Conditioning/HVAC","{'Monday': '7:0-18:0', 'Tuesday': '7:0-18:0', 'Wednesday': '7:0-18:0', 'Thursday': '7:0-18:0', 'Friday': '7:0-18:0', 'Saturday': '8:0-15:0', 'Sunday': '10:0-14:0'}"
5cFyAoy0nZ1WOvvlIDQ3nw,PODS Moving & Storage,6161 S Palo Verde Rd,Tucson,AZ,85706,32.1410242417,-110.9177293665,1.5,12,1,{'BusinessAcceptsCreditCards': 'True'},"Self Storage, Home Services, Local Services, Movers","{'Monday': '8:0-16:0', 'Tuesday': '8:0-16:0', 'Wednesday': '8:0-16:0', 'Thursday': '8:0-16:0', 'Friday': '8:0-16:0', 'Saturday': '8:0-16:0'}"
FEIIZJ3bpbkNeQDnE5c6Lg,La Paloma Country Club,3660 E Sunrise Dr,Tucson,AZ,85718,32.3172574483,-110.9155309588,4.0,11,1,{'GoodForKids': 'False'},"Country Clubs, Arts & Entertainment, Hotels & Travel, Hotels, Event Planning & Services",
Tpl5ACUGTS1RqLJaheGfQw,Gaslight Printshop,7004 E Broadway Blvd,Tucson,AZ,85710,32.2207053,-110.8432453,4.5,6,1,"{'RestaurantsPriceRange2': '2', 'BusinessAcceptsCreditCards': 'True', 'BusinessParking': ""{'garage': False, 'street': False, 'validated': False, 'lot': True, 'valet': False}"", 'BusinessAcceptsBitcoin': 'False', 'BikeParking': 'True'}","Screen Printing/T-Shirt Printing, Arts & Crafts, Graphic Design, Event Planning & Services, Printing Services, Cards & Stationery, Local Services, Flowers & Gifts, Professional Services, Shopping","{'Monday': '8:30-17:0', 'Tuesday': '8:30-17:0', 'Wednesday': '8:30-17:0', 'Thursday': '8:30-17:0', 'Friday': '8:30-17:0'}"
UGdufAsFg_vHMdo6MC8aBg,Anytime Fitness,4784 E Sunrise Dr,Tucson,AZ,85718,32.3077147824,-110.8906456299,4.0,15,1,"{'GoodForKids': 'False', 'ByAppointmentOnly': 'False', 'BusinessAcceptsCreditCards': 'True', 'BusinessParking': ""{'garage': False, 'street': False, 'validated': False, 'lot': False, 'valet': False}""}","Active Life, Fitness & Instruction, Gyms, Trainers","{'Monday': '0:0-0:0', 'Tuesday': '0:0-0:0', 'Wednesday': '0:0-0:0', 'Thursday': '0:0-0:0', 'Friday': '0:0-0:0', 'Saturday': '0:0-0:0', 'Sunday': '0:0-0:0'}"
RSjBOAFBKklF5k3XYEzxjA,Foothills Mall,7401 N La Cholla Blvd,Tucson,AZ,85741,32.3407213608,-111.0148001622,2.5,46,1,"{'BusinessParking': ""{'garage': False, 'street': False, 'validated': False, 'lot': True, 'valet': False}"", 'RestaurantsPriceRange2': '2', 'BikeParking': 'True', 'BusinessAcceptsCreditCards': 'True', 'DogsAllowed': 'False'}","Shopping, Shopping Centers","{'Monday': '10:0-21:0', 'Tuesday': '10:0-21:0', 'Wednesday': '10:0-21:0', 'Thursday': '10:0-21:0', 'Friday': '10:0-21:0', 'Saturday': '10:0-21:0', 'Sunday': '11:0-18:0'}"
pq8pg05QgtGYTjnHc8gwRw,Capistrano Apartments,2929 E 6th St,Tucson,AZ,85716,32.2284256,-110.9288692,4.0,8,1,"{'ByAppointmentOnly': 'False', 'WheelchairAccessible': 'True', 'BusinessAcceptsCreditCards': 'True'}","Real Estate, Apartments, Home Services","{'Monday': '8:30-17:30', 'Tuesday': '8:30-17:30', 'Wednesday': '9:30-17:30', 'Thursday': '8:30-17:30', 'Friday': '8:30-17:30', 'Saturday': '10:0-17:0'}"
U4unTh0GnXSUJ8zgZkWv0A,Chase Bank,2121 W Grant Rd,Tucson,AZ,85745,32.250189,-111.012284,3.5,5,1,,"Banks & Credit Unions, Financial Services","{'Monday': '9:0-17:0', 'Tuesday': '9:0-17:0', 'Wednesday': '9:0-17:0', 'Thursday': '9:0-17:0', 'Friday': '9:0-17:0', 'Saturday': '9:0-13:0'}"
qJZR4gWHyI8Kthu5t75qwQ,Eren Design & Remodel,55 N Avenida De La Vista,Tucson,AZ,85710,32.2218176,-110.834739,1.0,5,1,"{'ByAppointmentOnly': 'False', 'BusinessAcceptsBitcoin': 'False', 'BusinessAcceptsCreditCards': 'False'}","Cabinetry, Kitchen & Bath, Contractors, Home Services, Home & Garden, Shopping, Interior Design","{'Monday': '7:30-16:0', 'Tuesday': '7:30-16:0', 'Wednesday': '7:30-16:0', 'Thursday': '7:30-16:0', 'Friday': '7:30-16:0'}"
61Rj6O9_hZsp18EaL-jkcg,Feisty Studios Salon & Spa,"8245 N Silverbell Rd, Ste 111",Tucson,AZ,85743,32.3561767,-111.1134317,4.5,12,1,"{'GoodForKids': 'True', 'RestaurantsPriceRange2': '2', 'BikeParking': 'True', 'ByAppointmentOnly': 'True', 'BusinessParking': ""{'garage': False, 'street': False, 'validated': False, 'lot': True, 'valet': False}"", 'BusinessAcceptsCreditCards': 'True'}","Hair Salons, Day Spas, Nail Salons, Beauty & Spas","{'Tuesday': '9:0-20:0', 'Wednesday': '9:0-17:0', 'Thursday': '9:0-20:0', 'Friday': '9:0-18:0', 'Saturday': '9:0-17:0'}"
vwp_SG9FbE7rQkdsBm86fg,Arizona Hatters,2790 N Campbell Ave,Tucson,AZ,85719,32.2569276,-110.9435384,4.5,18,1,"{'ByAppointmentOnly': 'False', 'BusinessParking': ""{'garage': False, 'street': False, 'validated': False, 'lot': False, 'valet': False}"", 'BikeParking': 'True', 'BusinessAcceptsCreditCards': 'True', 'RestaurantsPriceRange2': '3'}","Shopping, Hats, Fashion","{'Monday': '0:0-0:0', 'Tuesday': '10:0-18:0', 'Wednesday': '10:0-18:0', 'Thursday': '10:0-18:0', 'Friday': '10:0-14:0', 'Saturday': '10:0-18:0'}"
CoyTdhCmXhDHllp-M-Lc8g,Ace of Escape,406 N. Church Ave,Tucson,AZ,85701,32.2225217,-110.9348328,4.5,29,1,"{'BikeParking': 'True', 'BusinessAcceptsCreditCards': 'True', 'ByAppointmentOnly': 'True', 'GoodForKids': 'True', 'BusinessParking': ""{'garage': False, 'street': False, 'validated': False, 'lot': True, 'valet': False}"", 'DogsAllowed': 'False', 'WheelchairAccessible': 'True'}","Team Building Activities, Challenge Courses, Active Life, Escape Games, Event Planning & Services","{'Monday': '10:0-20:0', 'Tuesday': '10:0-20:0', 'Wednesday': '10:0-20:0', 'Thursday': '10:0-21:0', 'Friday': '10:0-23:0', 'Saturday': '11:0-23:0', 'Sunday': '12:0-19:0'}"
zu8Q3zYfgJaOn96LbPt_Hw,Ristorante Italia,6464 E Tanque Verde Rd,Tucson,AZ,85712,32.2442,-110.854324,2.0,6,0,"{'RestaurantsPriceRange2': '2', 'BusinessParking': ""{'garage': False, 'street': False, 'validated': False, 'lot': True, 'valet': False}"", 'RestaurantsTakeOut': 'True', 'RestaurantsDelivery': 'False', 'RestaurantsGoodForGroups': 'False', 'RestaurantsAttire': ""'casual'"", 'BusinessAcceptsCreditCards': 'True', 'Alcohol': ""'full_bar'"", 'GoodForKids': 'True', 'OutdoorSeating': 'True', 'RestaurantsReservations': 'True', 'HappyHour': 'True'}","Restaurants, Italian, Kosher",
9BSNvC7CiuCZNebRYIpsjg,Spa One,6330 N Campbell Ave,Tucson,AZ,85718,32.3215961,-110.9295232,2.5,8,0,"{'BusinessAcceptsCreditCards': 'True', 'ByAppointmentOnly': 'True', 'BusinessParking': ""{'garage': False, 'street': False, 'validated': False, 'lot': True, 'valet': False}"", 'RestaurantsPriceRange2': '2'}","Massage, Skin Care, Day Spas, Beauty & Spas","{'Tuesday': '10:0-20:0', 'Friday': '10:0-20:0', 'Saturday': '9:0-20:0', 'Sunday': '10:0-20:0'}"
AY-M_DxuCITH4Xjn45Rczg,Sandy's West RV Center,1451 W Miracle Mile,Tucson,AZ,85705,32.260914,-110.997306,4.5,11,1,{'BusinessAcceptsCreditCards': 'True'},"RV Repair, Automotive, RV Dealers","{'Tuesday': '8:30-16:0', 'Wednesday': '8:30-16:0', 'Thursday': '8:30-16:0', 'Friday': '8:30-16:0', 'Saturday': '8:30-14:0'}"
wa_bwyY57etHjtJ2Fw0E3g,Pita Jungle,5340 E Broadway Blvd,Tucson,AZ,85711,32.2208987,-110.8789015,3.5,464,0,"{'BusinessAcceptsCreditCards': 'True', 'NoiseLevel': ""u'average'"", 'RestaurantsAttire': ""u'casual'"", 'RestaurantsTakeOut': 'True', 'GoodForKids': 'True', 'BikeParking': 'True', 'RestaurantsGoodForGroups': 'True', 'RestaurantsReservations': 'True', 'OutdoorSeating': 'True', 'BusinessParking': ""{'garage': False, 'street': False, 'validated': False, 'lot': True, 'valet': False}"", 'Caters': 'True', 'HasTV': 'True', 'WiFi': ""u'no'"", 'Alcohol': ""u'full_bar'"", 'DriveThru': 'True', 'RestaurantsPriceRange2': '2', 'Ambience': ""{'touristy': False, 'hipster': False, 'romantic': False, 'divey': False, 'intimate': False, 'trendy': None, 'upscale': False, 'classy': True, 'casual': True}"", 'GoodForMeal': ""{'dessert': False, 'latenight': False, 'lunch': True, 'dinner': True, 'brunch': False, 'breakfast': False}"", 'HappyHour': 'True', 'RestaurantsDelivery': 'None'}","Vegetarian, American (New), Mediterranean, Sandwiches, Restaurants","{'Monday': '0:0-0:0', 'Tuesday': '11:0-18:0', 'Wednesday': '11:0-18:0', 'Thursday': '11:0-18:0', 'Friday': '11:0-18:0', 'Saturday': '11:0-18:0'}"
ndSwAPAHeG6NVz8OZVDvhw,Campfire Cycling,15 E Toole Ave,Tucson,AZ,85701,32.22646529,-110.9713467898,4.0,11,1,"{'RestaurantsPriceRange2': '4', 'BusinessAcceptsBitcoin': 'False', 'BikeParking': 'True', 'DogsAllowed': 'True', 'RestaurantsTakeOut': 'None', 'BusinessParking': ""{'garage': False, 'street': False, 'validated': False, 'lot': True, 'valet': False}"", 'WheelchairAccessible': 'False', 'RestaurantsDelivery': 'None', 'BusinessAcceptsCreditCards': 'True'}","Fitness/Exercise Equipment, Sporting Goods, Shopping, Bikes","{'Monday': '11:0-18:0', 'Tuesday': '11:0-17:0', 'Wednesday': '11:0-17:0', 'Thursday': '11:0-17:0', 'Friday': '11:0-18:0', 'Saturday': '11:0-17:0'}"
ygS0u9G_VUeV0nF-iVDRQg,Old Times Kafe,1485 W Prince Rd,Tucson,AZ,85705,32.2718119,-110.9980488,4.0,76,1,"{'RestaurantsAttire': ""u'casual'"", 'BusinessAcceptsCreditCards': 'True', 'Alcohol': ""u'none'"", 'BusinessParking': ""{'garage': False, 'street': False, 'validated': False, 'lot': True, 'valet': False}"", 'RestaurantsGoodForGroups': 'True', 'RestaurantsReservations': 'True', 'Caters': 'False', 'RestaurantsPriceRange2': '1', 'BikeParking': 'True', 'GoodForKids': 'True', 'NoiseLevel': ""u'average'"", 'OutdoorSeating': 'True', 'WiFi': ""'no'"", 'HasTV': 'False', 'RestaurantsTakeOut': 'True', 'HappyHour': 'False', 'WheelchairAccessible': 'True', 'DogsAllowed': 'False', 'Ambience': ""{'touristy': False, 'hipster': False, 'romantic': False, 'divey': None, 'intimate': False, 'trendy': False, 'upscale': False, 'classy': False, 'casual': True}"", 'RestaurantsTableService': 'True', 'RestaurantsDelivery': 'True', 'BYOB': 'False', 'GoodForMeal': ""{'dessert': False, 'latenight': False, 'lunch': None, 'dinner': False, 'brunch': None, 'breakfast': True}"", 'Corkage': 'False'}","Breakfast & Brunch, Restaurants, Diners, American (Traditional)","{'Monday': '0:0-0:0', 'Wednesday': '5:30-14:0', 'Thursday': '5:30-14:0', 'Friday': '5:30-14:0', 'Saturday': '5:30-14:0', 'Sunday': '5:30-14:0'}"
YM9q2KvGi-YYX1McNo0fYw,Tucson's Loop Bicycle Shop,3201 W Diamond St,Tucson,AZ,85718,32.2982215881,-111.035774231,5.0,6,0,"{'GoodForKids': 'True', 'RestaurantsPriceRange2': '1', 'BikeParking': 'True', 'BusinessParking': ""{'garage': False, 'street': False, 'validated': False, 'lot': True, 'valet': False}"", 'BusinessAcceptsCreditCards': 'True'}","Bike Repair/Maintenance, Shopping, Bicycle Paths, Active Life, Local Services, Sporting Goods, Bikes","{'Tuesday': '7:0-17:0', 'Wednesday': '7:0-17:0', 'Thursday': '7:0-17:0', 'Friday': '7:0-17:0', 'Saturday': '8:0-14:0'}"
PrWr55aodHKyWHoDhyhb8w,Windsor,"5870 E. Broadway, Ste 324, Park Place Mall",Tucson,AZ,85711,32.219619,-110.86519,4.0,5,1,"{'ByAppointmentOnly': 'False', 'RestaurantsDelivery': 'None', 'RestaurantsTakeOut': 'None'}","Shopping, Accessories, Formal Wear, Fashion, Women's Clothing","{'Monday': '11:0-19:0', 'Tuesday': '11:0-19:0', 'Wednesday': '11:0-19:0', 'Thursday': '11:0-19:0', 'Friday': '11:0-19:0', 'Saturday': '11:0-20:0', 'Sunday': '11:0-19:0'}"
txGKJkUuTf41e1C8_-P6bw,Cool Dudes Pool Service,12691 N Crooked Willow,Tucson,AZ,85653,32.2569979987,-110.8840649317,4.5,15,1,"{'BusinessAcceptsCreditCards': 'False', 'GoodForKids': 'True', 'ByAppointmentOnly': 'False'}","Active Life, Pool Cleaners, Swimming Pools, Home Services","{'Monday': '7:0-19:0', 'Tuesday': '7:0-19:0', 'Wednesday': '7:0-19:0', 'Thursday': '7:0-19:0', 'Friday': '7:0-19:0', 'Saturday': '7:0-19:0'}"
45eRur6nP61UWJ5A2W2oSQ,Liferoot Acupuncture & Healing Arts,"1601 N Tucson Blvd, Ste 14",Tucson,AZ,85716,32.2421985936,-110.936382906,5.0,18,1,"{'ByAppointmentOnly': 'True', 'AcceptsInsurance': 'True', 'BusinessAcceptsCreditCards': 'True'}","Traditional Chinese Medicine, Health & Medical, Acupuncture, Massage Therapy, Reiki","{'Tuesday': '9:0-17:0', 'Wednesday': '9:0-17:0', 'Thursday': '9:0-17:0', 'Friday': '9:0-17:0', 'Saturday': '9:0-17:0'}"
LyY442CH1AfyQSdWASJMPg,America's Mattress of Tucson,7881 N Oracle Rd,Tucson,AZ,85704,32.3496907,-110.9766889,5.0,8,1,"{'BusinessAcceptsCreditCards': 'True', 'WheelchairAccessible': 'True', 'RestaurantsPriceRange2': '2', 'BikeParking': 'True'}","Home & Garden, Shopping, Mattresses","{'Monday': '10:0-19:0', 'Tuesday': '10:0-19:0', 'Wednesday': '10:0-19:0', 'Thursday': '10:0-19:0', 'Friday': '10:0-19:0', 'Saturday': '10:0-19:0', 'Sunday': '10:0-19:0'}"
C3-FHGw5P9nWvJOGvpsZzQ,Casas Lindas Apartments by HSL Asset Management,699 West Magee Rd,Tucson,AZ,85704,32.350053,-110.979886,2.0,5,0,"{'BusinessAcceptsCreditCards': 'False', 'ByAppointmentOnly': 'False'}","Real Estate, Home Services, Apartments","{'Monday': '9:0-18:0', 'Tuesday': '9:0-18:0', 'Wednesday': '9:0-18:0', 'Thursday': '9:0-18:0', 'Friday': '9:0-18:0', 'Saturday': '10:0-16:0'}"
F45Xm5A950Kmm9Zs13aW0g,Reflections at the Buttes,9800 N Oracle Rd,Tucson,AZ,85704,32.3848363,-110.9622594,4.0,21,1,"{'BusinessAcceptsCreditCards': 'True', 'WiFi': ""u'free'""}","Event Planning & Services, Wedding Planning, Party & Event Planning, Venues & Event Spaces","{'Tuesday': '9:0-17:30', 'Wednesday': '9:0-17:30', 'Thursday': '9:0-17:30', 'Friday': '9:0-17:30', 'Saturday': '9:0-17:30'}"
NM338Sk25RGU-nHZYydKEQ,Presidio Plumbing with Solar Heating,220 E 27th St,Tucson,AZ,85713,32.2013821,-110.9665439,2.0,25,1,{'BusinessAcceptsCreditCards': 'True'},"Home Services, Plumbing","{'Monday': '8:0-17:0', 'Tuesday': '8:0-17:0', 'Wednesday': '8:0-17:0', 'Thursday': '8:0-17:0', 'Friday': '8:0-17:0', 'Saturday': '8:0-17:0', 'Sunday': '8:0-17:0'}"
ksma5FPvWkaZvcwHz_bZPA,McDonald's,2130 W River Rd,Tucson,AZ,85704,32.3057217,-111.0128118,1.5,25,1,"{'NoiseLevel': ""u'quiet'"", 'RestaurantsDelivery': 'True', 'RestaurantsTakeOut': 'True', 'RestaurantsAttire': ""u'casual'"", 'RestaurantsGoodForGroups': 'True', 'Ambience': ""{'romantic': False, 'intimate': False, 'classy': False, 'hipster': False, 'divey': False, 'touristy': False, 'trendy': False, 'upscale': False, 'casual': False}"", 'BikeParking': 'True', 'RestaurantsPriceRange2': '1', 'BusinessAcceptsCreditCards': 'True', 'RestaurantsReservations': 'False', 'GoodForKids': 'True', 'WiFi': ""u'free'"", 'Alcohol': ""'none'"", 'GoodForMeal': ""{'dessert': False, 'latenight': False, 'lunch': False, 'dinner': False, 'brunch': False, 'breakfast': False}"", 'DriveThru': 'True', 'HasTV': 'True', 'OutdoorSeating': 'None', 'BusinessParking': ""{u'valet': False, u'garage': False, u'street': False, u'lot': True, u'validated': False}""}","Restaurants, Fast Food, Burgers, Coffee & Tea, Food","{'Monday': '4:30-0:0', 'Tuesday': '4:30-0:0', 'Wednesday': '4:30-0:0', 'Thursday': '4:30-0:0', 'Friday': '4:30-0:0', 'Saturday': '4:30-0:0', 'Sunday': '4:30-0:0'}"
2oeIjJJ981288s34A7tJmw,Tucson Dog Trainers,"2100 N Wilmot Rd, Ste 313",Tucson,AZ,85712,32.2237599379,-110.9775339067,4.0,5,1,,"Pet Training, Pet Boarding, Pet Services, Pet Sitting, Pets, Pet Transportation","{'Monday': '7:0-19:0', 'Tuesday': '7:0-19:0', 'Wednesday': '7:0-19:0', 'Thursday': '7:0-19:0', 'Friday': '7:0-19:0', 'Saturday': '7:0-19:0', 'Sunday': '7:0-19:0'}"
ak7Rmz3Mu48qfqnw4ExiTA,The Buffalo Spot - Tucson,760 N Tyndall Ave,Tucson,AZ,85719,32.2313572,-110.9576257,3.0,101,1,"{'RestaurantsPriceRange2': '1', 'RestaurantsTakeOut': 'True', 'BusinessParking': ""{'garage': True, 'street': True, 'validated': True, 'lot': True, 'valet': False}"", 'Caters': 'True', 'HasTV': 'True', 'OutdoorSeating': 'True', 'RestaurantsTableService': 'False', 'RestaurantsReservations': 'False', 'GoodForKids': 'True', 'RestaurantsAttire': ""'casual'"", 'BusinessAcceptsCreditCards': 'True', 'WheelchairAccessible': 'True', 'NoiseLevel': ""'average'"", 'ByAppointmentOnly': 'False', 'RestaurantsGoodForGroups': 'True', 'Open24Hours': 'False', 'WiFi': ""u'no'"", 'BikeParking': 'True', 'GoodForMeal': ""{'dessert': False, 'latenight': False, 'lunch': True, 'dinner': True, 'brunch': False, 'breakfast': False}"", 'RestaurantsDelivery': 'True', 'BYOBCorkage': ""u'no'"", 'BusinessAcceptsBitcoin': 'False', 'Ambience': ""{u'divey': None, u'hipster': None, u'casual': True, u'touristy': None, u'trendy': None, u'intimate': False, u'romantic': False, u'classy': None, u'upscale': False}"", 'Alcohol': ""u'beer_and_wine'""}","Restaurants, Salad, Wraps, American (Traditional), Chicken Wings","{'Monday': '0:0-0:0', 'Tuesday': '10:30-22:30', 'Wednesday': '10:30-22:30', 'Thursday': '10:30-22:30', 'Friday': '10:30-17:0', 'Saturday': '10:30-1:0', 'Sunday': '10:30-22:30'}"
LmbGTYqufVQX8kWuUzO8mg,Tucson Trap & Skeet Club,7800 W Old Ajo Hwy,Tucson,AZ,85735,32.15236,-111.136156,5.0,13,1,"{'GoodForKids': 'True', 'BusinessAcceptsCreditCards': 'True'}","Active Life, Gun/Rifle Ranges, Restaurants","{'Monday': '0:0-0:0', 'Tuesday': '8:0-14:0', 'Wednesday': '8:0-14:0', 'Thursday': '8:0-14:0', 'Friday': '8:0-14:0', 'Saturday': '8:0-14:0', 'Sunday': '8:0-14:0'}"
G1Lp17Kv3j9TPLpHbb5bRQ,XO Hair N Lash,2538 E Broadway Blvd,Tucson,AZ,85716,32.2212667586,-110.9337565675,5.0,5,1,"{'ByAppointmentOnly': 'False', 'BikeParking': 'True', 'BusinessAcceptsCreditCards': 'True', 'RestaurantsPriceRange2': '2', 'BusinessParking': ""{'garage': False, 'street': False, 'validated': False, 'lot': False, 'valet': False}"", 'GoodForKids': 'True'}","Hair Salons, Beauty & Spas, Nail Salons, Hair Stylists, Eyelash Service, Nail Technicians","{'Tuesday': '9:0-18:0', 'Wednesday': '9:0-18:0', 'Thursday': '9:0-18:0', 'Friday': '9:0-18:0', 'Saturday': '9:0-18:0'}"
4iE-M3Oonu83VVYPTMI2LA,Fish Window Cleaning,"850 E Ohio St, Ste 21",Tucson,AZ,85714,32.1671861,-110.9585339,4.5,6,1,"{'ByAppointmentOnly': 'True', 'BusinessAcceptsCreditCards': 'True'}","Gutter Services, Home Services, Window Washing, Pressure Washers","{'Monday': '7:0-16:0', 'Tuesday': '7:0-16:0', 'Wednesday': '7:0-16:0', 'Thursday': '7:0-16:0', 'Friday': '7:0-16:0', 'Saturday': '9:0-13:0'}"
0z-pNv_92L_-LiYV_XlcSw,Brawley's Restaurant,7848 E Wrightstown Rd,Tucson,AZ,85715,32.2502273843,-110.8243817836,3.5,90,1,"{'WiFi': ""'no'"", 'RestaurantsTableService': 'True', 'BusinessAcceptsCreditCards': 'True', 'BusinessParking': ""{'garage': False, 'street': False, 'validated': False, 'lot': True, 'valet': False}"", 'NoiseLevel': ""u'average'"", 'RestaurantsDelivery': 'False', 'RestaurantsAttire': ""'casual'"", 'GoodForKids': 'True', 'Caters': 'False', 'BikeParking': 'True', 'Alcohol': ""'none'"", 'RestaurantsPriceRange2': '1', 'RestaurantsTakeOut': 'True', 'GoodForMeal': ""{'dessert': False, 'latenight': False, 'lunch': False, 'dinner': False, 'brunch': True, 'breakfast': True}"", 'RestaurantsReservations': 'False', 'HasTV': 'False', 'Ambience': ""{'touristy': False, 'hipster': False, 'romantic': False, 'divey': None, 'intimate': False, 'trendy': False, 'upscale': False, 'classy': False, 'casual': True}"", 'OutdoorSeating': 'False', 'RestaurantsGoodForGroups': 'False'}","Food, Do-It-Yourself Food, Breakfast & Brunch, Restaurants","{'Monday': '0:0-0:0', 'Tuesday': '6:0-14:0', 'Wednesday': '6:0-14:0', 'Thursday': '6:0-14:0', 'Friday': '6:0-14:0', 'Saturday': '6:0-14:0', 'Sunday': '6:0-14:0'}"
MO82R6jbTZQJDSFgjde2NQ,Target,9615 E Old Spanish Trl,Tucson,AZ,85748,32.207417,-110.786774,3.5,36,1,"{'BusinessAcceptsCreditCards': 'True', 'RestaurantsPriceRange2': '2', 'BusinessParking': ""{'garage': False, 'street': False, 'validated': False, 'lot': True, 'valet': False}"", 'RestaurantsTableService': 'False', 'DogsAllowed': 'False', 'RestaurantsReservations': 'False', 'BikeParking': 'True', 'CoatCheck': 'False', 'ByAppointmentOnly': 'False', 'HasTV': 'False', 'WheelchairAccessible': 'True', 'OutdoorSeating': 'False', 'WiFi': ""u'no'"", 'HappyHour': 'False', 'RestaurantsTakeOut': 'None', 'Caters': 'False', 'RestaurantsDelivery': 'False'}","Department Stores, Fashion, Shopping, Electronics, Furniture Stores, Food, Grocery, Home & Garden","{'Monday': '0:0-0:0', 'Tuesday': '7:0-23:59', 'Wednesday': '7:0-23:59', 'Thursday': '7:0-23:59', 'Friday': '8:0-21:0', 'Saturday': '7:0-23:59', 'Sunday': '7:0-22:0'}"
c1lnt8TTtcxhmeg2R4IKpg,Luxury Nails,4635 E Speedway Blvd,Tucson,AZ,85712,32.237344,-110.893195,3.5,42,1,"{'BusinessAcceptsCreditCards': 'True', 'BikeParking': 'True', 'ByAppointmentOnly': 'False', 'RestaurantsPriceRange2': '1', 'BusinessParking': ""{'garage': False, 'street': False, 'validated': False, 'lot': False, 'valet': False}""}","Nail Salons, Beauty & Spas","{'Monday': '9:30-19:0', 'Tuesday': '9:30-19:0', 'Wednesday': '9:30-19:0', 'Thursday': '9:30-19:0', 'Friday': '9:30-19:0', 'Saturday': '9:30-19:0', 'Sunday': '12:0-17:0'}"
KolSKfFcHDODAN49AweaYA,STAT Computer Services,3144 E Fort Lowell Rd,Tucson,AZ,85716,32.264561,-110.925385,5.0,8,1,"{'BusinessAcceptsBitcoin': 'False', 'BusinessAcceptsCreditCards': 'True', 'ByAppointmentOnly': 'False'}","Local Services, Home Network Installation, Data Recovery, Mobile Phone Repair, Home Services, IT Services & Computer Repair","{'Monday': '0:0-0:0', 'Tuesday': '9:0-17:0', 'Wednesday': '9:0-17:0', 'Thursday': '9:0-17:0', 'Friday': '9:0-17:0'}"
Xum0rTPsBZ81VtaP_1CMuQ,Patio Connection,3210 N Oracle Rd,Tucson,AZ,85705,32.266034,-110.9769965,5.0,11,1,"{'BusinessAcceptsCreditCards': 'True', 'BusinessParking': ""{'garage': False, 'street': False, 'validated': False, 'lot': True, 'valet': False}"", 'RestaurantsPriceRange2': '3', 'BikeParking': 'True', 'ByAppointmentOnly': 'False'}","Home & Garden, Wholesale Stores, Masonry/Concrete, Lighting Fixtures & Equipment, Home Services, Home Decor, Outdoor Furniture Stores, Shopping, Antiques, Furniture Stores","{'Monday': '0:0-0:0', 'Tuesday': '9:0-17:0', 'Wednesday': '9:0-17:0', 'Thursday': '9:0-17:0', 'Friday': '9:0-17:0', 'Saturday': '10:0-17:0', 'Sunday': '12:0-16:0'}"
ypAZot5YGtxHGuZKI5pgvQ,Tucson Grill Cleaning LLC,,Tucson,AZ,85747,32.1114393,-110.7360863,4.5,7,1,"{'ByAppointmentOnly': 'True', 'BusinessAcceptsCreditCards': 'True'}","Professional Services, Home Services, Home Cleaning","{'Monday': '7:0-17:0', 'Tuesday': '7:0-17:0', 'Wednesday': '7:0-17:0', 'Thursday': '7:0-17:0', 'Friday': '7:0-17:0', 'Saturday': '7:0-17:0'}"
F7U35Lko7wEiulTOl1muSA,Grinz Orthodontics-Tucson,7488 N La Cholla Blvd,Tucson,AZ,85741,32.3428003,-111.0114147,5.0,10,1,"{'ByAppointmentOnly': 'True', 'WiFi': ""u'free'"", 'AcceptsInsurance': 'True', 'BusinessAcceptsCreditCards': 'True'}","Health & Medical, Dentists, Orthodontists","{'Monday': '10:0-18:0', 'Tuesday': '8:0-17:0', 'Wednesday': '10:0-18:0', 'Thursday': '8:0-17:0', 'Friday': '8:0-12:0'}"
1GM63iRRlcaxjGbzfPb3Aw,Sherwin-Williams Paint Store,4759 E Speedway Blvd,Tucson,AZ,85712,32.236269,-110.891279,3.0,7,1,"{'BusinessAcceptsCreditCards': 'True', 'RestaurantsPriceRange2': '2', 'BusinessParking': ""{'garage': False, 'street': False, 'validated': False, 'lot': False, 'valet': False}""}","Shopping, Paint Stores, Home Services, Building Supplies, Home & Garden, Home Decor, Hardware Stores","{'Monday': '6:0-17:0', 'Tuesday': '6:0-17:0', 'Wednesday': '6:0-17:0', 'Thursday': '6:0-17:0', 'Friday': '6:0-17:0', 'Saturday': '8:0-13:0'}"
23wO6ic61V41UfGz9eCeQQ,Nothing Bundt Cakes,"5420 E Broadway Blvd, Ste 254",Tucson,AZ,85711,32.2206902,-110.8769581129,4.5,71,1,"{'BusinessAcceptsCreditCards': 'True', 'RestaurantsDelivery': 'None', 'RestaurantsTakeOut': 'True', 'BikeParking': 'True', 'BusinessParking': ""{u'valet': False, u'garage': False, u'street': None, u'lot': None, u'validated': False}""}","Desserts, Cupcakes, Bakeries, Food","{'Monday': '9:0-18:0', 'Tuesday': '9:0-18:0', 'Wednesday': '9:0-18:0', 'Thursday': '9:0-18:0', 'Friday': '9:0-18:0', 'Saturday': '9:0-18:0'}"
ciLydXHeKxmvSsYMc4StUw,Pantano Car Wash,1170 N Pantano Rd,Tucson,AZ,85715,32.236831,-110.823322,3.0,6,1,{'BusinessAcceptsCreditCards': 'True'},"Automotive, Car Wash","{'Monday': '0:0-0:0', 'Tuesday': '0:0-0:0', 'Wednesday': '0:0-0:0', 'Thursday': '0:0-0:0', 'Friday': '0:0-0:0', 'Saturday': '0:0-0:0', 'Sunday': '0:0-0:0'}"
9xm4aIAT_xwRoTxc0_8AWQ,Townplace Suites Tucson Airport,6595 S Bay Colony Dr,Tucson,AZ,85756,32.1322131013,-110.9300802648,4.5,44,1,"{'DogsAllowed': 'True', 'BusinessAcceptsCreditCards': 'True', 'WiFi': ""'free'"", 'RestaurantsPriceRange2': '2'}","Hotels, Hotels & Travel, Event Planning & Services","{'Monday': '0:0-0:0', 'Tuesday': '0:0-0:0', 'Wednesday': '0:0-0:0', 'Thursday': '0:0-0:0', 'Friday': '0:0-0:0', 'Saturday': '0:0-0:0', 'Sunday': '0:0-0:0'}"
0jwZeXtZ91OaYP1XjId_Uw,PAWS Veterinary Center,300 E River Rd,Tucson,AZ,85704,32.2959967568,-110.9666258307,4.0,75,1,"{'BusinessAcceptsCreditCards': 'True', 'ByAppointmentOnly': 'False'}","Pets, Veterinarians, Mass Media, Radio Stations","{'Monday': '0:0-0:0', 'Tuesday': '8:0-17:0', 'Wednesday': '8:0-17:0', 'Thursday': '8:0-12:0', 'Friday': '8:0-17:0', 'Saturday': '8:0-13:0'}"
z0ejgoI5PaXuXqU7ZVotrw,Pima Pain Center - Tucson,"6226 E Pima St, Ste 3",Tucson,AZ,85712,32.2417887,-110.8599021,2.5,21,1,"{'AcceptsInsurance': 'True', 'ByAppointmentOnly': 'True', 'BusinessAcceptsCreditCards': 'True'}","Health & Medical, Doctors, Chiropractors, Acupuncture, Massage Therapy, Pain Management","{'Monday': '8:0-17:0', 'Tuesday': '8:0-17:0', 'Wednesday': '8:0-17:0', 'Thursday': '8:0-17:0', 'Friday': '8:0-17:0'}"
KX2170dzDtCi9hb3vMryKQ,Casablanca Restaurant & Hookah Lounge,1730 E Prince Rd,Tucson,AZ,85719,32.2722021,-110.9456089,2.5,6,0,"{'Caters': 'True', 'HasTV': 'False', 'RestaurantsGoodForGroups': 'True', 'NoiseLevel': ""'average'"", 'OutdoorSeating': 'True', 'Alcohol': ""'none'"", 'GoodForKids': 'False', 'RestaurantsPriceRange2': '1', 'WiFi': ""u'free'"", 'BikeParking': 'True', 'RestaurantsAttire': ""'casual'"", 'BusinessParking': ""{'garage': False, 'street': False, 'validated': False, 'lot': False, 'valet': False}"", 'RestaurantsTakeOut': 'True', 'RestaurantsReservations': 'False', 'RestaurantsDelivery': 'False', 'Ambience': ""{'romantic': False, 'intimate': False, 'classy': False, 'hipster': False, 'divey': False, 'touristy': False, 'trendy': False, 'upscale': False, 'casual': False}"", 'BusinessAcceptsCreditCards': 'True'}","Nightlife, Middle Eastern, Dance Clubs, Restaurants",
MUBpOULTCt7gSWfWNjmHTg,Foothills Sports Medicine Physical Therapy,"8555 N Silverbell Rd, Ste 106",Tucson,AZ,85743,32.361748,-111.119112,5.0,5,0,{'ByAppointmentOnly': 'True'},"Physical Therapy, Sports Medicine, Health & Medical, Doctors","{'Monday': '8:0-18:0', 'Tuesday': '8:0-18:0', 'Wednesday': '8:0-18:0', 'Thursday': '8:0-18:0', 'Friday': '8:0-18:0'}"
aiqbuqwA8ZyTuu4W5JaD3g,Danny's Baboquivari Restaurant & Lounge,2910 E Fort Lowell Rd,Tucson,AZ,85716,32.2646173,-110.9289157,4.0,59,1,"{'RestaurantsAttire': ""'casual'"", 'OutdoorSeating': 'True', 'GoodForKids': 'False', 'NoiseLevel': ""u'average'"", 'BusinessAcceptsCreditCards': 'True', 'RestaurantsPriceRange2': '1', 'RestaurantsGoodForGroups': 'True', 'BikeParking': 'True', 'Alcohol': ""u'full_bar'"", 'HasTV': 'True', 'Caters': 'False', 'WiFi': ""'free'"", 'Ambience': ""{'touristy': False, 'hipster': False, 'romantic': False, 'divey': True, 'intimate': False, 'trendy': False, 'upscale': False, 'classy': True, 'casual': False}"", 'RestaurantsReservations': 'False', 'BestNights': ""{'monday': False, 'tuesday': False, 'friday': True, 'wednesday': False, 'thursday': True, 'sunday': False, 'saturday': True}"", 'Music': ""{'dj': False, 'background_music': False, 'no_music': False, 'jukebox': True, 'live': False, 'video': False, 'karaoke': False}"", 'BusinessParking': ""{u'valet': False, u'garage': False, u'street': None, u'lot': True, u'validated': False}"", 'GoodForDancing': 'False'}","Nightlife, Restaurants, Bars","{'Monday': '12:0-2:0', 'Tuesday': '12:0-2:0', 'Wednesday': '12:0-2:0', 'Thursday': '12:0-2:0', 'Friday': '12:0-2:0', 'Saturday': '12:0-2:0', 'Sunday': '12:0-2:0'}"
hpfYTeDKmyrB3e5BA5PGPQ,Shop-4-A-Cause,5140 E Speedway Blvd,Tucson,AZ,85712,32.2358473,-110.8824777,3.0,13,1,"{'RestaurantsPriceRange2': '3', 'BusinessAcceptsCreditCards': 'True', 'BikeParking': 'True', 'BusinessParking': ""{'garage': False, 'street': False, 'validated': False, 'lot': False, 'valet': False}"", 'WheelchairAccessible': 'True'}","Thrift Stores, Shopping","{'Monday': '9:0-18:0', 'Tuesday': '9:0-18:0', 'Wednesday': '9:0-18:0', 'Thursday': '9:0-18:0', 'Friday': '9:0-18:0', 'Saturday': '9:0-18:0'}"
-t9dKUGyLHGww3S3L9fj-w,AT&T Store,"2485 N Swan Rd, Ste 111",Tucson,AZ,85712,32.2518628995,-110.8933111453,2.5,7,1,"{'RestaurantsTakeOut': 'True', 'RestaurantsDelivery': 'False'}","IT Services & Computer Repair, Telecommunications, Mobile Phones, Shopping, Local Services, Mobile Phone Accessories","{'Monday': '0:0-0:0', 'Tuesday': '9:0-20:0', 'Wednesday': '10:0-19:0', 'Thursday': '9:0-20:0', 'Friday': '9:0-18:0', 'Saturday': '10:0-18:0', 'Sunday': '10:0-19:0'}"
wzfhEazaPDgefDfNM7DisQ,Penske Truck Rental,3519 E 34th St,Tucson,AZ,85713,32.1945677,-110.9171804,3.0,12,1,{'BusinessAcceptsCreditCards': 'True'},"Truck Rental, Automotive","{'Monday': '6:30-18:0', 'Tuesday': '6:30-18:0', 'Wednesday': '6:30-18:0', 'Thursday': '6:30-18:0', 'Friday': '6:30-19:0', 'Saturday': '7:0-16:0', 'Sunday': '8:0-12:0'}"
WF_KgJ1tuhz6rMI4_xZSRw,Al J's Tavern,4980 E 22nd St,Tucson,AZ,85711,32.2064208,-110.8858633,4.5,9,0,"{'OutdoorSeating': 'True', 'BusinessAcceptsCreditCards': 'True', 'HasTV': 'True', 'NoiseLevel': ""'average'"", 'RestaurantsPriceRange2': '1', 'BikeParking': 'True', 'WiFi': ""'no'"", 'Ambience': ""{'romantic': False, 'intimate': False, 'classy': False, 'hipster': False, 'divey': False, 'touristy': False, 'trendy': False, 'upscale': False, 'casual': False}"", 'RestaurantsGoodForGroups': 'True', 'Alcohol': ""'full_bar'"", 'RestaurantsReservations': 'False', 'Music': ""{'dj': False, 'background_music': False, 'no_music': False, 'jukebox': False, 'live': False, 'video': False, 'karaoke': False}"", 'BusinessParking': ""{'garage': False, 'street': False, 'validated': False, 'lot': False, 'valet': False}"", 'HappyHour': 'False'}","Pubs, Nightlife, Dive Bars, Bars, Sports Bars","{'Monday': '11:0-2:0', 'Tuesday': '11:0-2:0', 'Wednesday': '11:0-2:0', 'Thursday': '11:0-11:15', 'Friday': '11:0-2:0', 'Saturday': '11:0-2:0', 'Sunday': '11:0-2:0'}"
jmwasbZfgj3honf79qKsnA,Street- Taco and Beer Co.,58 W Congress St,Tucson,AZ,85701,32.2219642,-110.9721883,4.5,805,1,"{'RestaurantsPriceRange2': '1', 'WiFi': ""'free'"", 'WheelchairAccessible': 'True', 'RestaurantsGoodForGroups': 'True', 'BusinessParking': ""{'garage': True, 'street': False, 'validated': False, 'lot': False, 'valet': False}"", 'NoiseLevel': ""'average'"", 'BikeParking': 'True', 'Alcohol': ""'full_bar'"", 'Caters': 'False', 'RestaurantsTableService': 'False', 'GoodForKids': 'True', 'Ambience': ""{'touristy': False, 'hipster': False, 'romantic': False, 'divey': False, 'intimate': False, 'trendy': True, 'upscale': False, 'classy': True, 'casual': True}"", 'CoatCheck': 'False', 'Smoking': ""u'no'"", 'HappyHour': 'True', 'BusinessAcceptsCreditCards': 'True', 'RestaurantsAttire': ""'casual'"", 'HasTV': 'True', 'RestaurantsReservations': 'False', 'BestNights': ""{'monday': False, 'tuesday': True, 'friday': True, 'wednesday': False, 'thursday': False, 'sunday': False, 'saturday': True}"", 'GoodForDancing': 'False', 'DriveThru': 'False', 'GoodForMeal': ""{'dessert': False, 'latenight': None, 'lunch': True, 'dinner': True, 'brunch': None, 'breakfast': False}"", 'Music': ""{'dj': False}"", 'RestaurantsTakeOut': 'None', 'RestaurantsDelivery': 'None', 'OutdoorSeating': 'None'}","Mexican, Bars, Restaurants, Nightlife","{'Monday': '0:0-0:0', 'Tuesday': '11:0-20:0', 'Wednesday': '11:0-19:0', 'Thursday': '11:0-19:0', 'Friday': '11:0-18:0', 'Saturday': '11:0-21:0'}"
8AKqLWMjkvzZ0TMakov2xg,Diablo's Sports Bar and Grill,2545 S Craycroft Rd,Tucson,AZ,85711,32.1929848,-110.8748784,2.5,15,0,"{'OutdoorSeating': 'True', 'HasTV': 'True', 'NoiseLevel': ""u'loud'"", 'BikeParking': 'True', 'RestaurantsReservations': 'False', 'RestaurantsPriceRange2': '1', 'RestaurantsDelivery': 'False', 'BusinessAcceptsCreditCards': 'True', 'Ambience': ""{'romantic': False, 'intimate': False, 'classy': False, 'hipster': False, 'divey': False, 'touristy': False, 'trendy': False, 'upscale': False, 'casual': True}"", 'RestaurantsGoodForGroups': 'True', 'Alcohol': ""u'full_bar'"", 'Caters': 'False', 'RestaurantsTakeOut': 'True', 'BusinessParking': ""{'garage': False, 'street': False, 'validated': False, 'lot': True, 'valet': False}"", 'WiFi': ""u'free'"", 'GoodForKids': 'False', 'RestaurantsAttire': ""u'casual'""}","American (New), Restaurants, Sports Bars, Bars, Nightlife","{'Monday': '11:0-2:0', 'Tuesday': '11:0-2:0', 'Wednesday': '11:0-2:0', 'Thursday': '11:0-2:0', 'Friday': '11:0-2:0', 'Saturday': '11:0-2:0', 'Sunday': '11:0-2:0'}"
vej-CJsldyvpUOdb7oKYeA,Clean Light,"6808 N Camino Martin, Ste 130",Tucson,AZ,85741,32.331232,-111.055828,4.0,5,1,"{'BusinessAcceptsBitcoin': 'False', 'BusinessAcceptsCreditCards': 'False', 'ByAppointmentOnly': 'False'}","Contractors, Home Services, Local Services, Roofing, Solar Installation, Windows Installation, Lighting Fixtures & Equipment","{'Monday': '7:0-17:0', 'Tuesday': '7:0-17:0', 'Wednesday': '7:0-17:0', 'Thursday': '7:0-17:0', 'Friday': '7:0-17:0'}"
5bBT9M8xCybFd9wVWUYvJA,Pima Community College-West Campus,2202 W Anklam Rd,Tucson,AZ,85709,32.2275798,-111.0165142,3.0,13,1,,"Education, Colleges & Universities",
_AStgdcAhL_0GWrA52tLHg,Medusas On 4th,521 N 4th Ave,Tucson,AZ,85705,32.2283267732,-110.9658022131,5.0,12,1,"{'Corkage': 'True', 'Smoking': ""u'outdoor'"", 'BYOB': 'True', 'BusinessAcceptsCreditCards': 'True', 'WiFi': ""u'free'"", 'OutdoorSeating': 'True', 'HasTV': 'False', 'BusinessParking': ""{u'valet': False, u'garage': False, u'street': False, u'lot': False, u'validated': False}""}","Bars, Nightlife, Hookah Bars","{'Monday': '17:0-23:0', 'Tuesday': '17:0-23:0', 'Wednesday': '17:0-23:0', 'Thursday': '17:0-23:0', 'Friday': '17:0-0:0', 'Saturday': '17:0-0:0'}"
U6e8OQ-YEUOqMyrym3jhOw,Foothills Barbers,"2912 W Ina Rd, Ste 120",Tucson,AZ,85741,32.3378073,-111.0300666,5.0,41,1,"{'BusinessAcceptsCreditCards': 'True', 'RestaurantsPriceRange2': '2', 'GoodForKids': 'False', 'BusinessParking': ""{'garage': False, 'street': False, 'validated': False, 'lot': True, 'valet': False}"", 'WheelchairAccessible': 'True', 'ByAppointmentOnly': 'True', 'WiFi': ""u'free'"", 'BikeParking': 'True'}","Beauty & Spas, Hair Salons, Barbers","{'Tuesday': '8:30-17:30', 'Wednesday': '8:30-17:30', 'Thursday': '8:30-17:30', 'Friday': '8:30-17:30', 'Saturday': '8:0-16:0'}"
CYvNOuEU-zcIsFnO7uuJJA,Girlfriends Closet,"60 N Harrison Rd, Ste A 110",Tucson,AZ,85748,32.2221851,-110.7878017,4.5,11,1,"{'BusinessAcceptsCreditCards': 'True', 'RestaurantsPriceRange2': '2', 'BusinessParking': ""{'garage': False, 'street': False, 'validated': False, 'lot': True, 'valet': False}"", 'WheelchairAccessible': 'True', 'BikeParking': 'True'}","Shoe Stores, Women's Clothing, Accessories, Jewelry, Shopping, Fashion, Used, Vintage & Consignment","{'Monday': '10:0-18:0', 'Tuesday': '10:0-18:0', 'Wednesday': '10:0-18:0', 'Thursday': '10:0-18:0', 'Friday': '10:0-18:0', 'Saturday': '10:0-18:0', 'Sunday': '12:0-17:0'}"
-a75AN03TRYEjnxWz_8xeA,Hertz Car Rental,5905 E Speedway Blvd,Tucson,AZ,85712,32.236597,-110.866533,1.5,7,1,,"Hotels & Travel, Car Rental","{'Monday': '7:30-17:0', 'Tuesday': '7:30-17:0', 'Wednesday': '7:30-17:0', 'Thursday': '7:30-17:0', 'Friday': '7:30-17:0'}"
o2Xb3zoCtkYLBznqHx3G9Q,Barnett's Towing Service,1514 S Freeway Rd,Tucson,AZ,85713,32.2018806,-110.9803287,5.0,22,1,{'BusinessAcceptsCreditCards': 'True'},"Automotive, Towing","{'Monday': '0:0-0:0', 'Tuesday': '0:0-0:0', 'Wednesday': '0:0-0:0', 'Thursday': '0:0-0:0', 'Friday': '0:0-0:0', 'Saturday': '0:0-0:0', 'Sunday': '0:0-0:0'}"
O1fVJehyZyuTMgn-kXbpSg,Wood-Oberholtzer High-Performance Center,214 E Mabel St,Tucson,AZ,85705,32.238336,-110.9682437,5.0,7,1,{'BusinessAcceptsCreditCards': 'True'},"Auto Repair, Automotive",
rPKaAsWOJgWvde3aqU5mLQ,Sun-Rise Baking Company,"3650 N 1st Ave, Ste 160",Tucson,AZ,85719,32.2729604,-110.9604898,4.0,7,1,{'RestaurantsPriceRange2': '1'},"Restaurants, Bakeries, Food",
7n38A043lt634U5my5-q7g,MPG Automotive Services,4219 W Ina Rd,Tucson,AZ,85741,32.3370862,-111.0550059,3.0,8,1,"{'BusinessAcceptsCreditCards': 'True', 'WiFi': ""u'free'""}","Automotive, Tires, Auto Repair, Oil Change Stations","{'Monday': '7:30-17:30', 'Tuesday': '7:30-17:30', 'Wednesday': '7:30-17:30', 'Thursday': '7:30-17:30', 'Friday': '7:30-17:30', 'Saturday': '8:0-17:0'}"
bN7-A2GlVz2Job3frIPy9w,The Screamery HandCrafted Ice Cream,"50 S Houghton Rd, Ste 120",Tucson,AZ,85748,32.2203189,-110.7741285,4.5,173,1,"{'BikeParking': 'True', 'RestaurantsPriceRange2': '2', 'BusinessAcceptsBitcoin': 'False', 'WheelchairAccessible': 'True', 'WiFi': ""u'free'"", 'BusinessAcceptsCreditCards': 'True', 'Alcohol': ""u'none'"", 'RestaurantsTakeOut': 'True', 'Caters': 'False', 'BusinessParking': ""{u'valet': False, u'garage': False, u'street': None, u'lot': None, u'validated': False}"", 'RestaurantsDelivery': 'True'}","Ice Cream & Frozen Yogurt, Food","{'Monday': '12:0-21:0', 'Tuesday': '12:0-21:0', 'Wednesday': '12:0-21:0', 'Thursday': '12:0-21:0', 'Friday': '12:0-22:0', 'Saturday': '12:0-22:0', 'Sunday': '12:0-21:0'}"
VF2PtrstMeasOK_4d4VHVA,Pizza Hut,4710 E Speedway Blvd,Tucson,AZ,85712,32.2358495215,-110.8916858,3.0,22,1,"{'RestaurantsPriceRange2': '1', 'GoodForKids': 'True', 'RestaurantsGoodForGroups': 'True', 'NoiseLevel': ""u'average'"", 'WiFi': ""'no'"", 'BusinessParking': ""{'garage': False, 'street': False, 'validated': False, 'lot': False, 'valet': False}"", 'RestaurantsReservations': 'False', 'RestaurantsDelivery': 'True', 'Ambience': ""{'romantic': False, 'intimate': False, 'classy': False, 'hipster': False, 'divey': False, 'touristy': False, 'trendy': False, 'upscale': False, 'casual': False}"", 'HasTV': 'True', 'GoodForMeal': ""{'dessert': False, 'latenight': False, 'lunch': False, 'dinner': False, 'brunch': False, 'breakfast': False}"", 'Caters': 'True', 'RestaurantsAttire': ""u'casual'"", 'BusinessAcceptsCreditCards': 'True', 'OutdoorSeating': 'False', 'RestaurantsTakeOut': 'True'}","Restaurants, Chicken Wings, Pizza, Italian, Fast Food","{'Monday': '10:30-23:0', 'Tuesday': '10:30-23:0', 'Wednesday': '10:30-23:0', 'Thursday': '10:30-23:0', 'Friday': '10:30-0:0', 'Saturday': '10:30-0:0', 'Sunday': '10:30-23:0'}"
p-oXKlQ_6JUCb1pZKYmq-w,BevMo!,"4646 N Oracle Rd, Ste 130",Tucson,AZ,85705,32.2911858,-110.9774413,3.0,24,0,"{'RestaurantsPriceRange2': '2', 'BusinessAcceptsCreditCards': 'True', 'BusinessParking': ""{'garage': False, 'street': False, 'validated': False, 'lot': True, 'valet': False}"", 'BikeParking': 'False', 'RestaurantsTakeOut': 'False'}","Food, Beer, Wine & Spirits","{'Monday': '9:0-21:0', 'Tuesday': '9:0-21:0', 'Wednesday': '9:0-21:0', 'Thursday': '9:0-21:0', 'Friday': '9:0-22:0', 'Saturday': '9:0-22:0', 'Sunday': '9:0-20:0'}"
tQpg6AeXMCdIXF4cN9MKVw,Margarita Bay,7415 E 22nd St,Tucson,AZ,85710,32.2070591,-110.8341974,3.0,23,1,"{'OutdoorSeating': 'True', 'RestaurantsGoodForGroups': 'True', 'BusinessParking': ""{'garage': False, 'street': False, 'validated': False, 'lot': True, 'valet': False}"", 'BusinessAcceptsCreditCards': 'True', 'Alcohol': ""u'full_bar'"", 'HasTV': 'True', 'NoiseLevel': ""u'average'"", 'RestaurantsPriceRange2': '1', 'BestNights': ""{'monday': False, 'tuesday': False, 'friday': True, 'wednesday': False, 'thursday': False, 'sunday': False, 'saturday': False}"", 'Ambience': ""{'romantic': False, 'intimate': False, 'classy': False, 'hipster': False, 'divey': False, 'touristy': False, 'trendy': False, 'upscale': False, 'casual': False}"", 'BikeParking': 'False'}","Nightlife, Karaoke","{'Monday': '10:0-2:0', 'Tuesday': '10:0-2:0', 'Wednesday': '10:0-2:0', 'Thursday': '10:0-2:0', 'Friday': '10:0-2:0', 'Saturday': '10:0-2:0', 'Sunday': '10:0-2:0'}"
bJ4WT0fbOk5zOgtDpT_thg,Affordable Home Realty,"4400 E Broadway Blvd, Ste 600N",Tucson,AZ,85711,32.2209228,-110.8978934,2.0,7,1,{'ByAppointmentOnly': 'False'},"Home Services, Real Estate, Mortgage Brokers, Real Estate Services","{'Monday': '0:0-0:0', 'Tuesday': '0:0-0:0', 'Wednesday': '0:0-0:0', 'Thursday': '0:0-0:0', 'Friday': '0:0-0:0', 'Saturday': '0:0-0:0', 'Sunday': '0:0-0:0'}"
c_OxtZJm3-McbujFyknJiA,Horn Pest Management,900 S Craycroft Rd,Tucson,AZ,85711,32.209767,-110.875594,5.0,5,1,"{'BusinessAcceptsCreditCards': 'True', 'BusinessAcceptsBitcoin': 'False', 'ByAppointmentOnly': 'False', 'RestaurantsPriceRange2': '1'}","Local Services, Home Services, Shopping, Pest Control, Gardeners, Contractors, Home & Garden","{'Monday': '7:0-17:0', 'Tuesday': '7:0-17:0', 'Wednesday': '7:0-17:0', 'Thursday': '7:0-17:0', 'Friday': '7:0-17:0'}"
mV7t_gMffW7C6DjbVw2QVQ,Saguaro Aquatics,5302 E Pima St,Tucson,AZ,85712,32.2431241,-110.8795767,3.0,20,1,"{'BusinessParking': ""{'garage': False, 'street': True, 'validated': False, 'lot': False, 'valet': False}"", 'GoodForKids': 'True', 'BikeParking': 'True', 'BusinessAcceptsCreditCards': 'True'}","Active Life, Specialty Schools, Swimming Lessons/Schools, Swimming Pools, Fitness & Instruction, Education","{'Monday': '11:0-19:0', 'Tuesday': '11:0-19:0', 'Wednesday': '11:0-19:0', 'Thursday': '11:0-19:0', 'Friday': '11:0-19:0', 'Saturday': '9:0-14:0'}"
rDZwAhD1eL0cCb6n4OMTIA,LaserOne MedSpa,"4320 N Campbell Ave, Ste 230",Tucson,AZ,85718,32.2861475497,-110.9438004345,4.5,38,0,"{'BusinessParking': ""{'garage': False, 'street': False, 'validated': False, 'lot': True, 'valet': False}"", 'BikeParking': 'True', 'RestaurantsPriceRange2': '3', 'ByAppointmentOnly': 'True', 'BusinessAcceptsBitcoin': 'False', 'BusinessAcceptsCreditCards': 'True', 'WiFi': ""u'free'"", 'WheelchairAccessible': 'True', 'AcceptsInsurance': 'False'}","Health & Medical, Skin Care, Beauty & Spas, Day Spas, Hair Removal, Medical Spas","{'Monday': '0:0-0:0', 'Tuesday': '9:0-18:0', 'Wednesday': '9:0-18:0', 'Thursday': '9:0-18:0', 'Friday': '9:0-17:0', 'Saturday': '9:0-16:0'}"
Wd9JBLjCCh5yTF0vPAxCAA,El Merendero,5443 S 12th Ave,Tucson,AZ,85706,32.1526671,-110.9772317,4.0,202,1,"{'BusinessAcceptsCreditCards': 'True', 'RestaurantsReservations': 'True', 'RestaurantsTakeOut': 'True', 'GoodForKids': 'True', 'RestaurantsAttire': ""'casual'"", 'BikeParking': 'True', 'HasTV': 'True', 'RestaurantsGoodForGroups': 'True', 'NoiseLevel': ""u'average'"", 'OutdoorSeating': 'False', 'Ambience': ""{'romantic': False, 'intimate': False, 'touristy': False, 'hipster': False, 'divey': False, 'classy': False, 'trendy': False, 'upscale': False, 'casual': True}"", 'Alcohol': ""u'beer_and_wine'"", 'BusinessParking': ""{'garage': False, 'street': False, 'validated': False, 'lot': True, 'valet': False}"", 'RestaurantsTableService': 'True', 'WiFi': ""'no'"", 'Caters': 'True', 'ByAppointmentOnly': 'False', 'GoodForMeal': ""{'dessert': False, 'latenight': False, 'lunch': True, 'dinner': True, 'brunch': False, 'breakfast': True}"", 'WheelchairAccessible': 'True', 'RestaurantsPriceRange2': '2', 'RestaurantsDelivery': 'True'}","Mexican, Restaurants","{'Monday': '7:30-22:0', 'Tuesday': '7:30-22:0', 'Wednesday': '7:30-22:0', 'Thursday': '7:30-22:0', 'Friday': '7:30-23:0', 'Saturday': '7:30-22:0', 'Sunday': '7:30-22:0'}"
rNC29nSYKSOjaWMuP8qDRg,Carondelet Foothills Surgery,2220 W Orange Grove Rd,Tucson,AZ,85741,32.3237947,-111.0143252,3.0,8,1,"{'ByAppointmentOnly': 'True', 'BusinessAcceptsCreditCards': 'True'}","Health & Medical, Doctors, Surgeons",
6EWvbBAwKCuwOrt9yeiTfw,BioLife Plasma Services,8019 E Golf Links Rd.,Tucson,AZ,85730,32.1925926,-110.8217315,2.0,14,1,,"Blood & Plasma Donation Centers, Health & Medical",
gGCIGJcKWoPC9xZNDeX3pA,eegee's,1209 W St Mary's Rd,Tucson,AZ,85745,32.22942105,-110.9905687,3.5,39,1,"{'GoodForKids': 'True', 'BusinessAcceptsCreditCards': 'True', 'RestaurantsTakeOut': 'True', 'Alcohol': ""u'none'"", 'RestaurantsReservations': 'False', 'RestaurantsGoodForGroups': 'True', 'OutdoorSeating': 'False', 'BikeParking': 'True', 'GoodForMeal': ""{'dessert': False, 'latenight': False, 'lunch': True, 'dinner': False, 'brunch': False, 'breakfast': False}"", 'BusinessParking': 'None', 'RestaurantsAttire': ""u'casual'"", 'Ambience': ""{'romantic': False, 'intimate': False, 'classy': False, 'hipster': False, 'divey': False, 'touristy': False, 'trendy': False, 'upscale': False, 'casual': True}"", 'Caters': 'True', 'NoiseLevel': ""'average'"", 'HasTV': 'True', 'DriveThru': 'True', 'RestaurantsPriceRange2': '1', 'ByAppointmentOnly': 'False', 'WiFi': ""'no'"", 'WheelchairAccessible': 'True', 'RestaurantsDelivery': 'True'}","Desserts, Sandwiches, Fast Food, Juice Bars & Smoothies, Restaurants, Food","{'Monday': '0:0-0:0', 'Tuesday': '9:30-22:0', 'Wednesday': '9:30-22:0', 'Thursday': '9:30-22:0', 'Friday': '9:30-18:0', 'Saturday': '9:30-19:0', 'Sunday': '9:30-22:0'}"
ihMMMEO19h18rc-UWXgaTg,Hampton Inn,1375 W Grant Rd,Tucson,AZ,85745,32.24932,-110.994323,3.5,44,0,"{'GoodForKids': 'True', 'RestaurantsPriceRange2': '2', 'BusinessAcceptsCreditCards': 'True', 'WiFi': ""u'free'"", 'BikeParking': 'True', 'ByAppointmentOnly': 'False', 'BusinessParking': ""{'garage': False, 'street': False, 'validated': False, 'lot': False, 'valet': False}""}","Event Planning & Services, Hotels & Travel, Venues & Event Spaces, Active Life, Swimming Pools, Hotels","{'Monday': '0:0-0:0', 'Tuesday': '0:0-0:0', 'Wednesday': '0:0-0:0', 'Thursday': '0:0-0:0', 'Friday': '0:0-0:0', 'Saturday': '0:0-0:0', 'Sunday': '0:0-0:0'}"
_Xqb_Xk3Nyrp6dw2gQLBUw,"Smart Parts, PC","4165 W Ina Rd, Ste 104",Tucson,AZ,85741,32.3364168,-111.0543451,5.0,5,1,"{'BusinessParking': ""{'garage': False, 'street': False, 'validated': False, 'lot': True, 'valet': False}"", 'DogsAllowed': 'True', 'BusinessAcceptsBitcoin': 'False', 'BusinessAcceptsCreditCards': 'True', 'WheelchairAccessible': 'True', 'BikeParking': 'False'}","Mobile Phone Accessories, Local Services, Mobile Phone Repair, Computers, Shopping, Electronics, IT Services & Computer Repair, Data Recovery","{'Monday': '0:0-0:0', 'Tuesday': '10:0-17:0', 'Wednesday': '10:0-17:0', 'Thursday': '10:0-17:0', 'Friday': '10:0-17:0', 'Saturday': '11:0-14:0'}"
zSnauQCNDfXyltOH_e1d8w,Studio 37 Nail Lounge,"4500 E Speedway Blvd, Ste 82",Tucson,AZ,85712,32.2349712,-110.8964297,5.0,10,0,"{'WheelchairAccessible': 'True', 'ByAppointmentOnly': 'False', 'BusinessAcceptsCreditCards': 'True', 'BusinessParking': ""{'garage': False, 'street': False, 'validated': False, 'lot': False, 'valet': False}"", 'RestaurantsPriceRange2': '2', 'BikeParking': 'False'}","Nail Salons, Beauty & Spas","{'Wednesday': '9:0-17:0', 'Thursday': '9:0-17:0', 'Friday': '9:0-17:0', 'Saturday': '9:0-17:0', 'Sunday': '11:0-17:0'}"
L8M_1RJMs5fvecy-JglINw,Chirco Performance & Restoration,9101 E 22nd St,Tucson,AZ,85710,32.2070039,-110.7984351,4.0,10,1,{'BusinessAcceptsCreditCards': 'True'},"Automotive, Auto Repair","{'Monday': '8:0-18:0', 'Tuesday': '8:0-18:0', 'Wednesday': '8:0-18:0', 'Thursday': '8:0-18:0', 'Friday': '8:0-18:0', 'Saturday': '8:0-15:0'}"
Nr4FCJhakweOGBhcPLrt9g,Sunburst Optical,"8140 S Houghton Rd, Ste 140",Tucson,AZ,85747,32.1052677864,-110.7745092859,3.0,13,1,,"Health & Medical, Optometrists, Shopping, Eyewear & Opticians","{'Monday': '9:0-18:0', 'Tuesday': '9:0-18:0', 'Wednesday': '9:0-18:0', 'Thursday': '9:0-18:0', 'Friday': '9:0-18:0', 'Saturday': '9:0-17:0', 'Sunday': '11:0-15:0'}"
2cpdYwMOeKQtiMDvm39nKg,Cody's Beef 'n Beans,2708 E Fort Lowell Rd,Tucson,AZ,85716,32.264711,-110.931879,3.5,122,0,"{'RestaurantsPriceRange2': '2', 'Alcohol': ""'beer_and_wine'"", 'BusinessAcceptsCreditCards': 'True', 'GoodForKids': 'True', 'RestaurantsTakeOut': 'True', 'WiFi': ""u'no'"", 'RestaurantsAttire': ""'casual'"", 'BusinessParking': ""{'garage': False, 'street': False, 'validated': False, 'lot': True, 'valet': False}"", 'RestaurantsGoodForGroups': 'True', 'RestaurantsReservations': 'True', 'Ambience': ""{'romantic': False, 'intimate': False, 'touristy': False, 'hipster': False, 'divey': False, 'classy': False, 'trendy': False, 'upscale': False, 'casual': True}"", 'WheelchairAccessible': 'True', 'HappyHour': 'False', 'GoodForMeal': ""{'dessert': False, 'latenight': False, 'lunch': False, 'dinner': True, 'brunch': False, 'breakfast': False}"", 'OutdoorSeating': 'False', 'NoiseLevel': ""u'average'"", 'HasTV': 'False', 'BikeParking': 'False', 'RestaurantsTableService': 'True', 'Caters': 'True', 'RestaurantsDelivery': 'None'}","Burgers, Steakhouses, Restaurants, German, American (Traditional)","{'Monday': '0:0-0:0', 'Tuesday': '11:0-21:0', 'Wednesday': '11:0-21:0', 'Thursday': '11:0-21:0', 'Friday': '11:0-21:0', 'Saturday': '11:0-21:0'}"
RPxrAiJ3krxtv-UQmt0RlQ,Orange Grove Family Practice,2155 W Orange Grove Rd,Tucson,AZ,85741,32.3225442597,-111.0134646329,2.0,36,1,{'ByAppointmentOnly': 'True'},"Doctors, Family Practice, Health & Medical",
VLVEJw1_DSgocNuqoicswA,Discount Tire,3025 S Kino Pkwy,Tucson,AZ,85713,32.1866426225,-110.9442310221,4.0,33,1,"{'RestaurantsDelivery': 'False', 'BusinessAcceptsCreditCards': 'True', 'RestaurantsTakeOut': 'True'}","Wheel & Rim Repair, Tires, Automotive","{'Monday': '0:0-0:0', 'Tuesday': '8:0-18:0', 'Wednesday': '8:0-18:0', 'Thursday': '8:0-18:0', 'Friday': '15:0-17:0', 'Saturday': '8:0-17:0'}"
toLPc-WXfR97rEPLrE_Seg,Best Buy SW Tucson,5311 S Calle Santa Cruz,Tucson,AZ,85706,32.1552795,-110.9893796,2.5,44,1,"{'BikeParking': 'True', 'RestaurantsPriceRange2': '3', 'BusinessParking': ""{'garage': False, 'street': False, 'validated': False, 'lot': True, 'valet': False}"", 'BusinessAcceptsCreditCards': 'True'}","Computers, Shopping, Mobile Phones, Electronics",
OHAPCbkNHV7SkUcUiwddZQ,Tucson Massage Company,1222 E Broadway Blvd,Tucson,AZ,85719,32.2211406,-110.9525495,5.0,59,1,"{'BusinessAcceptsCreditCards': 'True', 'ByAppointmentOnly': 'True', 'AcceptsInsurance': 'False', 'BusinessAcceptsBitcoin': 'False', 'BikeParking': 'True', 'BusinessParking': ""{'garage': False, 'street': False, 'validated': False, 'lot': True, 'valet': False}"", 'RestaurantsPriceRange2': '1', 'WheelchairAccessible': 'False', 'WiFi': ""u'free'""}","Massage Therapy, Health & Medical, Day Spas, Massage, Beauty & Spas","{'Monday': '0:0-0:0', 'Tuesday': '10:0-19:0', 'Wednesday': '10:0-19:0', 'Thursday': '10:0-19:0', 'Friday': '10:0-19:0', 'Saturday': '10:0-19:0', 'Sunday': '10:0-19:0'}"
KBw_1ODSmzbFJrtHfz9Tvg,Bankers Title Service,3693 N Campbell Ave,Tucson,AZ,85719,32.2739028931,-110.944152832,4.0,9,1,{'BusinessAcceptsCreditCards': 'False'},"Financial Services, Registration Services, Automotive, Local Services, Insurance, Printing Services, Auto Insurance, Title Loans","{'Monday': '8:30-16:30', 'Tuesday': '8:30-16:30', 'Wednesday': '8:30-16:30', 'Thursday': '8:30-16:30', 'Friday': '8:30-16:30'}"
q5E1yuehTzLrV5L9SvyrpA,Coyote Wash,7441 E 22nd St,Tucson,AZ,85710,32.2070702,-110.8336386,3.5,25,1,"{'BusinessAcceptsCreditCards': 'True', 'WiFi': ""u'free'"", 'BikeParking': 'True', 'BusinessParking': ""{'garage': False, 'street': False, 'validated': False, 'lot': True, 'valet': False}"", 'BusinessAcceptsBitcoin': 'False', 'ByAppointmentOnly': 'False'}","Laundry Services, Dry Cleaning & Laundry, Local Services","{'Monday': '7:0-23:0', 'Tuesday': '7:0-23:0', 'Wednesday': '7:0-23:0', 'Thursday': '7:0-23:0', 'Friday': '7:0-23:0', 'Saturday': '7:0-23:0', 'Sunday': '7:0-23:0'}"
CvPp2DcyJ5Lbz3Wvv7ccmw,Harbottle Brewing Company,"3820 S Palo Verde Rd, Ste 102",Tucson,AZ,85714,32.1774317,-110.9185309,4.5,34,1,"{'WheelchairAccessible': 'True', 'Caters': 'False', 'BusinessAcceptsBitcoin': 'False', 'ByAppointmentOnly': 'False', 'HappyHour': 'True', 'BikeParking': 'True', 'BusinessAcceptsCreditCards': 'True', 'NoiseLevel': ""u'average'"", 'DogsAllowed': 'True', 'RestaurantsTakeOut': 'True', 'RestaurantsDelivery': 'False', 'GoodForKids': 'True', 'RestaurantsPriceRange2': '1', 'BusinessParking': ""{'garage': False, 'street': False, 'validated': False, 'lot': True, 'valet': False}""}","Brewpubs, Breweries, Food","{'Monday': '0:0-0:0', 'Tuesday': '12:0-19:0', 'Wednesday': '12:0-19:0', 'Thursday': '12:0-20:0', 'Friday': '12:0-21:0', 'Saturday': '12:0-19:0', 'Sunday': '12:0-19:0'}"
b7OFFdLhvJn5mK5yLu-T6A,Casas Adobe Physicians,"5880 N La Cholla Blvd, Ste 150",Tucson,AZ,85741,32.3136659,-111.010786,3.5,5,1,,"Family Practice, Health & Medical, Doctors","{'Monday': '7:30-17:0', 'Tuesday': '7:30-17:0', 'Wednesday': '7:30-17:0', 'Thursday': '7:30-17:0', 'Friday': '7:30-17:0'}"
KPI0trKirkXDT8oroNfq3g,Blake's Lotaburger,3560 N Craycroft,Tucson,AZ,85750,32.271809,-110.874431,2.0,69,1,"{'RestaurantsTakeOut': 'True', 'GoodForKids': 'True', 'WiFi': ""'free'"", 'Alcohol': ""'none'"", 'Ambience': ""{'touristy': False, 'hipster': False, 'romantic': False, 'divey': False, 'intimate': False, 'trendy': False, 'upscale': False, 'classy': False, 'casual': False}"", 'RestaurantsPriceRange2': '1', 'RestaurantsReservations': 'False', 'RestaurantsGoodForGroups': 'True', 'RestaurantsDelivery': 'True', 'BusinessParking': ""{'garage': False, 'street': False, 'validated': False, 'lot': True, 'valet': False}"", 'GoodForMeal': ""{'dessert': False, 'latenight': False, 'lunch': False, 'dinner': False, 'brunch': False, 'breakfast': False}"", 'DriveThru': 'True', 'BusinessAcceptsCreditCards': 'True'}","American (Traditional), Restaurants, Breakfast & Brunch, Fast Food, Burgers","{'Monday': '0:0-0:0', 'Tuesday': '6:0-22:0', 'Wednesday': '6:0-22:0', 'Thursday': '6:0-22:0', 'Friday': '6:0-18:0', 'Saturday': '9:0-22:0', 'Sunday': '7:0-22:0'}"
fgig5QHniA0BKaddQsVFfA,Toni & Guy - Tucson,"4500 N Oracle Rd, N Oracle Rd Ste 331, Tucson Mall",Tucson,AZ,85705,32.2885069024,-110.9741455312,4.0,73,1,"{'BusinessAcceptsCreditCards': 'True', 'RestaurantsPriceRange2': '2', 'BusinessParking': ""{'garage': False, 'street': False, 'validated': False, 'lot': True, 'valet': False}"", 'BikeParking': 'True', 'ByAppointmentOnly': 'False', 'GoodForKids': 'True'}","Beauty & Spas, Hair Salons, Hair Stylists, Barbers","{'Monday': '10:0-19:0', 'Tuesday': '10:0-19:0', 'Wednesday': '10:0-19:0', 'Thursday': '10:0-19:0', 'Friday': '10:0-20:0', 'Saturday': '10:0-20:0', 'Sunday': '11:0-18:0'}"
VCvEfLdVxEym1bi4k6nbMw,Mystery Escape Room,"4500 N Oracle Rd, Space 150",Tucson,AZ,85705,32.2885041707,-110.9739038721,4.5,19,1,"{'ByAppointmentOnly': 'False', 'WheelchairAccessible': 'True', 'BusinessAcceptsCreditCards': 'True', 'BusinessParking': ""{'garage': False, 'street': False, 'validated': False, 'lot': False, 'valet': False}"", 'BikeParking': 'True'}","Escape Games, Active Life","{'Monday': '9:0-21:0', 'Tuesday': '9:0-21:0', 'Wednesday': '9:0-21:0', 'Thursday': '9:0-21:0', 'Friday': '9:0-22:0', 'Saturday': '9:0-22:0'}"
p-vRA4n3m9lxxBSYRl7ZXw,Broadway Bicycles,140 S Sarnoff Dr,Tucson,AZ,85710,32.219947,-110.815758,4.5,34,1,"{'BusinessAcceptsCreditCards': 'True', 'BusinessParking': ""{'garage': False, 'street': False, 'validated': False, 'lot': True, 'valet': False}"", 'GoodForKids': 'False', 'BusinessAcceptsBitcoin': 'False', 'RestaurantsPriceRange2': '4', 'ByAppointmentOnly': 'False', 'WheelchairAccessible': 'True', 'BikeParking': 'True', 'DogsAllowed': 'True'}","Sporting Goods, Bike Rentals, Local Services, Bike Repair/Maintenance, Bikes, Shopping, Eyewear & Opticians, Active Life","{'Monday': '0:0-0:0', 'Tuesday': '10:0-18:0', 'Wednesday': '10:0-18:0', 'Thursday': '10:0-18:0', 'Friday': '10:0-18:0', 'Saturday': '10:0-17:0'}"
Hnm9ZBYyq0VaJTzR0CYnlA,Helzberg Diamonds,"4500 N Oracle Rd, Ste 163",Tucson,AZ,85705,32.288996,-110.975301,1.5,9,1,"{'BikeParking': 'True', 'BusinessAcceptsCreditCards': 'True', 'RestaurantsPriceRange2': '4', 'ByAppointmentOnly': 'False'}","Shopping, Jewelry",
Twf30LA9-rLZFE0dvihz8A,Red Diamond Rentals,5890 W Bridle Way,Tucson,AZ,85743,32.331791,-111.090553,5.0,13,1,{'BusinessAcceptsCreditCards': 'True'},"Party Equipment Rentals, Event Planning & Services, Wedding Planning, Party Supplies","{'Monday': '0:0-0:0', 'Tuesday': '9:0-17:0', 'Wednesday': '9:0-17:0', 'Thursday': '9:0-17:0', 'Friday': '9:0-17:0'}"
2CxagH3jjhdQer2XiUIgQA,Title Security Agency,"8500 N Oracle Rd, Ste 100",Tucson,AZ,85704,32.3614069819,-110.9715224057,2.5,6,1,,Professional Services,"{'Monday': '8:0-17:0', 'Tuesday': '8:0-17:0', 'Wednesday': '8:0-17:0', 'Thursday': '8:0-17:0', 'Friday': '8:0-17:0'}"
8pLHRpAe6YPL0FVOKkyVKw,VCA Valley Animal Hospital and Emergency Center,4984 E 22nd St,Tucson,AZ,85711,32.2065377762,-110.885422742,3.5,126,1,,"Pet Groomers, Veterinarians, Pet Services, Emergency Pet Hospital, Pet Sitting, Pets","{'Monday': '0:0-0:0', 'Tuesday': '0:0-0:0', 'Wednesday': '0:0-0:0', 'Thursday': '0:0-0:0', 'Friday': '0:0-0:0', 'Saturday': '0:0-0:0', 'Sunday': '0:0-0:0'}"
AIjfvtKIpyB2Lam5cEA7Fw,Ambiance Pool Service & Supplies,"1951 W Grant Rd, Ste 130",Tucson,AZ,85745,32.2499295,-111.0086903,4.0,39,1,"{'BusinessAcceptsCreditCards': 'True', 'ByAppointmentOnly': 'False', 'WheelchairAccessible': 'False', 'BikeParking': 'False', 'RestaurantsPriceRange2': '2'}","Shopping, Pool & Hot Tub Service, Hot Tub & Pool, Home Services, Pool Cleaners, Home & Garden","{'Monday': '0:0-0:0', 'Tuesday': '8:0-16:0', 'Wednesday': '8:0-16:0', 'Thursday': '8:0-16:0', 'Friday': '8:0-16:0', 'Saturday': '10:0-16:0'}"
VKsUD10Im3o72K0bEmSVAg,FN Vapor,5860 W Arizona Pavilions,Tucson,AZ,85743,32.3541823,-111.089493,4.5,8,0,"{'BikeParking': 'True', 'WheelchairAccessible': 'True', 'RestaurantsPriceRange2': '2', 'BusinessParking': ""{'garage': False, 'street': True, 'validated': False, 'lot': False, 'valet': False}"", 'BusinessAcceptsCreditCards': 'True'}","Vape Shops, Electronics, Personal Shopping, Shopping, Tobacco Shops","{'Monday': '10:0-19:0', 'Tuesday': '10:0-19:0', 'Wednesday': '10:0-19:0', 'Thursday': '10:0-19:0', 'Friday': '10:0-19:0', 'Saturday': '10:0-19:0', 'Sunday': '11:0-18:0'}"
vGgAW3kLPjRFQCrndE6l9w,Agustín Brasserie,"100 S Avenida del Convento, Ste 150",Tucson,AZ,85745,32.2201355,-110.9856285,3.5,41,0,"{'NoiseLevel': ""u'average'"", 'Alcohol': ""u'full_bar'"", 'RestaurantsTakeOut': 'True', 'RestaurantsDelivery': 'False', 'BusinessParking': ""{'garage': False, 'street': True, 'validated': False, 'lot': True, 'valet': False}"", 'RestaurantsGoodForGroups': 'True', 'WiFi': ""u'free'"", 'RestaurantsReservations': 'True', 'Ambience': ""{'touristy': False, 'hipster': False, 'romantic': False, 'divey': False, 'intimate': False, 'trendy': False, 'upscale': False, 'classy': False, 'casual': False}"", 'HasTV': 'False', 'RestaurantsPriceRange2': '3', 'BusinessAcceptsCreditCards': 'True', 'GoodForKids': 'True', 'RestaurantsAttire': ""u'casual'"", 'OutdoorSeating': 'True', 'HappyHour': 'True'}","French, Sandwiches, Seafood, Restaurants","{'Tuesday': '11:0-22:0', 'Wednesday': '11:0-22:0', 'Thursday': '11:0-22:0', 'Friday': '11:0-22:0', 'Saturday': '17:0-22:0', 'Sunday': '9:0-15:0'}"
mqtE-aV-dXwm9Lk9Pfrr1w,Bellazza Beauty Bar 2.0,1122 N Stone Ave,Tucson,AZ,85705,32.2365869,-110.971457,4.0,46,1,"{'WiFi': ""u'free'"", 'BusinessParking': ""{'garage': False, 'street': False, 'validated': False, 'lot': True, 'valet': False}"", 'HairSpecializesIn': ""{'straightperms': False, 'coloring': True, 'extensions': True, 'africanamerican': True, 'curly': True, 'kids': False, 'perms': True, 'asian': True}"", 'ByAppointmentOnly': 'True', 'BusinessAcceptsCreditCards': 'True', 'BikeParking': 'False', 'WheelchairAccessible': 'True'}","Nail Salons, Hair Salons, Beauty & Spas, Eyelash Service","{'Monday': '0:0-0:0', 'Tuesday': '9:0-20:0', 'Wednesday': '9:0-20:0', 'Thursday': '9:0-20:0', 'Friday': '9:0-20:0', 'Saturday': '9:0-20:0'}"
Af56BYIwdweK7dbOPqmlZg,Fast Fix Jewelry and Watch Repairs,"5870 E Broadway Blvd, Ste 503",Tucson,AZ,85711,32.218622,-110.865987,3.5,44,1,"{'BusinessAcceptsCreditCards': 'True', 'ByAppointmentOnly': 'False', 'RestaurantsPriceRange2': '2', 'BusinessParking': ""{'garage': False, 'street': False, 'validated': False, 'lot': False, 'valet': False}"", 'BikeParking': 'True'}","Local Services, Gold Buyers, Shopping, Jewelry, Watch Repair, Jewelry Repair","{'Monday': '11:0-19:0', 'Tuesday': '11:0-19:0', 'Wednesday': '11:0-19:0', 'Thursday': '11:0-19:0', 'Friday': '11:0-19:0', 'Saturday': '11:0-19:0'}"
L4f7DvOdzkqPlltqmwL0Rg,CRUDA Mariscos & Oyster Bar,31 N Scott Ave,Tucson,AZ,85701,32.2225591566,-110.9701417842,4.0,101,1,"{'RestaurantsTableService': 'True', 'BusinessParking': ""{'garage': True, 'street': False, 'validated': False, 'lot': False, 'valet': False}"", 'RestaurantsTakeOut': 'True', 'RestaurantsDelivery': 'False', 'Caters': 'False', 'OutdoorSeating': 'True', 'BikeParking': 'True', 'RestaurantsPriceRange2': '2', 'Alcohol': ""u'full_bar'"", 'BYOB': 'False', 'BusinessAcceptsCreditCards': 'True', 'Ambience': ""{u'divey': None, u'hipster': True, u'casual': True, u'touristy': None, u'trendy': True, u'intimate': None, u'romantic': None, u'classy': None, u'upscale': False}"", 'WheelchairAccessible': 'True', 'WiFi': ""u'free'"", 'HasTV': 'True'}","Restaurants, Seafood, Breakfast & Brunch, Mexican","{'Monday': '9:0-15:0', 'Tuesday': '9:0-15:0', 'Wednesday': '9:0-15:0', 'Thursday': '9:0-15:0', 'Friday': '17:0-21:0', 'Saturday': '9:0-15:0', 'Sunday': '9:0-15:0'}"
eLTKLGnhQ6ibTGaLjxK-0Q,Cubbon's Auto Service,3149 E Columbia St,Tucson,AZ,85714,32.1739276,-110.9247283,4.0,7,1,,"Automotive, Oil Change Stations, Auto Repair","{'Monday': '8:0-17:0', 'Tuesday': '8:0-17:0', 'Wednesday': '8:0-17:0', 'Thursday': '8:0-17:0', 'Friday': '8:0-17:0'}"
dP0ikOU7PzP2an4p-qOALA,Principal Property Management,"3390 N Campbell Ave, Ste 130",Tucson,AZ,85719,32.268405,-110.943259,2.0,7,1,,"Home Services, Real Estate, Property Management",
6N9T23_iXkcOCh6boAXpIg,Nox Kitchen + Cocktails,"6370 N Campbell Ave, Ste 160",Tucson,AZ,85718,32.3220708,-110.9287346,3.5,93,0,"{'Ambience': ""{'romantic': False, 'intimate': False, 'classy': False, 'hipster': False, 'divey': False, 'touristy': False, 'trendy': True, 'upscale': False, 'casual': False}"", 'BikeParking': 'True', 'RestaurantsReservations': 'True', 'NoiseLevel': ""u'average'"", 'RestaurantsDelivery': 'False', 'GoodForMeal': ""{'dessert': False, 'latenight': False, 'lunch': True, 'dinner': True, 'brunch': False, 'breakfast': False}"", 'RestaurantsTakeOut': 'True', 'WiFi': ""'no'"", 'RestaurantsAttire': ""'casual'"", 'GoodForKids': 'False', 'RestaurantsTableService': 'True', 'HasTV': 'True', 'Caters': 'False', 'BusinessParking': ""{'garage': False, 'street': False, 'validated': False, 'lot': True, 'valet': False}"", 'HappyHour': 'True', 'RestaurantsGoodForGroups': 'True', 'Alcohol': ""u'full_bar'"", 'BusinessAcceptsCreditCards': 'True', 'OutdoorSeating': 'True', 'RestaurantsPriceRange2': '2'}","Restaurants, American (New)","{'Monday': '16:0-22:0', 'Tuesday': '16:0-22:0', 'Wednesday': '16:0-22:0', 'Thursday': '16:0-22:0', 'Friday': '16:0-23:0', 'Saturday': '16:0-23:0', 'Sunday': '10:0-22:0'}"
8qCbeHopky8xpGndJCcr7w,eegee's,"502 W Ajo Way, Ste 100",Tucson,AZ,85713,32.1785317,-110.9763018,3.0,25,1,"{'Alcohol': ""u'none'"", 'BusinessAcceptsCreditCards': 'True', 'NoiseLevel': ""u'average'"", 'RestaurantsReservations': 'False', 'RestaurantsTakeOut': 'True', 'Ambience': ""{'divey': False}"", 'BikeParking': 'True', 'WiFi': ""'free'"", 'GoodForKids': 'True', 'RestaurantsPriceRange2': '1', 'RestaurantsAttire': ""u'casual'"", 'Caters': 'True', 'RestaurantsGoodForGroups': 'True', 'OutdoorSeating': 'False', 'GoodForMeal': ""{'dessert': False, 'latenight': False, 'lunch': False, 'dinner': False, 'brunch': False, 'breakfast': False}"", 'BusinessParking': ""{'garage': False, 'street': False, 'validated': False, 'lot': True, 'valet': False}"", 'HasTV': 'True', 'DriveThru': 'True', 'WheelchairAccessible': 'True', 'RestaurantsDelivery': 'True', 'ByAppointmentOnly': 'False'}","Sandwiches, Juice Bars & Smoothies, Restaurants, Food, Fast Food, Desserts","{'Monday': '0:0-0:0', 'Tuesday': '9:30-22:0', 'Wednesday': '9:30-22:0', 'Thursday': '9:30-22:0', 'Friday': '9:30-18:0', 'Saturday': '9:30-22:0', 'Sunday': '9:30-22:0'}"
JqM8vvTO11l5Hp53VOIQvQ,Encantada Riverside Crossing,1925 W River Rd,Tucson,AZ,85704,32.3028059,-111.007811,2.5,31,0,"{'BusinessAcceptsBitcoin': 'False', 'WheelchairAccessible': 'True', 'BusinessAcceptsCreditCards': 'True', 'ByAppointmentOnly': 'False'}","Apartments, Home Services, Real Estate","{'Monday': '9:0-18:0', 'Tuesday': '9:0-18:0', 'Wednesday': '9:0-18:0', 'Thursday': '9:0-18:0', 'Friday': '9:0-18:0', 'Saturday': '10:0-17:0', 'Sunday': '10:0-17:0'}"
S2233x-r73hC5l4s9keI7Q,Aladdin Graphics On Apparel,3565 N Romero,Tucson,AZ,85705,32.2714864,-111.0037375,4.5,11,1,"{'BikeParking': 'True', 'BusinessAcceptsCreditCards': 'True', 'RestaurantsPriceRange2': '2', 'BusinessParking': ""{'garage': False, 'street': False, 'validated': False, 'lot': False, 'valet': False}""}","Professional Services, Arts & Crafts, Shopping, Screen Printing, Graphic Design, Screen Printing/T-Shirt Printing, Printing Services, Local Services, Embroidery & Crochet","{'Monday': '8:30-17:0', 'Tuesday': '8:30-17:0', 'Wednesday': '8:30-17:0', 'Thursday': '8:30-17:0', 'Friday': '8:30-17:0'}"
ASvyYCq7DKfaWChQ1SihSA,Pima Neurology,400 W Magee Rd,Tucson,AZ,85704,32.3524257,-110.9760442,4.0,12,1,"{'ByAppointmentOnly': 'True', 'AcceptsInsurance': 'True'}","Neurologist, Doctors, Medical Centers, Health & Medical","{'Monday': '8:30-17:0', 'Tuesday': '8:30-17:0', 'Wednesday': '8:30-17:0', 'Thursday': '8:30-17:0', 'Friday': '8:30-17:0'}"
rdtMeOwRcXw4mJVxiBQ_IQ,La Mesa Tortillas,3684 W Orange Grove Rd,Tucson,AZ,85741,32.3245749305,-111.0432738044,4.0,64,1,"{'RestaurantsPriceRange2': '1', 'BikeParking': 'True', 'GoodForKids': 'True', 'GoodForMeal': ""{'dessert': False, 'latenight': False, 'lunch': True, 'dinner': False, 'brunch': False, 'breakfast': True}"", 'Caters': 'True', 'RestaurantsTableService': 'True', 'WiFi': ""'no'"", 'BusinessAcceptsCreditCards': 'True', 'RestaurantsTakeOut': 'True', 'Alcohol': ""u'none'"", 'RestaurantsGoodForGroups': 'False', 'NoiseLevel': ""u'average'"", 'OutdoorSeating': 'False', 'RestaurantsReservations': 'False', 'RestaurantsDelivery': 'True', 'RestaurantsAttire': ""u'casual'"", 'BusinessParking': ""{u'valet': False, u'garage': False, u'street': None, u'lot': None, u'validated': None}"", 'HasTV': 'True', 'Ambience': ""{u'divey': False, u'hipster': False, u'casual': True, u'touristy': None, u'trendy': False, u'intimate': False, u'romantic': False, u'classy': False, u'upscale': False}""}","Specialty Food, Food, Local Flavor, Restaurants, Mexican, Ethnic Food","{'Tuesday': '9:0-17:30', 'Wednesday': '9:0-17:30', 'Thursday': '9:0-17:30', 'Friday': '9:0-17:30', 'Saturday': '9:0-15:0'}"
Tp_RH-9nUvDr70YlwaQwyQ,"Raad Taki, MD",4580 E Camp Lowell Dr,Tucson,AZ,85712,32.2647963,-110.8954796,3.5,24,1,"{'ByAppointmentOnly': 'True', 'BusinessAcceptsCreditCards': 'True'}","Doctors, Dermatologists, Health & Medical, Cosmetic Surgeons","{'Monday': '9:0-17:0', 'Tuesday': '9:0-17:0', 'Wednesday': '9:0-17:0', 'Thursday': '9:0-17:0', 'Friday': '9:0-17:0'}"
EAj592Fq2aQiWjwa8ideiQ,Officemax,7081 N Thornydale Rd,Tucson,AZ,85741,32.3357478,-111.0480582,4.5,7,1,"{'BusinessParking': ""{'garage': False, 'street': False, 'validated': False, 'lot': False, 'valet': False}"", 'BusinessAcceptsCreditCards': 'True', 'RestaurantsPriceRange2': '2'}","Shopping, Office Equipment",
7L1kXfwU5XM6f6Jxo_L7Yg,Casa Molina Del Norte,3001 N Campbell Ave,Tucson,AZ,85719,32.2614029,-110.9440973,3.0,116,1,"{'RestaurantsPriceRange2': '2', 'HasTV': 'False', 'BusinessAcceptsCreditCards': 'True', 'RestaurantsTakeOut': 'True', 'RestaurantsGoodForGroups': 'True', 'RestaurantsAttire': ""u'casual'"", 'BikeParking': 'True', 'Caters': 'True', 'RestaurantsReservations': 'True', 'NoiseLevel': ""u'average'"", 'BusinessParking': ""{'garage': False, 'street': False, 'validated': False, 'lot': True, 'valet': False}"", 'GoodForKids': 'True', 'Alcohol': ""'full_bar'"", 'OutdoorSeating': 'True', 'WiFi': ""u'no'"", 'GoodForMeal': ""{'dessert': None, 'latenight': False, 'lunch': True, 'dinner': True, 'brunch': None, 'breakfast': False}"", 'Ambience': ""{'touristy': False, 'hipster': False, 'romantic': False, 'divey': False, 'intimate': False, 'trendy': False, 'upscale': False, 'classy': False, 'casual': True}"", 'RestaurantsDelivery': 'True'}","Latin American, Mexican, Restaurants","{'Monday': '11:0-21:0', 'Tuesday': '11:0-21:0', 'Wednesday': '11:0-21:0', 'Thursday': '11:0-21:0', 'Friday': '11:0-21:0', 'Saturday': '11:0-21:0', 'Sunday': '11:0-21:0'}"
dJxWoUtmgu7phJMamxXd-g,Brake Masters,7855 E Speedway Blvd,Tucson,AZ,85710,32.235899,-110.82525,4.0,21,1,{'BusinessAcceptsCreditCards': 'True'},"Auto Repair, Automotive, Oil Change Stations","{'Monday': '7:30-17:30', 'Tuesday': '7:30-17:30', 'Wednesday': '7:30-17:30', 'Thursday': '7:30-17:30', 'Friday': '7:30-17:30', 'Saturday': '7:30-17:30'}"
yyTuqf5DIJG0NAWnwMQiWg,Amazing Discoveries,238 S Tucson Blvd,Tucson,AZ,85716,32.2198193998,-110.9355916286,4.5,31,1,"{'BusinessParking': ""{'garage': False, 'street': False, 'validated': False, 'lot': True, 'valet': False}"", 'RestaurantsPriceRange2': '1', 'BusinessAcceptsCreditCards': 'True', 'BikeParking': 'True'}","Tabletop Games, Hobby Shops, Shopping, Toy Stores","{'Monday': '0:0-0:0', 'Tuesday': '14:0-21:0', 'Wednesday': '14:0-21:0', 'Thursday': '14:0-21:0', 'Friday': '14:0-21:0', 'Saturday': '12:0-20:0', 'Sunday': '12:0-20:0'}"
Bey6zC3Q6D1PTzqzPU32VA,Legends Bar And Grill,2727 West Club Dr,Tucson,AZ,85742,32.3576668596,-111.0256558577,3.5,35,1,"{'Alcohol': ""u'full_bar'"", 'HasTV': 'True', 'RestaurantsPriceRange2': '2', 'BusinessAcceptsCreditCards': 'True', 'WiFi': ""u'free'"", 'RestaurantsTakeOut': 'True', 'RestaurantsAttire': ""u'casual'"", 'OutdoorSeating': 'True', 'RestaurantsGoodForGroups': 'True', 'GoodForKids': 'True', 'RestaurantsReservations': 'False', 'BusinessParking': ""{'garage': True, 'street': False, 'validated': False, 'lot': False, 'valet': False}"", 'GoodForMeal': ""{'dessert': False, 'latenight': False, 'lunch': False, 'dinner': False, 'brunch': False, 'breakfast': False}"", 'BusinessAcceptsBitcoin': 'False', 'HappyHour': 'True', 'BikeParking': 'True', 'Caters': 'False', 'RestaurantsDelivery': 'True', 'NoiseLevel': ""'average'"", 'Ambience': ""{u'divey': False, u'hipster': False, u'casual': False, u'touristy': False, u'trendy': False, u'intimate': False, u'romantic': False, u'classy': True, u'upscale': False}""}","American (Traditional), Restaurants","{'Monday': '10:30-22:0', 'Tuesday': '10:30-22:0', 'Wednesday': '10:30-22:0', 'Thursday': '10:30-22:0', 'Friday': '10:30-22:0', 'Saturday': '10:30-22:0', 'Sunday': '10:30-22:0'}"
sYv7qr5k01BEG-t3ksJFpw,Jessica Moats,"6760 N Oracle Rd, Ste 200",Tucson,AZ,85704,32.3297705,-110.9757182,5.0,5,1,"{'BusinessAcceptsCreditCards': 'False', 'ByAppointmentOnly': 'False'}","Mortgage Brokers, Home Services, Real Estate","{'Monday': '9:0-18:0', 'Tuesday': '9:0-18:0', 'Wednesday': '9:0-18:0', 'Thursday': '9:0-18:0', 'Friday': '9:0-18:0', 'Saturday': '9:0-14:0'}"
RljFimK79ku2fuhUdDSXJg,Brooklyn Bedding,"6781 N Thornydale Rd, Ste 225",Tucson,AZ,85741,32.329948,-111.04688,4.5,5,1,"{'BusinessAcceptsCreditCards': 'True', 'ByAppointmentOnly': 'False', 'RestaurantsTakeOut': 'None', 'RestaurantsPriceRange2': '2', 'RestaurantsDelivery': 'None', 'BusinessParking': 'None'}","Sleep Specialists, Shopping, Discount Store, Health & Medical, Home & Garden, Mattresses","{'Monday': '0:0-0:0', 'Tuesday': '10:0-16:0', 'Wednesday': '10:0-19:0', 'Thursday': '10:0-19:0', 'Friday': '10:0-19:0', 'Saturday': '9:0-18:0', 'Sunday': '11:0-17:0'}"
9R5DEL3GRGYnGrCbmESZSA,Sparkle Window Cleaning Service,7397 W River Rim Pl,Tucson,AZ,85743,32.3814813206,-111.1230494398,2.0,12,1,{'BusinessAcceptsCreditCards': 'True'},"Window Washing, Home Services","{'Monday': '9:0-17:0', 'Tuesday': '9:0-17:0', 'Wednesday': '9:0-17:0', 'Thursday': '9:0-17:0', 'Friday': '9:0-17:0', 'Saturday': '9:0-14:0'}"
iuv_kT2zc_-4KFdUPFd9Xg,Michaels,1161 W Irvington Rd,Tucson,AZ,85714,32.163254,-110.989049,2.0,16,1,"{'RestaurantsPriceRange2': '2', 'BusinessParking': ""{'garage': False, 'street': True, 'validated': False, 'lot': True, 'valet': False}"", 'BikeParking': 'True', 'BusinessAcceptsCreditCards': 'True'}","Hobby Shops, Arts & Crafts, Home Decor, Shopping, Knitting Supplies, Art Supplies, Home & Garden","{'Monday': '0:0-0:0', 'Tuesday': '9:0-18:0', 'Wednesday': '10:0-19:0', 'Thursday': '17:0-0:0', 'Friday': '7:0-22:0', 'Saturday': '8:0-22:0', 'Sunday': '10:0-19:0'}"
4kl24gxD80wSNExPZhtGvw,Red Angel's Mobile Car Detailing,,Tucson,AZ,85706,32.1485656,-110.9625854,5.0,25,1,"{'WiFi': ""u'no'"", 'BusinessAcceptsCreditCards': 'False', 'ByAppointmentOnly': 'True'}","Automotive, Car Wash, Auto Detailing","{'Monday': '0:0-0:0', 'Tuesday': '7:0-16:0', 'Wednesday': '7:0-16:0', 'Thursday': '7:0-16:0', 'Friday': '7:0-16:0', 'Saturday': '7:0-16:0'}"
9Iu0AHkZGIqcf3pN0QVUqg,Discount Door Service,1330 W Morning View Dr,Tucson,AZ,85704,32.3624136,-110.9946491,5.0,34,1,"{'BusinessAcceptsCreditCards': 'True', 'ByAppointmentOnly': 'True'}","Home Services, Garage Door Services, Contractors","{'Monday': '6:0-19:0', 'Tuesday': '6:0-19:0', 'Wednesday': '6:0-19:0', 'Thursday': '6:0-19:0', 'Friday': '6:0-19:0', 'Saturday': '8:0-17:0'}"
L8loDMdmEMcAzgNajXaCzw,KMS Enterprises,5225 E Pima St,Tucson,AZ,85712,32.2437191,-110.8815325,1.5,6,1,,"Real Estate, Real Estate Agents, Home Services","{'Monday': '9:0-17:0', 'Tuesday': '9:0-17:0', 'Wednesday': '9:0-17:0', 'Thursday': '9:0-17:0', 'Friday': '9:0-17:0'}"
JQsDoGIv4XBtypoMS0m2cg,QuikTrip,6385 E Golf Links rd,Tucson,AZ,85730,32.1924496,-110.8564794,4.0,10,1,"{'BusinessAcceptsCreditCards': 'True', 'RestaurantsPriceRange2': '1', 'BusinessParking': ""{'garage': False, 'street': False, 'validated': False, 'lot': True, 'valet': False}"", 'BikeParking': 'True', 'Caters': 'False', 'RestaurantsTakeOut': 'True', 'RestaurantsDelivery': 'False'}","Convenience Stores, Automotive, Gas Stations, Food, Restaurants, Fast Food","{'Monday': '0:0-0:0', 'Tuesday': '0:0-0:0', 'Wednesday': '0:0-0:0', 'Thursday': '0:0-0:0', 'Friday': '0:0-0:0', 'Saturday': '0:0-0:0', 'Sunday': '0:0-0:0'}"
B10mqANgHvL8gBteo1UhAA,Caruso's,434 N 4th Ave,Tucson,AZ,85705,32.2273367,-110.9653331,3.5,381,1,"{'Alcohol': ""u'beer_and_wine'"", 'RestaurantsPriceRange2': '2', 'NoiseLevel': ""u'average'"", 'RestaurantsAttire': ""'casual'"", 'HasTV': 'False', 'BYOBCorkage': ""'no'"", 'RestaurantsGoodForGroups': 'True', 'GoodForKids': 'True', 'BusinessParking': ""{'garage': False, 'street': True, 'validated': False, 'lot': False, 'valet': False}"", 'BusinessAcceptsCreditCards': 'True', 'RestaurantsTakeOut': 'True', 'OutdoorSeating': 'True', 'Caters': 'True', 'BikeParking': 'True', 'RestaurantsTableService': 'True', 'HappyHour': 'False', 'BYOB': 'False', 'Corkage': 'False', 'DogsAllowed': 'False', 'WiFi': ""u'no'"", 'RestaurantsDelivery': 'True', 'GoodForMeal': ""{'dessert': None, 'latenight': False, 'lunch': None, 'dinner': True, 'brunch': False, 'breakfast': False}"", 'Ambience': ""{'touristy': False, 'hipster': False, 'romantic': None, 'divey': False, 'intimate': None, 'trendy': False, 'upscale': False, 'classy': None, 'casual': True}"", 'WheelchairAccessible': 'True', 'RestaurantsReservations': 'True'}","Restaurants, Italian, Pizza","{'Tuesday': '16:0-22:0', 'Wednesday': '16:0-22:0', 'Thursday': '16:0-20:0', 'Friday': '11:30-21:0', 'Saturday': '11:30-21:0', 'Sunday': '11:30-20:0'}"
A5Ag1HcBjvJ3K-z_XbBkhQ,Table Talk At Home,"7090 N Oracle Rd, Ste 156",Tucson,AZ,85704,32.335737,-110.975375,4.5,8,0,"{'BusinessAcceptsCreditCards': 'True', 'RestaurantsPriceRange2': '2', 'BusinessParking': 'None', 'BusinessAcceptsBitcoin': 'False', 'DogsAllowed': 'False', 'WheelchairAccessible': 'False', 'BikeParking': 'False'}","Kitchen & Bath, Home Decor, Shopping, Home & Garden, Furniture Stores","{'Monday': '0:0-0:0', 'Tuesday': '11:0-17:0', 'Wednesday': '9:30-18:30', 'Thursday': '9:30-19:0', 'Friday': '10:30-18:30', 'Saturday': '9:30-19:0', 'Sunday': '10:0-16:0'}"
zuXlPQ0Jk_5nX6aMsfnLAg,A American Electrical Services,827 S Santa Rita Ave,Tucson,AZ,85719,32.2113791,-110.9529222,4.5,6,1,"{'BusinessAcceptsCreditCards': 'True', 'ByAppointmentOnly': 'True'}","Electricians, Local Services, Home Services","{'Monday': '7:0-17:0', 'Tuesday': '7:0-17:0', 'Wednesday': '7:0-17:0', 'Thursday': '7:0-17:0', 'Friday': '7:0-17:0'}"
LzT90kqhD4qerJUwk8Bs_Q,Yoga Flow,3131 N Cherry Ave,Tucson,AZ,85719,32.264427,-110.9485049,5.0,13,0,{'GoodForKids': 'True'},"Fitness & Instruction, Yoga, Active Life",
pJch8MuldB4WJtg6gsTU5Q,The Sweet Coquí,,Tucson,AZ,85701,32.1960032012,-110.9788070743,5.0,9,1,"{'RestaurantsDelivery': 'False', 'RestaurantsTakeOut': 'True', 'BusinessAcceptsCreditCards': 'True', 'RestaurantsTableService': 'False', 'DogsAllowed': 'True', 'BusinessParking': ""{u'valet': False, u'garage': False, u'street': False, u'lot': False, u'validated': False}""}","Puerto Rican, Caribbean, Restaurants, Desserts, Food Trucks, Food",
o6M6fFBHl_nsDkYxopZuuw,Main Gate Square,814 E University Blvd,Tucson,AZ,85719,32.2315,-110.959248,4.5,7,1,"{'Alcohol': ""u'full_bar'"", 'BikeParking': 'True', 'RestaurantsReservations': 'False', 'RestaurantsGoodForGroups': 'True', 'BusinessAcceptsCreditCards': 'True', 'RestaurantsAttire': ""'casual'"", 'Ambience': ""{'romantic': False, 'intimate': False, 'classy': False, 'hipster': False, 'divey': False, 'touristy': False, 'trendy': False, 'upscale': False, 'casual': False}"", 'NoiseLevel': ""'loud'"", 'OutdoorSeating': 'True', 'HasTV': 'False', 'GoodForKids': 'True', 'Caters': 'False', 'WiFi': ""'no'"", 'RestaurantsPriceRange2': '2', 'RestaurantsDelivery': 'None', 'RestaurantsTakeOut': 'None', 'BusinessParking': ""{'garage': True, 'street': True, 'validated': True, 'lot': False, 'valet': True}""}","Shopping, Shopping Centers, Restaurants","{'Monday': '6:0-3:0', 'Tuesday': '6:0-3:0', 'Wednesday': '6:0-3:0', 'Thursday': '6:0-3:0', 'Friday': '6:0-3:0', 'Saturday': '6:0-3:0', 'Sunday': '6:0-3:0'}"
JZTjsww_tdYvE0jaHGz24g,Jump Family Entertainment Center,"5120 S Julian Dr, Ste 108",Tucson,AZ,85706,32.1609184,-110.9214225,3.5,21,0,"{'BusinessParking': ""{'garage': False, 'street': False, 'validated': False, 'lot': True, 'valet': False}"", 'ByAppointmentOnly': 'False', 'BikeParking': 'True', 'GoodForKids': 'True', 'WheelchairAccessible': 'False', 'BusinessAcceptsCreditCards': 'True'}","Active Life, Kids Activities","{'Monday': '10:0-22:0', 'Tuesday': '10:0-22:0', 'Wednesday': '10:0-22:0', 'Thursday': '10:0-22:0', 'Friday': '10:0-22:0', 'Saturday': '10:0-22:0', 'Sunday': '10:0-22:0'}"
i6gX7a9S8aEsgUWH0jBLiA,UA Passports,"615 N Park Ave, Room 103, The University of Arizona",Tucson,AZ,85721,32.2293947,-110.9569941,4.5,10,1,"{'WiFi': ""u'free'""}","Public Services & Government, Passport & Visa Services, Shopping, Photography Stores & Services, Hotels & Travel, Travel Services","{'Monday': '0:0-0:0', 'Tuesday': '13:0-16:0', 'Wednesday': '13:0-16:0', 'Thursday': '13:0-16:0', 'Friday': '8:30-16:0'}"
HpSniCGA1LEWzXaWGb4vfw,Oro Valley Landscape Systems,1340 W Calle Concordia,Tucson,AZ,85704,32.3729493,-110.9946026,2.0,5,1,"{'ByAppointmentOnly': 'False', 'BusinessAcceptsCreditCards': 'True'}","Tree Services, Landscaping, Landscape Architects, Home Services, Irrigation","{'Monday': '8:0-17:0', 'Tuesday': '6:0-17:0', 'Wednesday': '6:0-17:0', 'Thursday': '6:0-17:0', 'Friday': '6:0-17:0'}"
YFMYMfz9L3Wraqb9I9TnfA,Midas,6740 E,Tucson,AZ,85715,32.2483325704,-110.848599446,2.0,55,1,{'BusinessAcceptsCreditCards': 'True'},"Tires, Automotive, Oil Change Stations, Auto Repair","{'Monday': '7:30-18:0', 'Tuesday': '7:30-18:0', 'Wednesday': '7:30-18:0', 'Thursday': '7:30-18:0', 'Friday': '7:30-18:0', 'Saturday': '7:30-17:0'}"
EXSPc33CL-pNsQ_XmalaIw,E Dental Solutions,2504 E River Rd,Tucson,AZ,85718,32.285088,-110.933558,4.0,8,1,"{'BusinessAcceptsCreditCards': 'True', 'ByAppointmentOnly': 'False'}","Cosmetic Dentists, General Dentistry, Dentists, Health & Medical","{'Monday': '8:0-17:0', 'Tuesday': '7:0-16:0', 'Wednesday': '9:0-17:0', 'Thursday': '7:0-16:0'}"
L2VIQKr-td6vRWvs6stzng,Vizion Nutrition,1720 E Speedway Blvd,Tucson,AZ,85719,32.235853,-110.946215,4.5,9,0,"{'RestaurantsTakeOut': 'False', 'Caters': 'False', 'BikeParking': 'True', 'AcceptsInsurance': 'False', 'WheelchairAccessible': 'True', 'RestaurantsPriceRange2': '1', 'WiFi': ""u'free'"", 'BusinessAcceptsCreditCards': 'True', 'ByAppointmentOnly': 'False', 'BusinessAcceptsBitcoin': 'False', 'BusinessParking': ""{'garage': False, 'street': False, 'validated': False, 'lot': True, 'valet': False}""}","Health Markets, Juice Bars & Smoothies, Specialty Food, Food, Nutritionists, Health & Medical","{'Monday': '0:0-0:0', 'Tuesday': '9:0-20:0', 'Wednesday': '9:0-18:0', 'Thursday': '7:0-12:0', 'Friday': '9:0-18:0', 'Saturday': '9:0-14:0', 'Sunday': '9:0-12:0'}"
4UNrSbCu7rFsMOcU966a8g,Papa Murphy's,"1710 West Valencia Road, 200",Tucson,AZ,85746,32.134418,-111.0021703,4.0,12,1,"{'RestaurantsReservations': 'False', 'BusinessAcceptsCreditCards': 'True', 'GoodForKids': 'True', 'RestaurantsGoodForGroups': 'False', 'RestaurantsPriceRange2': '1', 'BusinessParking': ""{'garage': False, 'street': False, 'validated': False, 'lot': False, 'valet': False}"", 'RestaurantsAttire': ""'casual'"", 'RestaurantsTakeOut': 'True', 'WiFi': ""'no'"", 'Ambience': ""{'touristy': False, 'hipster': False, 'romantic': False, 'divey': False, 'intimate': False, 'trendy': False, 'upscale': False, 'classy': False, 'casual': False}"", 'HasTV': 'True', 'Alcohol': ""'none'"", 'GoodForMeal': ""{'dessert': False, 'latenight': False, 'lunch': False, 'dinner': False, 'brunch': False, 'breakfast': False}"", 'BikeParking': 'True', 'DriveThru': 'True', 'OutdoorSeating': 'None', 'RestaurantsDelivery': 'True'}","Pizza, Restaurants",
Lzq-mUgmdLz8mVpb3gGarA,Buffalo Bell,3756 S 6th Ave,Tucson,AZ,85713,32.1784358,-110.9686162,4.0,53,1,"{'RestaurantsAttire': ""u'casual'"", 'GoodForKids': 'True', 'RestaurantsPriceRange2': '2', 'Alcohol': ""u'none'"", 'RestaurantsTakeOut': 'True', 'BusinessAcceptsCreditCards': 'True', 'Caters': 'False', 'RestaurantsGoodForGroups': 'True', 'BusinessParking': ""{'garage': False, 'street': False, 'validated': False, 'lot': True, 'valet': False}"", 'RestaurantsReservations': 'False', 'HasTV': 'True', 'BikeParking': 'True', 'RestaurantsDelivery': 'True', 'OutdoorSeating': 'False', 'NoiseLevel': ""'average'"", 'Ambience': ""{'touristy': None, 'hipster': None, 'romantic': None, 'divey': None, 'intimate': False, 'trendy': None, 'upscale': False, 'classy': False, 'casual': True}"", 'WheelchairAccessible': 'True', 'WiFi': ""u'no'"", 'GoodForMeal': ""{'dessert': False, 'latenight': False, 'lunch': False, 'dinner': False, 'brunch': False, 'breakfast': False}"", 'RestaurantsTableService': 'False'}","Chicken Wings, Burgers, Restaurants, American (Traditional)","{'Monday': '0:0-0:0', 'Tuesday': '12:0-19:0', 'Wednesday': '12:0-19:0', 'Thursday': '12:0-19:0', 'Friday': '12:0-19:0', 'Saturday': '12:0-19:0', 'Sunday': '12:0-19:0'}"
XS_3D0MS6o1xu_Qfr_KA2Q,Great Clips,9110 N Silverbell Rd,Tucson,AZ,85743,32.3729118,-111.1361597,3.0,11,1,"{'RestaurantsPriceRange2': '1', 'ByAppointmentOnly': 'False', 'BusinessParking': ""{'garage': False, 'street': False, 'validated': False, 'lot': False, 'valet': False}"", 'BusinessAcceptsCreditCards': 'True', 'BikeParking': 'True', 'GoodForKids': 'True'}","Beauty & Spas, Hair Salons, Hair Stylists","{'Monday': '9:0-21:0', 'Tuesday': '9:0-21:0', 'Wednesday': '9:0-21:0', 'Thursday': '9:0-21:0', 'Friday': '9:0-21:0', 'Saturday': '8:0-18:0', 'Sunday': '10:0-18:0'}"
qMw6as-I4Fz3DySucrBF8Q,Ironwood Dermatology,1735 E Skyline Dr,Tucson,AZ,85718,32.3359611839,-110.9462035966,4.0,64,1,"{'ByAppointmentOnly': 'True', 'BusinessAcceptsCreditCards': 'True', 'BikeParking': 'True', 'AcceptsInsurance': 'True', 'BusinessParking': ""{'garage': False, 'street': True, 'validated': False, 'lot': True, 'valet': False}"", 'RestaurantsPriceRange2': '3'}","Health & Medical, Medical Spas, Dermatologists, Doctors, Beauty & Spas, Skin Care, Hair Removal","{'Monday': '8:0-17:0', 'Tuesday': '8:0-19:0', 'Wednesday': '8:0-19:0', 'Thursday': '8:0-17:0', 'Friday': '8:0-14:0'}"
8-LPWq0IA5gLSV2Id8nKMQ,Dano's Tile Installers,"3455 S Palo Verde Rd, Ste 131- 33",Tucson,AZ,85713,32.183994,-110.9171804,3.0,10,1,"{'BusinessAcceptsCreditCards': 'True', 'BusinessAcceptsBitcoin': 'False', 'ByAppointmentOnly': 'False'}","Tiling, Flooring, Contractors, Home Services, Interior Design","{'Monday': '0:0-0:0', 'Tuesday': '8:0-16:0', 'Wednesday': '8:0-16:0', 'Thursday': '8:0-16:0', 'Friday': '8:0-16:0'}"
lyYS5AqPN63gG_rNohKqLA,CVS Pharmacy,4748 East Sunrise Dr,Tucson,AZ,85718,32.307,-110.8918,2.0,16,1,"{'BusinessParking': ""{'garage': False, 'street': False, 'validated': False, 'lot': False, 'valet': False}"", 'RestaurantsPriceRange2': '2', 'BusinessAcceptsCreditCards': 'True', 'WheelchairAccessible': 'True', 'RestaurantsDelivery': 'True', 'DriveThru': 'True', 'RestaurantsTakeOut': 'False'}","Shopping, Pharmacy, Health & Medical, Drugstores, Food, Convenience Stores","{'Monday': '9:0-21:0', 'Tuesday': '10:0-20:0', 'Wednesday': '9:0-21:0', 'Thursday': '9:0-21:0', 'Friday': '9:0-22:0', 'Saturday': '8:0-22:0', 'Sunday': '10:0-20:0'}"
Ig7rcrzWcQ3MEsJZ2wpw9Q,Arizona's Interior Innovations,1781 W Ruthrauff Rd,Tucson,AZ,85705,32.2908012,-111.0040797,3.0,17,1,"{'BusinessAcceptsCreditCards': 'True', 'WheelchairAccessible': 'True', 'BikeParking': 'True', 'ByAppointmentOnly': 'True'}","Kitchen & Bath, Shopping, Home & Garden, Flooring, Contractors, Home Services, Shades & Blinds, Interior Design, Countertop Installation","{'Monday': '0:0-0:0', 'Tuesday': '9:0-16:0', 'Wednesday': '9:0-16:0', 'Thursday': '9:0-16:0', 'Friday': '9:0-16:0', 'Saturday': '10:0-14:0'}"
DdqPNe8W1XF44CLw94Zb6A,Safeway,9125 E,Tucson,AZ,85749,32.2590199,-110.7970223,2.5,19,1,"{'BusinessAcceptsCreditCards': 'True', 'RestaurantsPriceRange2': '2', 'BusinessParking': ""{'garage': False, 'street': False, 'validated': False, 'lot': True, 'valet': False}"", 'BikeParking': 'True', 'RestaurantsDelivery': 'True', 'RestaurantsTakeOut': 'True'}","Food, Grocery","{'Monday': '0:0-0:0', 'Tuesday': '6:0-22:0', 'Wednesday': '6:0-22:0', 'Thursday': '6:0-22:0', 'Friday': '6:0-22:0', 'Saturday': '6:0-22:0', 'Sunday': '6:0-22:0'}"
84Oc1ujnFjcvR6BhOmm6gQ,Desert Dental Group,"8265 S Houghton Rd, Ste 101",Tucson,AZ,85747,32.101737,-110.771629,4.5,12,1,"{'BusinessAcceptsCreditCards': 'True', 'ByAppointmentOnly': 'True'}","Dentists, Health & Medical, General Dentistry, Oral Surgeons, Cosmetic Dentists, Sleep Specialists","{'Monday': '8:30-17:0', 'Tuesday': '8:30-17:0', 'Wednesday': '8:30-17:0', 'Thursday': '8:30-17:0', 'Friday': '8:30-14:30'}"
HJK8vhukqGWu_c83V9oVLQ,Odie's North 1st Av Garage,2847 N 1st Ave,Tucson,AZ,85719,32.2589003,-110.9616712,4.5,8,0,{'BusinessAcceptsCreditCards': 'False'},"Automotive, Auto Repair",
Bb5YSi_C9p4Sp6eD4ZCSVQ,Piezanos Rustic Pizza and Wine,2921 E Ft Lowell Rd,Tucson,AZ,85716,32.2653037311,-110.9285849243,4.0,93,1,"{'RestaurantsAttire': ""u'casual'"", 'RestaurantsGoodForGroups': 'True', 'OutdoorSeating': 'False', 'BusinessAcceptsCreditCards': 'True', 'RestaurantsPriceRange2': '2', 'HasTV': 'True', 'NoiseLevel': ""'average'"", 'BikeParking': 'True', 'GoodForKids': 'True', 'RestaurantsTakeOut': 'True', 'BusinessParking': ""{'garage': False, 'street': False, 'validated': False, 'lot': True, 'valet': False}"", 'RestaurantsReservations': 'False', 'RestaurantsDelivery': 'True', 'WiFi': ""'free'"", 'GoodForMeal': ""{'dessert': False, 'latenight': False, 'lunch': True, 'dinner': True, 'brunch': False, 'breakfast': False}"", 'Ambience': ""{'touristy': False, 'hipster': False, 'romantic': False, 'divey': None, 'intimate': False, 'trendy': None, 'upscale': False, 'classy': None, 'casual': True}"", 'Caters': 'True', 'Alcohol': ""'beer_and_wine'""}","Restaurants, Pizza, Food, Beer, Wine & Spirits, Italian","{'Monday': '11:0-21:0', 'Tuesday': '11:0-21:0', 'Wednesday': '11:0-21:0', 'Thursday': '11:0-21:0', 'Friday': '11:0-22:0', 'Saturday': '13:0-22:0', 'Sunday': '13:0-21:0'}"
gsuUeNvj9iuZPapuZR45tg,Bevmo!,"6228 E Broadway Blvd, Ste 100",Tucson,AZ,85711,32.2202183,-110.8597764,3.0,45,1,"{'BusinessAcceptsCreditCards': 'True', 'RestaurantsPriceRange2': '2', 'BikeParking': 'True', 'BusinessParking': ""{'garage': False, 'street': False, 'validated': False, 'lot': True, 'valet': False}"", 'RestaurantsTakeOut': 'True'}","Food, Beer, Wine & Spirits","{'Monday': '9:0-21:0', 'Tuesday': '9:0-21:0', 'Wednesday': '9:0-21:0', 'Thursday': '9:0-21:0', 'Friday': '9:0-21:0', 'Saturday': '9:0-21:0', 'Sunday': '10:0-19:0'}"
576iPQlICAtPG14e3r6wnw,Action Yard & Tree Services,"3925 E 29th St, Ste 403",Tucson,AZ,85711,32.2165669,-110.8195292,4.0,24,1,"{'BusinessAcceptsCreditCards': 'True', 'ByAppointmentOnly': 'False'}","Irrigation, Home Services, Landscaping, Tree Services","{'Monday': '7:0-17:0', 'Tuesday': '7:0-17:0', 'Wednesday': '7:0-17:0', 'Thursday': '7:0-17:0', 'Friday': '7:0-17:0'}"
ipeqBIxJlQ1090ZCvXF0wg,Papa John's Pizza,2545 E. Speedway Blvd #165,Tucson,AZ,85716,32.2365046,-110.9343177,2.0,22,1,"{'RestaurantsReservations': 'True', 'NoiseLevel': ""u'quiet'"", 'BusinessAcceptsCreditCards': 'True', 'RestaurantsTakeOut': 'True', 'BikeParking': 'False', 'OutdoorSeating': 'False', 'RestaurantsDelivery': 'True', 'WiFi': ""'no'"", 'RestaurantsPriceRange2': '1', 'HasTV': 'True', 'GoodForKids': 'False', 'RestaurantsGoodForGroups': 'True', 'RestaurantsAttire': ""'casual'""}","Pizza, Restaurants",
hkiJtkvSNBiSkc_op9a54A,Hummingbird Cafe,7002 E Broadway Blvd,Tucson,AZ,85710,32.2197685242,-110.8433303833,4.0,5,0,"{'Ambience': ""{'romantic': False, 'intimate': False, 'touristy': False, 'hipster': False, 'divey': False, 'classy': False, 'trendy': False, 'upscale': False, 'casual': False}"", 'RestaurantsTakeOut': 'True'}","Restaurants, Cafes",
0rsv-Tfm5-VqY_a87ErFmg,Amerisleep - Tucson,"2905 E Skyline Dr, Ste 225",Tucson,AZ,85718,32.3247418,-110.9301132,5.0,21,1,"{'BusinessAcceptsCreditCards': 'True', 'WheelchairAccessible': 'True', 'RestaurantsPriceRange2': '4', 'BusinessParking': 'None', 'ByAppointmentOnly': 'False', 'BikeParking': 'True'}","Shopping, Mattresses, Home & Garden, Furniture Stores","{'Monday': '0:0-0:0', 'Tuesday': '11:0-19:0', 'Wednesday': '11:0-19:0', 'Thursday': '11:0-19:0', 'Friday': '10:0-20:0', 'Saturday': '10:0-20:0', 'Sunday': '11:0-18:0'}"
4Xfot2NtGkaemcs56gfuiQ,Pyramid Federal Credit Union,8235 S Houghton Rd,Tucson,AZ,85747,32.1022174,-110.7719866,4.5,7,1,,"Banks & Credit Unions, Financial Services","{'Monday': '9:0-17:0', 'Tuesday': '9:0-17:0', 'Wednesday': '9:0-17:0', 'Thursday': '9:0-17:0', 'Friday': '9:0-18:0', 'Saturday': '9:0-13:0'}"
fEdDmhp6MQhuPF-iVLcmEw,Carlota's Authentic Mexican Cuisine,10420 N La Canada Dr,Tucson,AZ,85737,32.3957481384,-110.9936447144,3.5,46,0,"{'RestaurantsGoodForGroups': 'True', 'RestaurantsReservations': 'True', 'BusinessAcceptsCreditCards': 'True', 'HasTV': 'False', 'Caters': 'True', 'WiFi': ""u'no'"", 'RestaurantsDelivery': 'False', 'Alcohol': ""u'full_bar'"", 'Ambience': ""{'romantic': False, 'intimate': False, 'classy': False, 'hipster': False, 'divey': False, 'touristy': False, 'trendy': False, 'upscale': False, 'casual': True}"", 'OutdoorSeating': 'True', 'RestaurantsTakeOut': 'True', 'BusinessParking': ""{'garage': False, 'street': False, 'validated': False, 'lot': True, 'valet': False}"", 'GoodForKids': 'True', 'BikeParking': 'True', 'RestaurantsAttire': ""'casual'"", 'RestaurantsPriceRange2': '2', 'NoiseLevel': ""u'average'""}","Restaurants, Food, Mexican","{'Monday': '11:0-20:0', 'Tuesday': '11:0-20:0', 'Wednesday': '11:0-20:0', 'Thursday': '11:0-20:0', 'Friday': '11:0-21:0', 'Saturday': '11:0-21:0', 'Sunday': '11:0-20:0'}"
2x31vm7m-ySddAlR5GWmbw,Sports Authority,7110 East Broadway,Tucson,AZ,85710,32.22062,-110.8403475,3.5,14,0,"{'BusinessParking': ""{'garage': False, 'street': False, 'validated': False, 'lot': True, 'valet': False}"", 'BusinessAcceptsCreditCards': 'True', 'RestaurantsPriceRange2': '2', 'BikeParking': 'True'}","Shopping, Fashion, Outdoor Gear, Sports Wear, Sporting Goods","{'Monday': '9:0-21:0', 'Tuesday': '9:0-21:0', 'Wednesday': '9:0-21:0', 'Thursday': '9:0-21:0', 'Friday': '9:0-21:0', 'Saturday': '9:0-21:0', 'Sunday': '10:0-20:0'}"
V9XlikTxq0My4gE8LULsjw,Claim Jumper Steakhouse & Bar,3761 E Broadway Blvd,Tucson,AZ,85716,32.22188,-110.91307,2.5,325,0,"{'RestaurantsGoodForGroups': 'True', 'Caters': 'True', 'RestaurantsTakeOut': 'True', 'Alcohol': ""u'full_bar'"", 'BikeParking': 'True', 'RestaurantsReservations': 'False', 'HasTV': 'True', 'RestaurantsPriceRange2': '2', 'NoiseLevel': ""u'average'"", 'GoodForKids': 'True', 'BusinessParking': ""{'garage': False, 'street': False, 'validated': False, 'lot': True, 'valet': False}"", 'GoodForMeal': ""{'dessert': False, 'latenight': False, 'lunch': True, 'dinner': True, 'brunch': False, 'breakfast': False}"", 'DogsAllowed': 'False', 'BusinessAcceptsCreditCards': 'True', 'RestaurantsDelivery': 'True', 'RestaurantsAttire': ""u'casual'"", 'HappyHour': 'True', 'OutdoorSeating': 'True', 'WiFi': ""'free'"", 'Ambience': ""{'touristy': False, 'hipster': False, 'romantic': False, 'divey': False, 'intimate': False, 'trendy': False, 'upscale': False, 'classy': None, 'casual': True}""}","Restaurants, Nightlife, Seafood, Steakhouses, American (Traditional), Bars","{'Monday': '0:0-0:0', 'Tuesday': '11:0-21:30', 'Wednesday': '11:0-21:30', 'Thursday': '11:0-22:0', 'Friday': '11:0-22:0', 'Saturday': '11:0-22:0', 'Sunday': '10:0-21:0'}"
P7qY1cGAPgFzaAk3cSBphw,Little Caesars Pizza,2175 E Irvington Rd,Tucson,AZ,85714,32.1637987399,-110.9397400024,1.5,19,1,"{'BusinessAcceptsCreditCards': 'True', 'RestaurantsReservations': 'False', 'Ambience': ""{'romantic': False, 'intimate': False, 'classy': False, 'hipster': False, 'divey': False, 'touristy': False, 'trendy': False, 'upscale': False, 'casual': False}"", 'GoodForKids': 'True', 'RestaurantsGoodForGroups': 'False', 'WiFi': ""'no'"", 'RestaurantsAttire': ""'casual'"", 'OutdoorSeating': 'False', 'RestaurantsTakeOut': 'True', 'Alcohol': ""u'none'"", 'RestaurantsDelivery': 'True', 'RestaurantsPriceRange2': '1', 'BusinessParking': 'None', 'BikeParking': 'False', 'HasTV': 'False'}","Italian, Restaurants, American (New), Pizza, Fast Food","{'Monday': '10:30-22:0', 'Tuesday': '10:30-22:0', 'Wednesday': '10:30-22:0', 'Thursday': '10:30-22:0', 'Friday': '10:30-23:0', 'Saturday': '10:30-23:0', 'Sunday': '10:30-22:0'}"
oNb6kqjkA7cSRnJnu0oQ5A,1800 Flowers Shoppe,"4444 E Grant Rd, Ste 125",Tucson,AZ,85712,32.25042,-110.89749,2.0,22,1,"{'BusinessAcceptsCreditCards': 'True', 'BusinessParking': 'None', 'WiFi': ""u'no'"", 'RestaurantsDelivery': 'None', 'RestaurantsPriceRange2': '3'}","Flowers & Gifts, Wedding Planning, Shopping, Event Planning & Services, Florists, Floral Designers","{'Monday': '9:0-17:0', 'Tuesday': '9:0-17:0', 'Wednesday': '9:0-17:0', 'Thursday': '9:0-17:0', 'Friday': '9:0-17:0', 'Saturday': '9:0-16:0', 'Sunday': '9:0-14:0'}"
WbA5ud4InNWkizW7HE5kRQ,Penca,50 E Broadway Blvd,Tucson,AZ,85701,32.22097,-110.970157,3.5,486,1,"{'BusinessParking': ""{'garage': True, 'street': True, 'validated': False, 'lot': False, 'valet': False}"", 'BusinessAcceptsCreditCards': 'True', 'Alcohol': ""u'full_bar'"", 'RestaurantsPriceRange2': '2', 'RestaurantsReservations': 'True', 'BikeParking': 'True', 'HasTV': 'False', 'RestaurantsTakeOut': 'True', 'GoodForKids': 'False', 'NoiseLevel': ""u'average'"", 'WiFi': ""u'free'"", 'RestaurantsAttire': ""u'casual'"", 'RestaurantsGoodForGroups': 'True', 'WheelchairAccessible': 'True', 'CoatCheck': 'False', 'DogsAllowed': 'False', 'Caters': 'True', 'BestNights': ""{'monday': False, 'tuesday': False, 'friday': True, 'wednesday': False, 'thursday': True, 'sunday': False, 'saturday': True}"", 'Music': ""{'dj': False, 'background_music': False, 'no_music': False, 'jukebox': False, 'live': False, 'video': False, 'karaoke': False}"", 'BusinessAcceptsBitcoin': 'False', 'GoodForDancing': 'False', 'GoodForMeal': ""{'dessert': False, 'latenight': False, 'lunch': None, 'dinner': True, 'brunch': None, 'breakfast': False}"", 'Ambience': ""{'touristy': False, 'hipster': False, 'romantic': False, 'divey': False, 'intimate': False, 'trendy': True, 'upscale': False, 'classy': True, 'casual': False}"", 'BYOB': 'False', 'RestaurantsTableService': 'True', 'Smoking': ""u'no'"", 'OutdoorSeating': 'True', 'HappyHour': 'True', 'RestaurantsDelivery': 'False', 'Corkage': 'False'}","Mexican, Restaurants, Nightlife, Bars, Venues & Event Spaces, Event Planning & Services","{'Monday': '0:0-0:0', 'Wednesday': '16:30-21:30', 'Thursday': '16:30-21:30', 'Friday': '16:30-21:30', 'Saturday': '16:30-21:30', 'Sunday': '16:30-21:30'}"
jg1YxrBaK9cB4OT1Zx49Hg,Beer Garden At Reilly Craft Pizza,101 E Pennington St,Tucson,AZ,85701,32.2233807,-110.9696917,3.5,24,1,"{'HappyHour': 'True', 'RestaurantsPriceRange2': '2', 'NoiseLevel': ""'average'"", 'Alcohol': ""'beer_and_wine'"", 'BusinessAcceptsCreditCards': 'True', 'GoodForDancing': 'False', 'RestaurantsGoodForGroups': 'True', 'BikeParking': 'True', 'RestaurantsTakeOut': 'True', 'DogsAllowed': 'False', 'RestaurantsReservations': 'True', 'RestaurantsAttire': ""'casual'"", 'OutdoorSeating': 'True', 'RestaurantsDelivery': 'False', 'CoatCheck': 'False', 'Music': ""{'dj': False}"", 'HasTV': 'True', 'BusinessParking': ""{'garage': True, 'street': True, 'validated': False, 'lot': False, 'valet': False}"", 'WheelchairAccessible': 'True', 'Ambience': ""{'touristy': False, 'hipster': False, 'romantic': False, 'divey': False, 'intimate': False, 'trendy': False, 'upscale': False, 'classy': True, 'casual': False}"", 'Smoking': ""u'no'"", 'GoodForKids': 'False'}","Restaurants, Bars, Pizza, Nightlife, Beer Gardens","{'Monday': '16:0-0:0', 'Tuesday': '16:0-0:0', 'Wednesday': '16:0-0:0', 'Thursday': '16:0-0:0', 'Friday': '16:0-2:0', 'Saturday': '12:0-2:0', 'Sunday': '12:0-21:0'}"
t3qEUu4EaCKN3WQU7Pq3oA,'81 Barbers,517 N 4th Ave,Tucson,AZ,85705,32.2282612,-110.9657705,4.5,13,1,"{'BikeParking': 'True', 'BusinessAcceptsCreditCards': 'True', 'BusinessAcceptsBitcoin': 'False', 'ByAppointmentOnly': 'False', 'RestaurantsPriceRange2': '2', 'BusinessParking': ""{'garage': False, 'street': True, 'validated': False, 'lot': True, 'valet': False}"", 'WheelchairAccessible': 'True', 'WiFi': ""u'free'""}","Barbers, Beauty & Spas, Hair Salons, Men's Hair Salons","{'Monday': '0:0-0:0', 'Tuesday': '10:0-18:0', 'Wednesday': '10:0-18:0', 'Thursday': '10:0-18:0', 'Friday': '10:0-18:0', 'Saturday': '8:0-16:0'}"
2vPz8WIiRGLyYtqadD4SPw,The Candle Factory,"5340 E Broadway Blvd, Ste 150",Tucson,AZ,85711,32.220985,-110.878254,4.5,14,0,"{'BikeParking': 'True', 'BusinessParking': ""{'garage': False, 'street': False, 'validated': False, 'lot': True, 'valet': False}"", 'BusinessAcceptsCreditCards': 'True', 'RestaurantsPriceRange2': '2'}","Home Decor, Local Services, Flowers & Gifts, Shopping, Home & Garden, Gift Shops","{'Monday': '11:0-18:0', 'Tuesday': '11:0-18:0', 'Wednesday': '11:0-18:0', 'Thursday': '11:0-18:0', 'Friday': '11:0-18:0', 'Saturday': '11:0-18:0'}"
BauybYsfqd0y6KDrJ6ZxjQ,Starbucks,"7288 E Broadway Blvd, Ste 150",Tucson,AZ,85710,32.220577,-110.8384691,3.5,67,1,"{'BusinessParking': ""{'garage': False, 'street': False, 'validated': False, 'lot': True, 'valet': False}"", 'Caters': 'False', 'BusinessAcceptsCreditCards': 'True', 'WiFi': ""u'free'"", 'RestaurantsPriceRange2': '1', 'OutdoorSeating': 'True', 'RestaurantsTakeOut': 'True', 'BikeParking': 'True', 'RestaurantsDelivery': 'True'}","Coffee & Tea, Food","{'Monday': '0:0-0:0', 'Tuesday': '4:30-21:0', 'Wednesday': '4:30-21:0', 'Thursday': '4:30-21:0', 'Friday': '4:30-21:0', 'Saturday': '4:30-21:0', 'Sunday': '4:30-21:0'}"
kNA3gcAM7N12wEscMpYh4g,Desert Vintage,"403 N 6th Ave, Ste 119",Tucson,AZ,85705,32.2265918475,-110.9688466771,4.5,20,1,"{'RestaurantsPriceRange2': '2', 'BusinessAcceptsCreditCards': 'True', 'BusinessParking': ""{'garage': False, 'street': True, 'validated': False, 'lot': False, 'valet': False}"", 'BikeParking': 'True'}","Fashion, Arts & Crafts, Costumes, Shopping, Used, Vintage & Consignment","{'Monday': '11:0-18:0', 'Tuesday': '11:0-18:0', 'Wednesday': '11:0-18:0', 'Thursday': '11:0-18:0', 'Friday': '11:0-18:0', 'Saturday': '11:0-18:0', 'Sunday': '11:0-17:0'}"
G1EanzvwOGLx_J-IwxnwtQ,The Frozen Cactus,5769 E Speedway Blvd,Tucson,AZ,85712,32.2364406,-110.8691922,3.0,33,1,"{'Music': ""{'dj': False, 'background_music': False, 'no_music': False, 'jukebox': False, 'live': False, 'video': False, 'karaoke': False}"", 'RestaurantsDelivery': 'True', 'HasTV': 'True', 'RestaurantsTakeOut': 'True', 'Ambience': ""{u'divey': None, u'hipster': False, u'casual': True, u'touristy': None, u'trendy': None, u'intimate': False, u'romantic': False, u'classy': False, u'upscale': False}"", 'BestNights': ""{'monday': False, 'tuesday': False, 'friday': False, 'wednesday': False, 'thursday': False, 'sunday': False, 'saturday': False}"", 'RestaurantsReservations': 'True', 'GoodForMeal': ""{'dessert': False, 'latenight': False, 'lunch': False, 'dinner': False, 'brunch': False, 'breakfast': False}"", 'WiFi': ""u'free'"", 'HappyHour': 'True', 'BusinessAcceptsCreditCards': 'True', 'BusinessParking': ""{u'valet': False, u'garage': None, u'street': None, u'lot': True, u'validated': None}""}","Tex-Mex, American (New), Restaurants, Burgers, Sports Bars, Nightlife, Pubs, American (Traditional), Bars","{'Monday': '11:0-2:0', 'Tuesday': '11:0-2:0', 'Wednesday': '11:0-2:0', 'Thursday': '11:0-2:0', 'Friday': '11:0-2:0', 'Saturday': '10:0-2:0', 'Sunday': '10:0-0:0'}"
5gAbGJdr0uB8MyFdOAzClQ,Cactus Grill,1303 E University Blvd,Tucson,AZ,85719,32.2340093,-110.9568762,2.0,5,1,"{'RestaurantsGoodForGroups': 'True', 'BusinessAcceptsCreditCards': 'True', 'WiFi': ""'free'"", 'GoodForKids': 'True', 'RestaurantsDelivery': 'False', 'RestaurantsPriceRange2': '1', 'RestaurantsTakeOut': 'True', 'RestaurantsReservations': 'False', 'HasTV': 'True', 'Ambience': ""{'touristy': False, 'hipster': False, 'romantic': False, 'divey': False, 'intimate': False, 'trendy': False, 'upscale': False, 'classy': False, 'casual': False}"", 'BikeParking': 'True', 'RestaurantsAttire': ""'casual'""}","Food, Restaurants, American (Traditional)",
WLiqfxv_GhFFA5sm878a2w,Wei Asian Cafe,"9450 E Golf Links Rd, Ste 102",Tucson,AZ,85730,32.1903953,-110.7915138,4.0,109,1,"{'Alcohol': ""u'beer_and_wine'"", 'RestaurantsPriceRange2': '2', 'GoodForKids': 'True', 'WiFi': ""u'no'"", 'RestaurantsAttire': ""u'casual'"", 'BusinessAcceptsCreditCards': 'True', 'RestaurantsTakeOut': 'True', 'OutdoorSeating': 'False', 'HasTV': 'True', 'BusinessParking': ""{'garage': False, 'street': False, 'validated': False, 'lot': True, 'valet': False}"", 'RestaurantsDelivery': 'True', 'RestaurantsReservations': 'False', 'BikeParking': 'True', 'Caters': 'False', 'NoiseLevel': ""u'quiet'"", 'RestaurantsGoodForGroups': 'True', 'GoodForMeal': ""{'dessert': False, 'latenight': False, 'lunch': True, 'dinner': True, 'brunch': False, 'breakfast': False}"", 'Ambience': ""{u'divey': False, u'hipster': False, u'casual': True, u'touristy': False, u'trendy': False, u'intimate': None, u'romantic': False, u'classy': False, u'upscale': False}""}","Chinese, Restaurants","{'Monday': '11:0-21:0', 'Tuesday': '11:0-21:0', 'Wednesday': '11:0-21:0', 'Thursday': '11:0-21:0', 'Friday': '11:0-21:0', 'Saturday': '11:0-21:0', 'Sunday': '11:0-21:0'}"
8djU56gFS-71iMt48K5T7g,Tucson Police Department,1100 S Alvernon Way,Tucson,AZ,85711,32.213082,-110.91674,1.5,11,1,,"Police Departments, Public Services & Government",
WGvdMzEDcflI_SwHD384Wg,Finger Rock Trail,7180 N Alvernon Way,Tucson,AZ,85718,32.3363135867,-110.9099211686,5.0,11,1,"{'GoodForKids': 'True', 'BikeParking': 'False', 'BusinessParking': ""{'garage': False, 'street': False, 'validated': False, 'lot': True, 'valet': False}""}","Hiking, Active Life",
EqEcDeXqIq1YwnzHg_ZUFw,Frost Gelato,"7301 E Tanque Verde Rd, Ste 191",Tucson,AZ,85715,32.2512893,-110.8361532,4.5,243,1,"{'RestaurantsTakeOut': 'True', 'BusinessParking': ""{'garage': False, 'street': False, 'validated': False, 'lot': True, 'valet': False}"", 'Alcohol': ""'none'"", 'BusinessAcceptsCreditCards': 'True', 'BikeParking': 'True', 'OutdoorSeating': 'True', 'Caters': 'True', 'RestaurantsPriceRange2': '1', 'RestaurantsDelivery': 'True', 'WiFi': ""u'free'"", 'NoiseLevel': ""u'average'""}","Coffee & Tea, Desserts, Gelato, Food, Ice Cream & Frozen Yogurt","{'Monday': '11:0-22:0', 'Tuesday': '11:0-22:0', 'Wednesday': '11:0-22:0', 'Thursday': '11:0-22:0', 'Friday': '11:0-23:0', 'Saturday': '11:0-23:0', 'Sunday': '11:0-22:0'}"
Ke2pZwnR-C5ckAQmbTkyzg,Rocks and Ropes,"330 S Toole Ave, Ste 400",Tucson,AZ,85701,32.2176095,-110.9615609,4.5,53,1,"{'GoodForKids': 'True', 'BikeParking': 'True', 'ByAppointmentOnly': 'False', 'BusinessAcceptsCreditCards': 'True', 'WheelchairAccessible': 'True', 'DogsAllowed': 'False', 'BusinessParking': ""{'garage': False, 'street': False, 'validated': False, 'lot': True, 'valet': False}""}","Amateur Sports Teams, Climbing, Amusement Parks, Active Life, Summer Camps, Rock Climbing, Gyms, Fitness & Instruction, Yoga","{'Monday': '0:0-0:0', 'Tuesday': '6:0-22:0', 'Wednesday': '6:0-22:0', 'Thursday': '6:0-22:0', 'Friday': '6:0-17:0', 'Saturday': '9:30-19:0', 'Sunday': '9:30-19:0'}"
XJK4_FIg5kegPYVBPvYEXA,Barrio Design,"3121 N Swan, Ste 225",Tucson,AZ,85712,32.2215499878,-110.9697570801,3.5,5,1,,"Home Services, Landscape Architects, Contractors, Masonry/Concrete, Irrigation",
u059QnURN3LnLP0Mwg9TOA,Froyo Fresh,"8245 N Silverbell Rd, Ste 127",Tucson,AZ,85743,32.3561767,-111.1134317,3.5,11,1,"{'Caters': 'False', 'RestaurantsTakeOut': 'True', 'WiFi': ""u'free'"", 'BusinessAcceptsCreditCards': 'True', 'GoodForKids': 'True', 'BusinessParking': ""{'garage': False, 'street': False, 'validated': False, 'lot': False, 'valet': False}"", 'RestaurantsDelivery': 'True', 'BikeParking': 'True'}","Ice Cream & Frozen Yogurt, Food","{'Monday': '12:0-20:0', 'Tuesday': '12:0-20:0', 'Wednesday': '12:0-20:0', 'Thursday': '12:0-21:0', 'Friday': '12:0-21:0', 'Saturday': '12:0-21:0', 'Sunday': '12:0-20:0'}"
egDTVGLfZVWf8-rmFWmwrQ,Quality Plumbing Pros,,Tucson,AZ,85742,32.3920076,-111.0579632,5.0,17,1,"{'BusinessAcceptsCreditCards': 'True', 'ByAppointmentOnly': 'False'}","Home Services, Plumbing, Water Heater Installation/Repair, Water Purification Services","{'Monday': '0:0-0:0', 'Tuesday': '0:0-0:0', 'Wednesday': '0:0-0:0', 'Thursday': '0:0-0:0', 'Friday': '0:0-0:0', 'Saturday': '0:0-0:0', 'Sunday': '0:0-0:0'}"
XDZCIWK9cYZ4JW0fWBacGg,BRAKEmax,2240 N Silverbell Rd,Tucson,AZ,85745,32.2490279,-111.0121831,3.0,22,1,{'BusinessAcceptsCreditCards': 'True'},"Automotive, Tires, Oil Change Stations, Auto Repair","{'Monday': '0:0-0:0', 'Tuesday': '7:30-18:0', 'Wednesday': '7:30-18:0', 'Thursday': '7:30-18:0', 'Friday': '7:30-18:0', 'Saturday': '8:0-17:0'}"
wdFNDQbrjjcYVytJ6fmK7g,Sprint Store by Connectivity Source,"5960 W Arizona Pavillions Dr, Ste 110",Tucson,AZ,85743,32.3552818784,-111.0921798493,3.0,12,0,"{'RestaurantsPriceRange2': '3', 'BikeParking': 'True', 'BusinessAcceptsCreditCards': 'True', 'WheelchairAccessible': 'True'}","Electronics, Mobile Phones, Mobile Phone Accessories, Shopping","{'Monday': '0:0-0:0', 'Tuesday': '10:0-20:0', 'Wednesday': '10:0-20:0', 'Thursday': '10:0-20:0', 'Friday': '10:0-20:0', 'Saturday': '10:0-20:0', 'Sunday': '11:0-18:0'}"
AOnVgXVcNW3BDiWrOHc9tA,Cost Cutters,"9095 E Tanque Verde Rd Ste 171, Madera Village",Tucson,AZ,85749,32.259445,-110.798163,1.0,9,1,"{'GoodForKids': 'True', 'ByAppointmentOnly': 'False', 'BikeParking': 'True', 'BusinessParking': ""{'garage': False, 'street': False, 'validated': False, 'lot': False, 'valet': False}"", 'RestaurantsPriceRange2': '2', 'BusinessAcceptsCreditCards': 'True'}","Hair Salons, Hair Stylists, Beauty & Spas","{'Monday': '9:0-19:0', 'Tuesday': '9:0-19:0', 'Wednesday': '9:0-19:0', 'Thursday': '9:0-19:0', 'Friday': '9:0-19:0', 'Saturday': '9:0-18:0', 'Sunday': '11:0-17:0'}"
YOuhdHxVHt4hfM1GM2TeWg,Mojo Mechanical H&C,3540 E Hardy Dr,Tucson,AZ,85716,32.2667847,-110.9169708,4.0,8,1,,"Heating & Air Conditioning/HVAC, Home Services","{'Monday': '0:0-0:0', 'Tuesday': '0:0-0:0', 'Wednesday': '0:0-0:0', 'Thursday': '0:0-0:0', 'Friday': '0:0-0:0', 'Saturday': '0:0-0:0', 'Sunday': '0:0-0:0'}"
Eb_vVPGB9t4hLau4tzypEg,Villa Fresh Italian Kitchen,"5870 E Broadway Blvd, Spc 0540",Tucson,AZ,85711,32.218327,-110.865152,2.0,16,0,"{'GoodForMeal': ""{'dessert': False, 'latenight': False, 'lunch': False, 'dinner': False, 'brunch': False, 'breakfast': False}"", 'RestaurantsTakeOut': 'True', 'BusinessAcceptsCreditCards': 'True', 'RestaurantsDelivery': 'None', 'RestaurantsAttire': ""u'casual'"", 'RestaurantsGoodForGroups': 'True', 'OutdoorSeating': 'False', 'Caters': 'True', 'RestaurantsReservations': 'False', 'GoodForKids': 'True', 'RestaurantsPriceRange2': '1'}","Pizza, Restaurants, Italian",
I0053JmJ5DEFUWSJ8pikhA,Golden Corral Buffet & Grill,4380 E 22nd St,Tucson,AZ,85711,32.2065256,-110.8991584,2.5,84,1,"{'RestaurantsGoodForGroups': 'True', 'RestaurantsPriceRange2': '2', 'GoodForKids': 'True', 'RestaurantsAttire': ""u'casual'"", 'BusinessParking': ""{'garage': False, 'street': False, 'validated': False, 'lot': True, 'valet': False}"", 'BusinessAcceptsCreditCards': 'True', 'RestaurantsTakeOut': 'True', 'OutdoorSeating': 'False', 'WiFi': ""u'no'"", 'BikeParking': 'True', 'RestaurantsReservations': 'False', 'NoiseLevel': ""u'loud'"", 'HasTV': 'False', 'Alcohol': ""u'none'"", 'Ambience': ""{'romantic': False, 'intimate': False, 'touristy': False, 'hipster': False, 'divey': False, 'classy': False, 'trendy': False, 'upscale': False, 'casual': True}"", 'Caters': 'False', 'RestaurantsTableService': 'False', 'GoodForMeal': ""{'dessert': False, 'latenight': False, 'lunch': True, 'dinner': True, 'brunch': False, 'breakfast': False}"", 'DriveThru': 'True', 'HappyHour': 'False', 'RestaurantsDelivery': 'True'}","Buffets, Restaurants, American (New), American (Traditional)","{'Monday': '10:0-21:0', 'Tuesday': '10:0-21:0', 'Wednesday': '10:0-21:0', 'Thursday': '10:0-21:0', 'Friday': '10:0-21:0', 'Saturday': '7:30-21:0', 'Sunday': '7:30-21:0'}"
bEnKvED1qD5g7rNCXDJbtQ,"The Gathering Point Community Acupuncture, LLC",1927 E Grant Rd,Tucson,AZ,85719,32.250564,-110.943016,4.5,13,1,"{'ByAppointmentOnly': 'False', 'BusinessAcceptsCreditCards': 'True'}","Acupuncture, Health & Medical","{'Tuesday': '12:0-17:0', 'Wednesday': '9:0-13:0', 'Thursday': '9:0-13:0', 'Friday': '12:0-17:0', 'Saturday': '9:0-12:0'}"
4HCouYRe4_2UdLQuIE72Eg,Alterations by Tam,"4695 N Oracle Rd, Ste 111",Tucson,AZ,85705,32.2917277,-110.9792478,4.0,31,1,{'BusinessAcceptsCreditCards': 'False'},"Local Services, Sewing & Alterations","{'Monday': '8:30-18:0', 'Tuesday': '8:30-18:0', 'Wednesday': '8:30-18:0', 'Thursday': '8:30-18:0', 'Friday': '8:30-18:0', 'Saturday': '8:30-18:0'}"
1W3klGEWxUM78sOy6SO3jw,Brothers Carpet-Busters,7332 E 19th St,Tucson,AZ,85710,32.2091613,-110.835897,5.0,6,1,"{'BusinessAcceptsCreditCards': 'True', 'BusinessAcceptsBitcoin': 'False'}","Home Cleaning, Office Cleaning, Local Services, Professional Services, Air Duct Cleaning, Home Services, Carpet Cleaning","{'Monday': '8:0-18:0', 'Tuesday': '8:0-18:0', 'Wednesday': '8:0-18:0', 'Thursday': '8:0-18:0', 'Friday': '8:0-18:0'}"
sE_9-7feDAN7jtU0LeFq3A,Tobacco Barn,7310 S Nogales Hwy,Tucson,AZ,85756,32.1191367,-110.9613513,4.0,10,1,"{'RestaurantsPriceRange2': '1', 'BusinessParking': ""{'garage': False, 'street': False, 'validated': False, 'lot': False, 'valet': False}"", 'BusinessAcceptsCreditCards': 'True', 'BikeParking': 'False', 'ByAppointmentOnly': 'False'}","Vape Shops, Tobacco Shops, Shopping","{'Monday': '7:0-19:0', 'Tuesday': '7:0-19:0', 'Wednesday': '7:0-19:0', 'Thursday': '7:0-19:0', 'Friday': '7:0-20:0', 'Saturday': '7:0-19:0', 'Sunday': '8:0-18:0'}"
1xeDJerv3yWe9aeHE_3oXg,Contreras Gallery and Jewelry,110 E 6th St,Tucson,AZ,85716,32.2275437,-110.9697077,4.5,6,1,"{'RestaurantsPriceRange2': '3', 'WheelchairAccessible': 'False', 'WiFi': ""u'no'"", 'BusinessAcceptsCreditCards': 'True', 'ByAppointmentOnly': 'False', 'BikeParking': 'True', 'BusinessParking': ""{'garage': False, 'street': False, 'validated': False, 'lot': False, 'valet': False}""}","Jewelry, Art Galleries, Shopping, Arts & Entertainment","{'Wednesday': '10:0-15:30', 'Thursday': '10:0-15:30', 'Friday': '10:0-15:30', 'Saturday': '10:0-15:30'}"
GbJ-uCRqU_2EGUD3sZF9JA,Valley ENT,"395 N Silverbell Rd, Ste 201",Tucson,AZ,85745,32.2266987081,-110.9999422693,2.0,14,1,"{'ByAppointmentOnly': 'True', 'BusinessAcceptsCreditCards': 'True'}","Doctors, Health & Medical, Cosmetic Surgeons, Ear Nose & Throat, Medical Centers, Audiologist","{'Monday': '8:0-17:0', 'Tuesday': '8:0-17:0', 'Wednesday': '8:0-17:0', 'Thursday': '8:0-17:0', 'Friday': '8:0-17:0'}"
bkck675FsgpTWnnPWG8nTg,Players Pub,16024 N Oracle Rd,Tucson,AZ,85739,32.4969449,-110.9254696,4.0,10,1,"{'Alcohol': 'None', 'BusinessAcceptsCreditCards': 'True', 'RestaurantsPriceRange2': '1', 'OutdoorSeating': 'True', 'BikeParking': 'False', 'Ambience': ""{'romantic': False, 'intimate': False, 'touristy': False, 'hipster': False, 'divey': False, 'classy': False, 'trendy': False, 'upscale': False, 'casual': False}"", 'Music': ""{'dj': False, 'background_music': False, 'no_music': False, 'jukebox': True, 'live': False, 'video': False, 'karaoke': False}"", 'RestaurantsReservations': 'False', 'HasTV': 'True', 'WiFi': ""'free'"", 'RestaurantsGoodForGroups': 'True', 'BusinessParking': ""{'garage': False, 'street': False, 'validated': False, 'lot': True, 'valet': False}""}","Bars, Nightlife, Sports Bars","{'Monday': '10:0-2:0', 'Tuesday': '10:0-2:0', 'Wednesday': '10:0-2:0', 'Thursday': '10:0-2:0', 'Friday': '10:0-2:0', 'Saturday': '10:0-2:0', 'Sunday': '10:0-2:0'}"
1gA55OrRqilUot7NBBsd0Q,Lynch Brothers Tile & Grout Cleaning,601 S Turquoise Pl,Tucson,AZ,85710,32.2133911,-110.8351985,4.5,8,1,"{'ByAppointmentOnly': 'True', 'BusinessAcceptsCreditCards': 'False'}","Grout Services, Local Services, Home Cleaning, Flooring, Tiling, Carpet Cleaning, Home Services","{'Monday': '7:0-18:0', 'Tuesday': '7:0-18:0', 'Wednesday': '7:0-18:0', 'Thursday': '7:0-18:0', 'Friday': '7:0-18:0', 'Saturday': '7:0-18:0'}"
MldkmlfuX3eqPnC_o_GjIw,Tucson Orthopaedic Institute,"6320 N La Cholla, Ste 200",Tucson,AZ,85741,32.322036,-111.011432,2.0,9,1,{'ByAppointmentOnly': 'True'},"Health & Medical, Doctors, Orthopedists",
RGkyjpmYrnV3OnrpZp9AfA,Crossroads 6,4811 E Grant Rd,Tucson,AZ,85712,32.2517041,-110.8901599,3.5,28,0,{'GoodForKids': 'True'},"Arts & Entertainment, Cinema",
uqA2KDjulHpvls2UoJI26w,CVS Pharmacy,615 North Alvernon Way,Tucson,AZ,85711,32.2293413396,-110.9103361411,2.0,10,1,"{'BusinessParking': ""{'garage': False, 'street': False, 'validated': False, 'lot': True, 'valet': False}"", 'RestaurantsPriceRange2': '2', 'BusinessAcceptsCreditCards': 'True', 'RestaurantsTakeOut': 'False', 'WheelchairAccessible': 'True', 'RestaurantsDelivery': 'True', 'BikeParking': 'True', 'DriveThru': 'True'}","Health & Medical, Shopping, Convenience Stores, Drugstores, Pharmacy, Food","{'Monday': '7:0-22:0', 'Tuesday': '10:0-20:0', 'Wednesday': '7:0-22:0', 'Thursday': '7:0-22:0', 'Friday': '7:0-22:0', 'Saturday': '7:0-22:0', 'Sunday': '7:0-22:0'}"
TUCD-RBJ02xayvzMXRETqg,Miller's Surplus,1537 S Craycroft Rd,Tucson,AZ,85711,32.2031223,-110.8746351,3.0,8,0,"{'RestaurantsPriceRange2': '2', 'BusinessParking': ""{'garage': False, 'street': False, 'validated': False, 'lot': True, 'valet': False}"", 'BusinessAcceptsCreditCards': 'True', 'BikeParking': 'True'}","Outdoor Gear, Shopping, Sporting Goods",
GiCEmEwJ_q4IEjnLK_dAKg,Tucson Ear Nose & Throat,1358 W Orange Grove Rd,Tucson,AZ,85704,32.3237806,-110.9939273,2.0,49,1,"{'ByAppointmentOnly': 'True', 'AcceptsInsurance': 'True', 'BusinessAcceptsCreditCards': 'True'}","Doctors, Health & Medical, Ear Nose & Throat","{'Monday': '8:0-17:0', 'Tuesday': '9:0-17:0', 'Wednesday': '9:0-17:0', 'Thursday': '9:0-17:0', 'Friday': '9:0-17:0'}"
fgTOJRkc703E4XRdcr5zRA,Chatime - Bubble Tea Cafe,"1800 E Fort Lowell Rd, Ste 140",Tucson,AZ,85719,32.2641365,-110.9449355,3.5,182,1,"{'RestaurantsPriceRange2': '1', 'BusinessParking': ""{'garage': False, 'street': False, 'validated': False, 'lot': True, 'valet': False}"", 'WiFi': ""u'free'"", 'BusinessAcceptsCreditCards': 'True', 'BikeParking': 'False', 'BusinessAcceptsBitcoin': 'False', 'Alcohol': ""'none'"", 'GoodForMeal': ""{'dessert': True, 'latenight': False, 'lunch': False, 'dinner': False, 'brunch': False, 'breakfast': False}"", 'GoodForKids': 'True', 'ByAppointmentOnly': 'False', 'WheelchairAccessible': 'True', 'RestaurantsAttire': ""u'casual'"", 'Caters': 'False', 'RestaurantsGoodForGroups': 'True', 'NoiseLevel': ""u'average'"", 'RestaurantsTableService': 'False', 'Ambience': ""{'touristy': False, 'hipster': False, 'romantic': False, 'divey': False, 'intimate': False, 'trendy': False, 'upscale': False, 'classy': False, 'casual': True}"", 'RestaurantsTakeOut': 'True', 'HasTV': 'True', 'Corkage': 'False', 'OutdoorSeating': 'True', 'RestaurantsReservations': 'None', 'BYOB': 'False', 'DogsAllowed': 'True', 'RestaurantsDelivery': 'True'}","Cafes, Restaurants, Taiwanese, Desserts, Juice Bars & Smoothies, Coffee & Tea, Tea Rooms, Bubble Tea, Food","{'Monday': '12:0-21:0', 'Tuesday': '12:0-21:0', 'Wednesday': '12:0-21:0', 'Thursday': '12:0-21:0', 'Friday': '12:0-21:0', 'Saturday': '12:0-21:0', 'Sunday': '12:0-21:0'}"
-Ojne5eWCFPHS19OM78bQg,Park & Bark Mobile Grooming,,Tucson,AZ,85747,32.1114393,-110.7360863,3.0,37,1,{'ByAppointmentOnly': 'True'},"Pets, Pet Groomers, Pet Services","{'Monday': '7:0-19:0', 'Tuesday': '7:0-19:0', 'Wednesday': '7:0-19:0', 'Thursday': '7:0-19:0', 'Friday': '7:0-19:0', 'Saturday': '7:0-19:0', 'Sunday': '7:0-19:0'}"
XvzK4xzpVPq2Tj5gPv1LlA,Motel 6,960 S Freeway Rd,Tucson,AZ,85745,32.2103157,-110.9805149,2.0,20,0,"{'RestaurantsPriceRange2': '1', 'WiFi': ""u'paid'"", 'BusinessAcceptsCreditCards': 'True'}","Hotels & Travel, Event Planning & Services, Hotels",
n5-1AVcqXiThFojV-eQ_og,Dairy Queen,23 W Prince Rd,Tucson,AZ,85719,32.2717656,-110.9728961,2.5,19,1,"{'RestaurantsPriceRange2': '1', 'WiFi': ""u'no'"", 'BusinessAcceptsCreditCards': 'True', 'BikeParking': 'True', 'Caters': 'True', 'BusinessParking': ""{'garage': False, 'street': False, 'validated': False, 'lot': True, 'valet': False}"", 'DriveThru': 'True', 'RestaurantsTakeOut': 'True', 'RestaurantsDelivery': 'True', 'OutdoorSeating': 'True'}","Food, Ice Cream & Frozen Yogurt, Burgers, Restaurants, Fast Food",
AMN-OTW52_fViTt3vo3dTA,PetSmart,7727 E Broadway Blvd,Tucson,AZ,85710,32.2226033,-110.8263277,3.0,65,1,,"Pet Training, Pet Stores, Pets, Pet Services, Pet Groomers, Pet Sitting","{'Monday': '9:0-19:0', 'Tuesday': '9:0-19:0', 'Wednesday': '9:0-19:0', 'Thursday': '9:0-19:0', 'Friday': '9:0-19:0', 'Saturday': '9:0-19:0', 'Sunday': '10:0-19:0'}"
-DI-vf2wcsalEH1zuaHmyw,Roadrunner Hostel,346 E 12th St,Tucson,AZ,85701,32.2196947,-110.9641773,3.5,22,0,,"Hotels & Travel, Hostels",
K7fzwfVIKwljV3SVDdVRXw,Dave's Auto Repair,8250 E Bowline Rd,Tucson,AZ,85710,32.204557,-110.816277,2.0,8,1,{'BusinessAcceptsCreditCards': 'True'},"Automotive, Auto Repair",
txD3iYrslYxaoxrS0BaYWA,OneAZ Credit Union,1001 N Park Ave,Tucson,AZ,85719,32.2346212,-110.9571135,3.0,13,0,,"Financial Services, Banks & Credit Unions","{'Monday': '0:0-0:0', 'Tuesday': '9:0-17:0', 'Wednesday': '9:0-17:0', 'Thursday': '9:0-17:0', 'Friday': '9:0-18:0'}"
TOymebG3PW73IepwGqypHg,VIP Taxi,1101 W Prince Rd,Tucson,AZ,85705,32.2716392,-110.9906285,3.0,28,1,,"Transportation, Hotels & Travel, Taxis","{'Monday': '0:0-0:0', 'Tuesday': '0:0-0:0', 'Wednesday': '0:0-0:0', 'Thursday': '0:0-0:0', 'Friday': '0:0-0:0', 'Saturday': '0:0-0:0', 'Sunday': '0:0-0:0'}"
arp-UJ5f0kMN47oKuMak3w,Prestige Property Management,3205 E Grant Rd,Tucson,AZ,85716,32.250689,-110.9233973,1.5,33,1,"{'BusinessAcceptsCreditCards': 'False', 'ByAppointmentOnly': 'False'}","Home Services, Property Management, Real Estate","{'Monday': '9:0-17:0', 'Tuesday': '9:0-17:0', 'Wednesday': '9:0-17:0', 'Thursday': '9:0-17:0'}"
fmDLQmU0lYjzU9qx6k8qug,Safeway,9050 E Valencia Rd,Tucson,AZ,85747,32.1179095,-110.7989389,3.0,18,1,"{'BikeParking': 'True', 'BusinessAcceptsCreditCards': 'True', 'BusinessParking': ""{'garage': False, 'street': False, 'validated': False, 'lot': True, 'valet': False}"", 'RestaurantsPriceRange2': '2', 'Caters': 'True', 'RestaurantsTakeOut': 'True', 'RestaurantsDelivery': 'True'}","Grocery, Food","{'Monday': '0:0-0:0', 'Tuesday': '6:0-22:0', 'Wednesday': '6:0-22:0', 'Thursday': '6:0-22:0', 'Friday': '6:0-22:0', 'Saturday': '6:0-22:0', 'Sunday': '6:0-22:0'}"
MRu2_-_PmTu5AI8zoABi2g,Octopus Car Wash,6611 N Thornydale Rd,Tucson,AZ,85741,32.3272391,-111.0464754,2.0,102,1,{'BusinessAcceptsCreditCards': 'True'},"Automotive, Car Wash",
8RshwVwjfXj6MXDtO9qc4Q,Legacy the Salon Spa,"Mid-Valley Athletic Club, 140 S Tucson Blvd",Tucson,AZ,85716,32.220303,-110.9369899,5.0,8,0,"{'ByAppointmentOnly': 'True', 'BusinessAcceptsCreditCards': 'True', 'BusinessParking': ""{'garage': False, 'street': False, 'validated': False, 'lot': True, 'valet': False}"", 'RestaurantsPriceRange2': '2'}","Skin Care, Day Spas, Hair Salons, Beauty & Spas","{'Tuesday': '8:0-19:0', 'Wednesday': '8:0-19:0', 'Thursday': '8:0-19:0', 'Friday': '8:0-19:0', 'Saturday': '8:0-19:0'}"
ZvN_3pwsnMVQPvtCgl_kkg,Silverbell Dental Care,"1370 N Silverbell Rd, Ste 190",Tucson,AZ,85745,32.238994,-111.005249,4.0,16,1,"{'ByAppointmentOnly': 'True', 'AcceptsInsurance': 'True'}","Health & Medical, Endodontists, General Dentistry, Cosmetic Dentists, Dentists","{'Monday': '8:0-15:0', 'Tuesday': '7:0-18:0', 'Wednesday': '8:0-15:0', 'Thursday': '7:0-18:0', 'Friday': '8:0-15:0'}"
pIYV5rf6APmubs5F04xiqA,Candiiees Studio Natural Hair Salon,3067 N Campbell,Tucson,AZ,85719,32.262697,-110.944214,4.5,9,1,"{'WiFi': ""u'free'"", 'BusinessAcceptsCreditCards': 'False', 'WheelchairAccessible': 'False', 'ByAppointmentOnly': 'False', 'BusinessParking': ""{'garage': False, 'street': False, 'validated': False, 'lot': False, 'valet': False}"", 'BikeParking': 'True', 'HairSpecializesIn': ""{'straightperms': False, 'coloring': False, 'extensions': True, 'africanamerican': True, 'curly': True, 'kids': True, 'perms': False, 'asian': True}""}","Hair Stylists, Hair Salons, Hair Extensions, Eyebrow Services, Blow Dry/Out Services, Beauty & Spas, Eyelash Service","{'Tuesday': '8:30-16:30', 'Wednesday': '8:30-16:30', 'Thursday': '8:30-16:30', 'Friday': '8:30-16:30', 'Saturday': '9:0-16:0'}"
eqLgpNj0DnRpMj63IfGVeA,McDonald's,4960 W Ajo Hwy,Tucson,AZ,85757,32.171987,-111.071107,1.5,28,1,"{'RestaurantsGoodForGroups': 'True', 'GoodForKids': 'True', 'RestaurantsTakeOut': 'True', 'BusinessAcceptsCreditCards': 'True', 'RestaurantsPriceRange2': '1', 'OutdoorSeating': 'False', 'Ambience': ""{'romantic': False, 'intimate': False, 'classy': False, 'hipster': False, 'divey': False, 'touristy': False, 'trendy': False, 'upscale': False, 'casual': False}"", 'RestaurantsReservations': 'False', 'BikeParking': 'True', 'RestaurantsDelivery': 'True', 'RestaurantsAttire': ""'casual'"", 'DriveThru': 'True', 'BusinessParking': ""{u'valet': False, u'garage': False, u'street': False, u'lot': True, u'validated': False}"", 'WiFi': ""u'free'"", 'HasTV': 'True', 'Caters': 'False', 'Alcohol': ""'none'""}","Restaurants, Fast Food, Burgers, Food, Coffee & Tea","{'Monday': '5:0-0:0', 'Tuesday': '5:0-0:0', 'Wednesday': '5:0-0:0', 'Thursday': '5:0-0:0', 'Friday': '0:0-0:0', 'Saturday': '0:0-0:0', 'Sunday': '5:0-0:0'}"
QktYpHYLMm_HEUvcNNE6Fw,"Republic Services of Tucson, AZ",5055 S Swan Rd,Tucson,AZ,85706,32.160758371,-110.8916075528,1.5,96,1,{'BusinessAcceptsCreditCards': 'True'},"Home Services, Contractors, Local Services, Junk Removal & Hauling, Recycling Center","{'Monday': '8:0-17:0', 'Tuesday': '8:0-17:0', 'Wednesday': '8:0-17:0', 'Thursday': '8:0-17:0', 'Friday': '8:0-17:0', 'Saturday': '8:0-12:0'}"
Nz0AJVskEAlMVgF2HMhFRw,Sunrise Cafe,"6878 E Sunrise Dr, Ste 160",Tucson,AZ,85750,32.3074071,-110.8458819,3.0,62,0,"{'Alcohol': ""u'none'"", 'WiFi': ""u'no'"", 'RestaurantsReservations': 'False', 'BikeParking': 'True', 'Caters': 'False', 'RestaurantsAttire': ""u'casual'"", 'GoodForKids': 'True', 'RestaurantsGoodForGroups': 'True', 'BusinessAcceptsCreditCards': 'True', 'RestaurantsTakeOut': 'True', 'NoiseLevel': ""u'quiet'"", 'BusinessParking': ""{'garage': False, 'street': False, 'validated': False, 'lot': True, 'valet': False}"", 'RestaurantsPriceRange2': '2', 'OutdoorSeating': 'True', 'HasTV': 'True', 'RestaurantsDelivery': 'True', 'GoodForMeal': ""{'dessert': False, 'latenight': False, 'lunch': True, 'dinner': None, 'brunch': True, 'breakfast': True}"", 'Ambience': ""{'touristy': False, 'hipster': None, 'romantic': None, 'divey': False, 'intimate': None, 'trendy': False, 'upscale': False, 'classy': False, 'casual': True}""}","Restaurants, Food, Middle Eastern, Mediterranean, Greek, Coffee & Tea","{'Tuesday': '9:0-14:0', 'Wednesday': '9:0-14:0', 'Thursday': '9:0-14:0', 'Friday': '9:0-14:0', 'Saturday': '9:0-14:0'}"
GMsGB-hppzbYWyCYIM8xvA,Chopstix Asian Dining,8225 N Courtney Page Way,Tucson,AZ,85743,32.3565544,-111.0952546,4.5,50,0,"{'Caters': 'True', 'HasTV': 'True', 'NoiseLevel': ""u'average'"", 'BusinessAcceptsCreditCards': 'True', 'RestaurantsTakeOut': 'True', 'GoodForKids': 'True', 'RestaurantsDelivery': 'False', 'BusinessParking': ""{'garage': False, 'street': False, 'validated': False, 'lot': True, 'valet': False}"", 'RestaurantsReservations': 'True', 'Alcohol': ""u'full_bar'"", 'OutdoorSeating': 'True', 'WiFi': ""u'free'"", 'RestaurantsAttire': ""u'casual'"", 'RestaurantsGoodForGroups': 'True', 'BikeParking': 'True', 'Ambience': ""{'romantic': False, 'intimate': False, 'classy': False, 'hipster': False, 'divey': False, 'touristy': False, 'trendy': False, 'upscale': False, 'casual': True}"", 'HappyHour': 'True', 'BusinessAcceptsBitcoin': 'False', 'RestaurantsPriceRange2': '2'}","Thai, Bars, Chinese, Food, Pubs, Restaurants, Asian Fusion, Nightlife","{'Monday': '11:0-21:0', 'Tuesday': '11:0-21:0', 'Wednesday': '11:0-21:0', 'Thursday': '11:0-21:30', 'Friday': '11:0-21:30', 'Saturday': '11:0-21:30', 'Sunday': '11:0-21:0'}"
FyXNlwJC3T0p8tDCjvL6bQ,Groome Transportation,5350 E Speedway Blvd,Tucson,AZ,85712,32.2355799,-110.8781331,2.5,21,1,{'BusinessAcceptsCreditCards': 'True'},"Airport Shuttles, Limos, Couriers & Delivery Services, Local Services, Transportation, Hotels & Travel","{'Monday': '7:0-23:0', 'Tuesday': '7:0-23:0', 'Wednesday': '7:0-23:0', 'Thursday': '7:0-23:0', 'Friday': '7:0-23:0', 'Saturday': '7:0-23:0', 'Sunday': '7:0-23:0'}"
35KHrtM1ZYtyZs1b6J1K4A,Donut King,150 W Grant Rd,Tucson,AZ,85705,32.2506697,-110.973739,4.5,45,1,"{'RestaurantsPriceRange2': '1', 'BusinessAcceptsCreditCards': 'True', 'RestaurantsTakeOut': 'True', 'BusinessParking': ""{'garage': False, 'street': False, 'validated': False, 'lot': True, 'valet': False}"", 'BikeParking': 'False', 'Caters': 'False'}","Restaurants, Donuts, Food","{'Monday': '5:0-13:0', 'Tuesday': '5:0-13:0', 'Wednesday': '5:0-13:0', 'Thursday': '5:0-13:0', 'Friday': '5:0-13:0', 'Saturday': '5:0-13:0', 'Sunday': '6:0-13:0'}"
slgQHiqjEpqs-ldAbHit3Q,Roberts Jewelers,7304 E Broadway Blvd,Tucson,AZ,85710,32.2207133,-110.836574,4.0,8,0,"{'ByAppointmentOnly': 'False', 'BikeParking': 'True', 'BusinessAcceptsCreditCards': 'True', 'BusinessParking': 'None', 'RestaurantsPriceRange2': '2'}","Jewelry, Pawn Shops, Shopping","{'Monday': '0:0-0:0', 'Tuesday': '10:0-17:0', 'Wednesday': '10:0-17:0', 'Thursday': '10:0-17:0', 'Friday': '10:0-17:0'}"
IHd8_cnLZe5oILE_oKy-5g,Gary Ray's Texas BBQ,5400 S Old Spanish Trl,Tucson,AZ,85747,32.1518225651,-110.7350504771,2.5,23,0,"{'HasTV': 'True', 'RestaurantsAttire': ""'casual'"", 'Alcohol': ""'full_bar'"", 'DriveThru': 'False', 'RestaurantsTableService': 'True', 'RestaurantsReservations': 'True', 'BusinessAcceptsCreditCards': 'True', 'RestaurantsPriceRange2': '2', 'Ambience': ""{'romantic': False, 'intimate': False, 'classy': False, 'hipster': False, 'divey': False, 'touristy': False, 'trendy': False, 'upscale': False, 'casual': False}"", 'OutdoorSeating': 'True', 'RestaurantsGoodForGroups': 'True', 'RestaurantsDelivery': 'False', 'RestaurantsTakeOut': 'True', 'GoodForKids': 'True', 'Caters': 'True', 'GoodForMeal': ""{'dessert': False, 'latenight': False, 'lunch': False, 'dinner': False, 'brunch': False, 'breakfast': False}"", 'WiFi': ""'no'"", 'BikeParking': 'True', 'BusinessParking': ""{'garage': False, 'street': False, 'validated': False, 'lot': True, 'valet': False}"", 'NoiseLevel': ""u'very_loud'""}","Restaurants, Food, Barbeque, Burgers","{'Thursday': '16:0-20:0', 'Friday': '12:0-20:0', 'Saturday': '12:0-20:0', 'Sunday': '12:0-20:0'}"
Wj3G4TbrxeBsiG649_me2g,Ironwood Dental,1607 W Ina Rd,Tucson,AZ,85704,32.336426978,-110.9997006728,4.5,12,1,"{'WiFi': ""u'free'"", 'BusinessAcceptsCreditCards': 'True', 'ByAppointmentOnly': 'False', 'AcceptsInsurance': 'True'}","Health & Medical, Pediatric Dentists, General Dentistry, Dentists","{'Monday': '9:0-17:0', 'Tuesday': '8:0-17:0', 'Wednesday': '8:0-17:0', 'Thursday': '8:0-17:0', 'Friday': '8:0-16:0'}"
zKf8mDlViSH9TC0DI5d1Sg,Marksman Pistol Institute,5051 E 29th St,Tucson,AZ,85711,32.2000378,-110.8854428,3.0,63,1,"{'GoodForKids': 'False', 'BusinessAcceptsCreditCards': 'True', 'BikeParking': 'False', 'BusinessParking': ""{'garage': False, 'street': False, 'validated': False, 'lot': False, 'valet': False}"", 'ByAppointmentOnly': 'False'}","Active Life, Gun/Rifle Ranges",
i9yd8EPVhzeV9LvQ0xHaHA,AutoZone Auto Parts,2023 S 6th Ave,Tucson,AZ,85713,32.1982609,-110.967941,3.5,6,1,,"Auto Parts & Supplies, Automotive","{'Monday': '7:0-22:0', 'Tuesday': '7:0-22:0', 'Wednesday': '7:0-22:0', 'Thursday': '7:0-22:0', 'Friday': '7:0-22:0', 'Saturday': '7:0-22:0', 'Sunday': '8:0-21:0'}"
gnEyjxoBYQcP9Bz72C95YA,Maloney's,213 North 4th Ave,Tucson,AZ,85705,32.2265233298,-110.9658273239,2.0,86,1,"{'RestaurantsAttire': ""'casual'"", 'RestaurantsGoodForGroups': 'True', 'Ambience': ""{'romantic': False, 'intimate': False, 'classy': False, 'hipster': False, 'divey': False, 'touristy': False, 'trendy': False, 'upscale': False, 'casual': False}"", 'RestaurantsReservations': 'False', 'GoodForKids': 'False', 'Alcohol': ""u'full_bar'"", 'NoiseLevel': ""u'very_loud'"", 'RestaurantsTakeOut': 'False', 'BusinessAcceptsCreditCards': 'True', 'OutdoorSeating': 'True', 'RestaurantsPriceRange2': '1', 'RestaurantsDelivery': 'False', 'GoodForMeal': ""{'dessert': False, 'latenight': True, 'lunch': False, 'dinner': False, 'brunch': False, 'breakfast': False}"", 'HasTV': 'True', 'WiFi': ""'no'"", 'BusinessParking': ""{'garage': False, 'street': False, 'validated': False, 'lot': True, 'valet': False}"", 'BikeParking': 'True', 'Caters': 'False'}","Nightlife, Restaurants, Diners, Bars, Local Flavor, Food","{'Monday': '16:0-2:0', 'Tuesday': '16:0-2:0', 'Wednesday': '16:0-2:0', 'Thursday': '16:0-2:0', 'Friday': '16:0-2:0', 'Saturday': '12:0-2:0', 'Sunday': '11:0-2:0'}"
KJK4cCS1Toi7qzpOxcvhFg,La Encantada,2905 E Skyline Dr,Tucson,AZ,85718,32.3247425,-110.9299968,4.0,88,1,"{'RestaurantsPriceRange2': '3', 'BusinessAcceptsCreditCards': 'True', 'BikeParking': 'True', 'WheelchairAccessible': 'True', 'BusinessParking': ""{'garage': False, 'street': False, 'validated': False, 'lot': True, 'valet': True}"", 'RestaurantsDelivery': 'False', 'RestaurantsTakeOut': 'True', 'DogsAllowed': 'True'}","Shopping Centers, Shopping","{'Monday': '10:0-19:0', 'Tuesday': '10:0-18:0', 'Wednesday': '10:0-18:0', 'Thursday': '9:0-21:0', 'Friday': '10:0-20:0', 'Saturday': '10:0-20:0', 'Sunday': '11:0-18:0'}"
Ra8od8K10JLzvBcPBAFM4Q,DeGrazia Gallery in the Sun Museum,6300 N Swan Rd,Tucson,AZ,85718,32.321871,-110.891772,4.5,53,1,"{'BusinessAcceptsCreditCards': 'True', 'RestaurantsPriceRange2': '1', 'GoodForKids': 'True', 'ByAppointmentOnly': 'False', 'BikeParking': 'True', 'DogsAllowed': 'True', 'BusinessParking': ""{'garage': False, 'street': False, 'validated': False, 'lot': True, 'valet': False}""}","Art Galleries, Shopping, Museums, Art Museums, Arts & Entertainment","{'Monday': '10:0-16:0', 'Tuesday': '10:0-16:0', 'Wednesday': '10:0-16:0', 'Thursday': '10:0-16:0', 'Friday': '10:0-16:0', 'Saturday': '10:0-16:0', 'Sunday': '10:0-16:0'}"
LouKUKYCrza_5CIdpdfv5A,Scs Tile,840 E Fort Lowell Rd,Tucson,AZ,85719,32.2644265,-110.9584407,3.5,28,1,"{'BusinessAcceptsCreditCards': 'True', 'ByAppointmentOnly': 'False'}","Carpeting, Home Services, Flooring, Building Supplies","{'Monday': '8:0-17:0', 'Tuesday': '8:0-17:0', 'Wednesday': '8:0-17:0', 'Thursday': '8:0-17:0', 'Friday': '8:0-17:0', 'Saturday': '8:0-17:0', 'Sunday': '12:0-15:0'}"
oFs1TqWW71EM4SKMxSienQ,Glockmeister,3305 N Swan Rd,Tucson,AZ,85712,32.2668433531,-110.8945650114,4.5,7,0,"{'RestaurantsPriceRange2': '2', 'BusinessParking': ""{'garage': False, 'street': False, 'validated': False, 'lot': False, 'valet': False}"", 'WheelchairAccessible': 'True', 'BikeParking': 'True', 'BusinessAcceptsCreditCards': 'True'}","Shopping, Guns & Ammo, Education, Specialty Schools, Firearm Training","{'Monday': '0:0-0:0', 'Tuesday': '10:0-18:0', 'Wednesday': '10:0-18:0', 'Thursday': '10:0-18:0', 'Friday': '10:0-18:0', 'Saturday': '10:0-16:0'}"
KFfmCw3ODnR_plV8lj_O4w,Session Yoga,123 S Eastbourne Ave,Tucson,AZ,85716,32.221215,-110.927593,4.5,66,1,"{'GoodForKids': 'False', 'RestaurantsPriceRange2': '2', 'BikeParking': 'True', 'BusinessParking': ""{'garage': False, 'street': True, 'validated': False, 'lot': True, 'valet': False}"", 'ByAppointmentOnly': 'False', 'BusinessAcceptsCreditCards': 'True'}","Health & Medical, Yoga, Beauty & Spas, Active Life, Fitness & Instruction","{'Monday': '16:30-20:30', 'Tuesday': '16:30-20:30', 'Wednesday': '16:30-20:30', 'Thursday': '16:30-20:30', 'Friday': '16:30-17:30', 'Saturday': '12:0-13:0', 'Sunday': '18:0-19:0'}"
mnSjba8ib9N2WxChYyUc3w,A Lasting Touch Salon,"5350 E Broadway Blvd, Ste 162",Tucson,AZ,85711,32.2208895,-110.8779701,4.0,10,1,"{'RestaurantsPriceRange2': '2', 'ByAppointmentOnly': 'True', 'WiFi': ""u'free'"", 'BusinessAcceptsCreditCards': 'True', 'BikeParking': 'True', 'BusinessParking': 'None', 'WheelchairAccessible': 'True'}","Skin Care, Day Spas, Nail Salons, Beauty & Spas, Health & Medical, Massage Therapy, Eyelash Service, Permanent Makeup","{'Monday': '9:0-17:0', 'Tuesday': '9:0-18:0', 'Wednesday': '9:0-18:0', 'Thursday': '9:0-18:0', 'Friday': '9:0-18:0', 'Saturday': '9:0-18:0'}"
wBT9bd-SPICuYl6DdB3wSQ,Pat's Auto Repair,"3530 N Oracle Rd, Ste 100",Tucson,AZ,85705,32.2703298,-110.9771619,4.5,6,1,{'BusinessAcceptsCreditCards': 'True'},"Automotive, Auto Repair",
eo-wP1VMVqsSFoDPeRmGuQ,Signarama,905 West Prince Rd,Tucson,AZ,85705,32.271484,-110.9873608,3.0,5,1,,"Graphic Design, Printing Services, Signmaking, Professional Services, Local Services","{'Monday': '8:30-17:30', 'Tuesday': '8:30-17:30', 'Wednesday': '8:30-17:30', 'Thursday': '8:30-17:30', 'Friday': '8:30-17:30', 'Saturday': '10:30-14:30'}"
SMk29vRP6SjATOXZtFnwYw,Z Salon & Boutique,"1800 E Ft Lowell Rd, Ste 148",Tucson,AZ,85719,32.2641365,-110.9449355,5.0,8,1,"{'BusinessParking': ""{'garage': False, 'street': False, 'validated': False, 'lot': True, 'valet': False}"", 'BusinessAcceptsCreditCards': 'True', 'RestaurantsPriceRange2': '2', 'ByAppointmentOnly': 'True', 'BikeParking': 'False'}","Hair Salons, Beauty & Spas","{'Monday': '11:0-17:0', 'Tuesday': '11:0-17:0', 'Wednesday': '11:0-17:0', 'Thursday': '11:0-17:0', 'Friday': '11:0-17:0', 'Saturday': '10:0-17:0'}"
ekRKDe4i3zYPPsOlpjyd_Q,Goodwill Outlet Store and Donation Center,1830 E Irvington Rd,Tucson,AZ,85714,32.1617832,-110.9444323,3.0,8,1,"{'BusinessParking': ""{'garage': False, 'street': False, 'validated': False, 'lot': True, 'valet': False}"", 'BusinessAcceptsCreditCards': 'True', 'WheelchairAccessible': 'True', 'RestaurantsPriceRange2': '1'}","Used, Vintage & Consignment, Thrift Stores, Local Services, Community Service/Non-Profit, Donation Center, Accessories, Outlet Stores, Shopping, Fashion","{'Monday': '0:0-0:0', 'Tuesday': '9:0-19:0', 'Wednesday': '9:0-19:0', 'Thursday': '9:0-19:0', 'Friday': '9:0-19:0', 'Saturday': '9:0-19:0', 'Sunday': '9:0-19:0'}"
0-evjpRKnht75t9J3NE8Zw,Jet Rock Bar and Grill,7250 Tucson Blvd,Tucson,AZ,85756,32.12028,-110.937725,2.0,11,0,"{'RestaurantsDelivery': 'False', 'HasTV': 'True', 'RestaurantsReservations': 'False', 'RestaurantsPriceRange2': '2', 'RestaurantsTakeOut': 'True', 'RestaurantsAttire': ""'casual'"", 'BusinessAcceptsCreditCards': 'True', 'Ambience': ""{'romantic': False, 'intimate': False, 'touristy': False, 'hipster': False, 'divey': False, 'classy': False, 'trendy': False, 'upscale': False, 'casual': False}"", 'NoiseLevel': ""u'average'"", 'GoodForKids': 'False', 'RestaurantsGoodForGroups': 'True', 'Alcohol': ""'full_bar'"", 'Caters': 'False', 'WiFi': ""'no'"", 'OutdoorSeating': 'False', 'BusinessParking': ""{'garage': False, 'street': False, 'validated': False, 'lot': False, 'valet': False}"", 'BikeParking': 'False'}","American (New), Restaurants",
thAwvjCr5Kke4-p56AWNQg,Bear Down Kitchen,"565 N Cherry Ave, Ste 440",Tucson,AZ,85721,32.2293676,-110.9482284,3.0,7,1,"{'RestaurantsDelivery': 'False', 'GoodForKids': 'True', 'BusinessAcceptsCreditCards': 'True', 'RestaurantsReservations': 'True'}","Restaurants, Buffets, Breakfast & Brunch","{'Monday': '7:0-14:0', 'Tuesday': '7:0-14:0', 'Wednesday': '7:0-14:0', 'Thursday': '7:0-14:0', 'Friday': '7:0-14:0'}"
rnzHrYDKmxUhSeqOpFwQBA,Blue Ribbon A Brick Paver Specialist,5125 E Burns St,Tucson,AZ,85711,32.2247829,-110.8827898,3.0,9,1,{'BusinessAcceptsCreditCards': 'False'},"Home Services, Contractors",
sDtIjlmqRCEq4TWGlqTqjA,Johnny Rockets,"825 E University Blvd, Ste 121",Tucson,AZ,85719,32.2319789,-110.9590517,2.5,14,0,"{'RestaurantsDelivery': 'False', 'BusinessAcceptsCreditCards': 'True', 'BusinessParking': ""{'garage': False, 'street': True, 'validated': False, 'lot': False, 'valet': False}"", 'RestaurantsTakeOut': 'True', 'RestaurantsAttire': ""'casual'"", 'GoodForKids': 'True', 'Alcohol': ""u'none'"", 'OutdoorSeating': 'True', 'RestaurantsGoodForGroups': 'False', 'HasTV': 'False', 'RestaurantsPriceRange2': '1', 'NoiseLevel': ""u'very_loud'""}","American (Traditional), Burgers, Restaurants",
37Msc8eiBXaG-8OBzEiqnw,Cost Cutters,"6890 E Sunrise Dr, Ste 110, Ventana Village",Tucson,AZ,85750,32.306776,-110.845573,2.5,13,1,"{'BusinessAcceptsCreditCards': 'True', 'GoodForKids': 'True', 'ByAppointmentOnly': 'False', 'RestaurantsPriceRange2': '2', 'BusinessParking': ""{'garage': False, 'street': False, 'validated': False, 'lot': False, 'valet': False}""}","Beauty & Spas, Hair Stylists, Hair Salons","{'Monday': '9:0-19:0', 'Tuesday': '9:0-19:0', 'Wednesday': '9:0-19:0', 'Thursday': '9:0-19:0', 'Friday': '9:0-19:0', 'Saturday': '9:0-18:0', 'Sunday': '11:0-17:0'}"
-D_InZvA0lq497RtoNxofw,Mr Baja Fish,4579 S 12th Ave,Tucson,AZ,85714,32.1680084,-110.9771731,4.5,9,0,"{'WheelchairAccessible': 'True', 'GoodForMeal': ""{'dessert': False, 'latenight': False, 'lunch': False, 'dinner': False, 'brunch': False, 'breakfast': False}"", 'BusinessAcceptsCreditCards': 'True', 'RestaurantsTakeOut': 'True', 'BikeParking': 'True', 'RestaurantsTableService': 'True', 'RestaurantsDelivery': 'True', 'RestaurantsReservations': 'True', 'Alcohol': ""u'full_bar'"", 'WiFi': ""u'free'"", 'Ambience': ""{'touristy': False, 'hipster': False, 'romantic': False, 'divey': False, 'intimate': False, 'trendy': False, 'upscale': False, 'classy': False, 'casual': False}"", 'RestaurantsGoodForGroups': 'True', 'OutdoorSeating': 'False', 'RestaurantsPriceRange2': '1', 'Caters': 'True', 'BusinessParking': ""{'garage': False, 'street': False, 'validated': True, 'lot': True, 'valet': False}"", 'HasTV': 'True', 'GoodForKids': 'True', 'RestaurantsAttire': ""'casual'""}","Seafood, Restaurants, Mexican","{'Monday': '10:0-22:0', 'Tuesday': '10:0-22:0', 'Wednesday': '10:0-22:0', 'Thursday': '10:0-22:0', 'Friday': '10:0-22:0', 'Saturday': '10:0-22:0', 'Sunday': '10:0-22:0'}"
izjov9AY-0Hmt7v4jnqdEA,All Makes & Models Auto Repair,1305 E Benson Hwy,Tucson,AZ,85714,32.1774906,-110.9514785,4.0,8,1,{'BusinessAcceptsCreditCards': 'True'},"Automotive, Towing, Tires, Auto Repair","{'Monday': '8:30-17:0', 'Tuesday': '8:30-17:0', 'Wednesday': '8:30-17:0', 'Thursday': '8:30-17:0', 'Friday': '8:30-17:0', 'Saturday': '8:30-14:0'}"
qoJH8TCkmXor8BXOcgD5zQ,Chicago Bar,5954 E Speedway Blvd,Tucson,AZ,85712,32.2357913,-110.8652107,4.0,29,1,"{'RestaurantsPriceRange2': '1', 'NoiseLevel': ""'average'"", 'RestaurantsGoodForGroups': 'True', 'OutdoorSeating': 'True', 'BusinessParking': ""{'garage': False, 'street': True, 'validated': False, 'lot': True, 'valet': False}"", 'Alcohol': ""u'full_bar'"", 'Music': ""{'dj': False, 'background_music': False, 'no_music': False, 'jukebox': False, 'live': True, 'video': False, 'karaoke': False}"", 'HasTV': 'True', 'WiFi': ""u'free'"", 'BusinessAcceptsCreditCards': 'True', 'RestaurantsReservations': 'False', 'HappyHour': 'False', 'Ambience': ""{'touristy': None, 'hipster': False, 'romantic': False, 'divey': True, 'intimate': None, 'trendy': None, 'upscale': False, 'classy': False, 'casual': None}"", 'CoatCheck': 'False', 'BYOB': 'False', 'BikeParking': 'True', 'Smoking': ""u'outdoor'"", 'WheelchairAccessible': 'True'}","Nightlife, Bars, Dive Bars, Jazz & Blues, Music Venues, Cocktail Bars, Karaoke, Arts & Entertainment","{'Monday': '12:0-22:0', 'Wednesday': '12:0-22:0', 'Thursday': '12:0-0:0', 'Friday': '12:0-2:0', 'Saturday': '12:0-2:0', 'Sunday': '12:0-22:0'}"
9oQ0ePOsQffsKeRZEQ0cPQ,Quality Inn Airport,2803 E Valencia Rd,Tucson,AZ,85706,32.1345259,-110.9295651,2.0,31,1,"{'RestaurantsPriceRange2': '2', 'BusinessAcceptsCreditCards': 'True', 'WiFi': ""'free'""}","Hotels & Travel, Event Planning & Services, Hotels","{'Monday': '0:0-0:0', 'Tuesday': '0:0-0:0', 'Wednesday': '0:0-0:0', 'Thursday': '0:0-0:0', 'Friday': '0:0-0:0', 'Saturday': '0:0-0:0', 'Sunday': '0:0-0:0'}"
w5DsFKVqKcKXm509vjinqw,Jerry Bobs,"2040 W River Rd, Ste 160",Tucson,AZ,85704,32.3070289,-111.011438,2.5,37,1,"{'RestaurantsAttire': ""u'casual'"", 'Alcohol': ""u'none'"", 'Caters': 'False', 'GoodForKids': 'True', 'BikeParking': 'True', 'RestaurantsTakeOut': 'True', 'NoiseLevel': ""u'average'"", 'RestaurantsDelivery': 'False', 'RestaurantsGoodForGroups': 'True', 'BusinessAcceptsCreditCards': 'True', 'RestaurantsPriceRange2': '1', 'RestaurantsReservations': 'False', 'WiFi': ""'paid'"", 'GoodForMeal': ""{'dessert': False, 'latenight': False, 'lunch': False, 'dinner': False, 'brunch': True, 'breakfast': True}"", 'OutdoorSeating': 'False', 'HasTV': 'True', 'BusinessParking': ""{'garage': None, 'street': False, 'validated': None, 'lot': None, 'valet': False}"", 'Ambience': ""{'touristy': None, 'hipster': None, 'romantic': None, 'divey': False, 'intimate': None, 'trendy': None, 'upscale': None, 'classy': None, 'casual': None}""}","Restaurants, American (New)","{'Monday': '6:0-14:0', 'Tuesday': '6:0-14:0', 'Wednesday': '6:0-14:0', 'Thursday': '6:0-14:0', 'Friday': '6:0-14:0', 'Saturday': '6:0-14:0', 'Sunday': '6:0-14:0'}"
A9gL4HAH3sDTebQ1MSMjJw,Jackie's K9 Korral Pet Salon,6520 E 22nd St,Tucson,AZ,85710,32.2060802,-110.8527389,4.5,29,1,,"Pet Services, Pets, Pet Groomers","{'Tuesday': '8:0-18:0', 'Wednesday': '8:0-18:0', 'Thursday': '8:0-18:0', 'Friday': '8:0-18:0', 'Saturday': '8:0-18:0'}"
qihXOYNjQkAHov0FEWNLJg,Bashful Bandit,3686 E Speedway Blvd,Tucson,AZ,85716,32.2358784,-110.9135248,4.0,17,0,"{'BusinessAcceptsCreditCards': 'True', 'NoiseLevel': ""u'very_loud'"", 'OutdoorSeating': 'False', 'Alcohol': ""u'full_bar'"", 'Ambience': ""{'romantic': False, 'intimate': False, 'touristy': False, 'hipster': False, 'divey': False, 'classy': False, 'trendy': False, 'upscale': False, 'casual': False}"", 'BusinessParking': ""{'garage': False, 'street': False, 'validated': False, 'lot': False, 'valet': False}"", 'RestaurantsGoodForGroups': 'True', 'RestaurantsPriceRange2': '1', 'Music': ""{'dj': False, 'background_music': False, 'no_music': False, 'jukebox': False, 'live': True, 'video': False, 'karaoke': False}"", 'RestaurantsReservations': 'False', 'HasTV': 'True'}","Nightlife, Bars",
K9-6BYER3XK5eANRtaiyYg,Centennial Hall,1020 E University Blvd,Tucson,AZ,85701,32.2312392,-110.9553994,3.5,55,1,{'GoodForKids': 'True'},"Colleges & Universities, Performing Arts, Arts & Entertainment, Education",
hQcAPRwuYFPAbhbpeNPEgA,Apple Farm Diner and Bakery,4520 N Stone Ave,Tucson,AZ,85705,32.2868288,-110.9695187,2.5,5,0,"{'OutdoorSeating': 'True', 'NoiseLevel': ""u'average'"", 'RestaurantsPriceRange2': '2', 'RestaurantsGoodForGroups': 'True', 'BusinessAcceptsCreditCards': 'True', 'GoodForKids': 'True', 'Ambience': ""{'romantic': False, 'intimate': False, 'touristy': False, 'hipster': False, 'divey': False, 'classy': False, 'trendy': False, 'upscale': False, 'casual': False}"", 'Caters': 'False', 'RestaurantsAttire': ""u'casual'"", 'RestaurantsReservations': 'False', 'Alcohol': ""u'none'"", 'HasTV': 'False', 'BusinessParking': ""{'garage': False, 'street': False, 'validated': False, 'lot': False, 'valet': False}"", 'RestaurantsDelivery': 'False'}","Bakeries, American (Traditional), Food, Restaurants",
vmQSsMfDadNYRRgJvkDMfQ,Sunsets Painting,9030 W Delfina Dr,Tucson,AZ,85735,32.1873252,-111.1570952,5.0,9,1,{'BusinessAcceptsCreditCards': 'True'},"Home Services, Painters, Drywall Installation & Repair","{'Monday': '8:0-18:0', 'Tuesday': '8:0-18:0', 'Wednesday': '8:0-18:0', 'Thursday': '8:0-18:0', 'Friday': '8:0-18:0', 'Saturday': '8:0-18:0', 'Sunday': '8:0-18:0'}"
fxv1yDFmkgwkeFs-O7R5HQ,Savor Food & Wine Festival,2150 N Alvernon Way,Tucson,AZ,85712,32.248523,-110.908785,4.5,28,0,{'GoodForKids': 'False'},"Arts & Entertainment, Festivals, Local Flavor",{'Saturday': '11:0-15:0'}
kFa6yxVrrBbh6oKJxVwPOg,Southwest Gas Corporation,3401 E Gas Rd,Tucson,AZ,85714,32.1675795695,-110.9185873829,1.5,28,1,{'BusinessAcceptsCreditCards': 'True'},"Home Services, Utilities",
6ruENVuSJ9z4CaQQGuvsPg,Guitar Center,"3830 W River Rd, Ste 110",Tucson,AZ,85741,32.3212175,-111.0435258,4.0,11,1,"{'BusinessParking': ""{'garage': False, 'street': False, 'validated': False, 'lot': False, 'valet': False}"", 'BusinessAcceptsCreditCards': 'True', 'RestaurantsTakeOut': 'True', 'RestaurantsDelivery': 'False', 'ByAppointmentOnly': 'False'}","Shopping, Musical Instrument Services, Books, Mags, Music & Video, Guitar Stores, Music & DVDs, Local Services, Musical Instruments & Teachers","{'Monday': '0:0-0:0', 'Tuesday': '9:0-22:0', 'Wednesday': '9:0-22:0', 'Thursday': '9:0-22:0', 'Friday': '10:0-18:0', 'Saturday': '11:0-19:0', 'Sunday': '10:0-19:0'}"
4sH06vFAxbmp1HkSUsmJWg,Travelodge by Wyndham Tucson AZ,1000 South Freeway,Tucson,AZ,85745,32.2093519,-110.9807012,1.5,15,1,"{'WiFi': ""u'free'"", 'RestaurantsPriceRange2': '1', 'BusinessAcceptsCreditCards': 'True'}","Hotels & Travel, Event Planning & Services, Hotels",
nNyXIv9FbnVBuPu78Lt9DA,Edible Arrangements,6176 East Speedway Blvd,Tucson,AZ,85712,32.2352189,-110.8604715,4.0,17,1,"{'RestaurantsDelivery': 'True', 'BusinessAcceptsCreditCards': 'True', 'RestaurantsPriceRange2': '3'}","Shopping, Flowers & Gifts, Food, Gift Shops, Chocolatiers & Shops, Specialty Food, Florists","{'Monday': '9:0-17:0', 'Tuesday': '9:0-17:0', 'Wednesday': '9:0-17:0', 'Thursday': '9:0-17:0', 'Friday': '9:0-17:0', 'Saturday': '9:0-17:0'}"
vdCQoE2il097-vc_gIQzYw,Bruegger's Bagels,1 West Congress Street,Tucson,AZ,85701,32.2220281,-110.9714627266,3.5,45,1,"{'RestaurantsReservations': 'False', 'BusinessAcceptsCreditCards': 'True', 'RestaurantsPriceRange2': '1', 'BikeParking': 'True', 'NoiseLevel': ""u'average'"", 'RestaurantsAttire': ""u'casual'"", 'Alcohol': ""u'none'"", 'OutdoorSeating': 'False', 'GoodForKids': 'True', 'Caters': 'True', 'WiFi': ""u'free'"", 'Ambience': ""{'romantic': False, 'intimate': False, 'classy': False, 'hipster': False, 'divey': False, 'touristy': False, 'trendy': False, 'upscale': False, 'casual': True}"", 'RestaurantsTakeOut': 'True', 'HasTV': 'True', 'GoodForMeal': ""{'dessert': False, 'latenight': False, 'lunch': False, 'dinner': False, 'brunch': True, 'breakfast': True}"", 'RestaurantsDelivery': 'True', 'BusinessParking': ""{'garage': None, 'street': True, 'validated': False, 'lot': False, 'valet': False}"", 'RestaurantsGoodForGroups': 'True', 'AgesAllowed': ""u'allages'""}","Food, Bagels, Restaurants, Sandwiches, Breakfast & Brunch","{'Monday': '5:30-17:0', 'Tuesday': '5:30-17:0', 'Wednesday': '5:30-17:0', 'Thursday': '5:30-17:0', 'Friday': '5:30-17:0', 'Saturday': '7:0-17:0', 'Sunday': '7:0-17:0'}"
3p60SCbWgBMCw7UcREExMw,El Pollo Loco,4755 S Landing Way,Tucson,AZ,85714,32.164434,-110.986674,4.0,12,1,"{'RestaurantsDelivery': 'True', 'DriveThru': 'True', 'RestaurantsTakeOut': 'True'}","Restaurants, Mexican, Fast Food","{'Monday': '0:0-0:0', 'Tuesday': '10:0-23:0', 'Wednesday': '10:0-23:0', 'Thursday': '10:0-23:0', 'Friday': '10:0-23:0', 'Saturday': '11:0-20:0', 'Sunday': '10:0-23:0'}"
ezqJL5wLn4ibQdl1jgRuGw,Exclusive Nail Couture,"3865 E 34th St, Ste 109",Tucson,AZ,85713,32.1958307,-110.9110799,1.0,7,1,,"Cosmetics & Beauty Supply, Beauty & Spas, Shopping","{'Monday': '10:30-19:0', 'Tuesday': '10:30-19:0', 'Wednesday': '10:30-19:0', 'Thursday': '10:30-19:0', 'Friday': '10:30-19:0', 'Saturday': '10:30-19:0'}"
44chpwVvS7tFYrOluKSz9g,T-Mobile,1770 E Irvington Rd,Tucson,AZ,85714,32.1625459,-110.945227,2.0,6,0,{'BusinessAcceptsCreditCards': 'True'},"Shopping, IT Services & Computer Repair, Local Services, Mobile Phones, Mobile Phone Accessories, Telecommunications","{'Monday': '0:0-0:0', 'Tuesday': '9:0-20:0', 'Wednesday': '9:0-20:0', 'Thursday': '9:0-20:0', 'Friday': '9:0-20:0', 'Saturday': '9:0-20:0', 'Sunday': '11:0-18:0'}"
OjF3T-VX-DRogh6zz19AnQ,Nationwide Vision Centers,3788 S 16th Avenue,Tucson,AZ,85713,32.179058,-110.981846,2.0,12,1,"{'BusinessAcceptsCreditCards': 'True', 'RestaurantsPriceRange2': '1'}","Health & Medical, Eyewear & Opticians, Optometrists, Shopping","{'Monday': '0:0-0:0', 'Tuesday': '9:0-18:0', 'Wednesday': '9:0-18:0', 'Thursday': '9:0-18:0', 'Friday': '9:0-18:0', 'Saturday': '8:0-17:0'}"
frxVia9P7TBQBTNH1WrEhw,99 Cents Only Stores,4144 N Oracle Rd,Tucson,AZ,85705,32.282405,-110.977178,3.0,12,1,"{'RestaurantsPriceRange2': '1', 'BikeParking': 'True', 'BusinessAcceptsCreditCards': 'True', 'BusinessParking': ""{'garage': False, 'street': False, 'validated': False, 'lot': False, 'valet': False}""}","Professional Services, Party Supplies, Wholesalers, Discount Store, Event Planning & Services, Shopping","{'Monday': '0:0-0:0', 'Tuesday': '7:0-22:0', 'Wednesday': '7:0-22:0', 'Thursday': '8:0-20:0', 'Friday': '8:0-20:0', 'Saturday': '8:0-20:0', 'Sunday': '8:0-21:0'}"
mV13U2bc3IEPnyaOyFxQGQ,Quiznos,"250 S Craycroft Rd, Ste 120",Tucson,AZ,85711,32.2186822,-110.8758823,2.0,6,0,"{'Alcohol': ""u'none'"", 'RestaurantsPriceRange2': '2', 'BusinessAcceptsCreditCards': 'True', 'RestaurantsReservations': 'False', 'RestaurantsDelivery': 'True', 'RestaurantsTakeOut': 'True', 'GoodForKids': 'True', 'Caters': 'True'}","Restaurants, Fast Food, Delis, Sandwiches",
pr8RhyScULoKq_p3GzNLEw,Cold Stone Creamery,9565 E 22nd St,Tucson,AZ,85748,32.2068456,-110.7884703,3.5,23,1,"{'BikeParking': 'True', 'BusinessAcceptsCreditCards': 'True', 'WiFi': ""'no'"", 'RestaurantsTakeOut': 'True', 'RestaurantsPriceRange2': '1', 'Caters': 'True', 'BusinessAcceptsBitcoin': 'False', 'BusinessParking': ""{'garage': False, 'street': False, 'validated': False, 'lot': True, 'valet': False}"", 'WheelchairAccessible': 'True', 'RestaurantsDelivery': 'True'}","Ice Cream & Frozen Yogurt, Cupcakes, Custom Cakes, Food","{'Monday': '0:0-0:0', 'Tuesday': '11:0-22:0', 'Wednesday': '11:0-22:0', 'Thursday': '11:0-17:0', 'Friday': '11:0-23:0', 'Saturday': '11:0-22:0', 'Sunday': '11:0-22:0'}"
Duge91tFNGn1aKKb7xWeMw,Awards & T-Shirts To Go,7353 E Broadway Blvd,Tucson,AZ,85710,32.2214189,-110.8350344,4.0,14,1,"{'RestaurantsPriceRange2': '2', 'BikeParking': 'True', 'BusinessAcceptsCreditCards': 'True', 'BusinessParking': ""{'garage': False, 'street': False, 'validated': False, 'lot': False, 'valet': False}"", 'WheelchairAccessible': 'True'}","Customized Merchandise, Advertising, Shopping, Trophy Shops, Fashion, Arts & Entertainment, Accessories, Professional Services, Local Services, Women's Clothing, Screen Printing/T-Shirt Printing, Screen Printing","{'Monday': '0:0-0:0', 'Tuesday': '9:0-17:30', 'Wednesday': '9:0-17:30', 'Thursday': '9:0-17:30', 'Friday': '9:0-17:30'}"
tKJSJeW_IyKKZU1QUfn6hg,Albertsons,9595 E Broadway Blvd,Tucson,AZ,85748,32.2212490192,-110.7878199017,2.5,20,1,"{'RestaurantsPriceRange2': '1', 'BusinessParking': ""{'garage': False, 'street': False, 'validated': False, 'lot': True, 'valet': False}"", 'BusinessAcceptsCreditCards': 'True', 'BikeParking': 'True', 'RestaurantsTakeOut': 'True', 'RestaurantsDelivery': 'True'}","Food, Grocery, Drugstores, Shopping","{'Monday': '0:0-0:0', 'Tuesday': '6:0-22:0', 'Wednesday': '6:0-22:0', 'Thursday': '6:0-22:0', 'Friday': '6:0-22:0', 'Saturday': '6:0-22:0', 'Sunday': '6:0-22:0'}"
3w7NRntdQ9h0KwDsksIt5Q,McDonald's,5640 N Swan,Tucson,AZ,85718,32.3094714307,-110.8921464428,2.0,42,1,"{'WiFi': ""u'free'"", 'Ambience': ""{'touristy': False, 'hipster': False, 'romantic': False, 'divey': False, 'intimate': False, 'trendy': False, 'upscale': False, 'classy': False, 'casual': False}"", 'OutdoorSeating': 'True', 'BikeParking': 'True', 'Alcohol': ""u'none'"", 'DriveThru': 'True', 'BusinessParking': ""{'garage': False, 'street': False, 'validated': False, 'lot': False, 'valet': False}"", 'RestaurantsPriceRange2': '1', 'RestaurantsTakeOut': 'True', 'RestaurantsAttire': ""'casual'"", 'HasTV': 'True', 'RestaurantsReservations': 'False', 'RestaurantsTableService': 'False', 'RestaurantsDelivery': 'True', 'RestaurantsGoodForGroups': 'True', 'BusinessAcceptsCreditCards': 'True', 'GoodForKids': 'True', 'GoodForMeal': ""{'dessert': False, 'latenight': False, 'lunch': False, 'dinner': False, 'brunch': False, 'breakfast': False}""}","Restaurants, Food, Fast Food, Coffee & Tea, Burgers","{'Monday': '5:0-23:0', 'Tuesday': '5:0-23:0', 'Wednesday': '5:0-23:0', 'Thursday': '5:0-23:0', 'Friday': '5:0-0:0', 'Saturday': '5:0-0:0', 'Sunday': '5:0-23:0'}"
5vpqoHruyjHALHjxJLSJbA,Gavi Italian Restaurant,"6960 E Sunrise Dr, Ste 110",Tucson,AZ,85750,32.3081238,-110.8438037,3.5,6,0,"{'BusinessAcceptsCreditCards': 'True', 'NoiseLevel': ""u'average'"", 'RestaurantsTakeOut': 'True', 'OutdoorSeating': 'True', 'BusinessParking': ""{'garage': False, 'street': False, 'validated': False, 'lot': False, 'valet': False}"", 'RestaurantsReservations': 'True', 'RestaurantsGoodForGroups': 'True', 'HasTV': 'True', 'RestaurantsPriceRange2': '3', 'Alcohol': ""u'full_bar'"", 'Ambience': ""{'romantic': False, 'intimate': False, 'touristy': False, 'hipster': False, 'divey': False, 'classy': False, 'trendy': False, 'upscale': False, 'casual': False}"", 'WiFi': ""u'no'"", 'RestaurantsAttire': ""u'dressy'"", 'GoodForKids': 'False'}","Italian, Restaurants",
f5kgRwWzLWBNofhiLKo8ng,Marana EyeCare,4340 West Ina Rd,Tucson,AZ,85741,32.338011,-111.0587782,4.0,5,1,{'BusinessAcceptsCreditCards': 'True'},"Optometrists, Eyewear & Opticians, Shopping, Health & Medical","{'Monday': '10:0-14:0', 'Tuesday': '9:0-17:0', 'Wednesday': '10:0-14:0', 'Thursday': '9:0-17:0', 'Saturday': '9:0-16:0'}"
wJmyu7W1K9A_gE8Ed4Bc9w,Trident Grill,"2033 E Speedway Blvd, Ste 101",Tucson,AZ,85719,32.236334,-110.941738,4.0,370,1,"{'BikeParking': 'True', 'GoodForKids': 'False', 'RestaurantsGoodForGroups': 'True', 'Alcohol': ""u'full_bar'"", 'RestaurantsReservations': 'False', 'RestaurantsPriceRange2': '2', 'BusinessParking': ""{'garage': False, 'street': False, 'validated': False, 'lot': True, 'valet': False}"", 'RestaurantsAttire': ""u'casual'"", 'Caters': 'False', 'WiFi': ""u'free'"", 'HasTV': 'True', 'BusinessAcceptsCreditCards': 'True', 'NoiseLevel': ""u'average'"", 'GoodForMeal': ""{'dessert': False, 'latenight': True, 'lunch': True, 'dinner': True, 'brunch': False, 'breakfast': False}"", 'Ambience': ""{'touristy': False, 'hipster': False, 'romantic': False, 'divey': False, 'intimate': False, 'trendy': False, 'upscale': False, 'classy': False, 'casual': True}"", 'CoatCheck': 'False', 'BestNights': ""{'monday': False, 'tuesday': False, 'friday': True, 'wednesday': False, 'thursday': True, 'sunday': False, 'saturday': True}"", 'OutdoorSeating': 'None', 'RestaurantsTableService': 'True', 'RestaurantsTakeOut': 'True', 'Music': ""{'dj': False, 'background_music': False, 'no_music': False, 'jukebox': None, 'live': False, 'video': False, 'karaoke': False}"", 'RestaurantsDelivery': 'None', 'GoodForDancing': 'False', 'HappyHour': 'True', 'Smoking': ""u'no'""}","Bars, Seafood, Sports Bars, American (Traditional), Sandwiches, Nightlife, Restaurants","{'Monday': '11:0-23:0', 'Tuesday': '11:0-23:0', 'Wednesday': '11:0-23:0', 'Thursday': '11:0-23:0', 'Friday': '11:0-0:0', 'Saturday': '11:0-0:0', 'Sunday': '9:0-23:0'}"
SPDgt3l-6QtsSKa8nqc73Q,Dogtopia - Tucson,7285 E Tanque Verde Rd,Tucson,AZ,85715,32.25127,-110.83695,3.5,7,1,,"Pets, Pet Groomers, Pet Services, Pet Sitting, Pet Boarding","{'Monday': '5:0-22:0', 'Tuesday': '5:0-22:0', 'Wednesday': '5:0-22:0', 'Thursday': '5:0-22:0', 'Friday': '5:0-22:0', 'Saturday': '5:0-22:0', 'Sunday': '5:0-22:0'}"
3_S-LJ7pd2tV_AKPWZir6g,Broadway Grooming,122 S Kolb Rd,Tucson,AZ,85710,32.2195455,-110.8420438,4.0,13,1,,"Pet Services, Pets, Pet Groomers","{'Tuesday': '8:0-17:0', 'Wednesday': '8:0-17:0', 'Thursday': '8:0-17:0', 'Friday': '8:0-17:0', 'Saturday': '8:0-17:0', 'Sunday': '8:0-17:0'}"
W7NxQw8UYFR0HLPrI08tvw,Chipotle Mexican Grill,4774 E Grant Rd,Tucson,AZ,85712,32.250019,-110.8909246575,3.0,76,1,"{'RestaurantsPriceRange2': '1', 'GoodForKids': 'True', 'Caters': 'True', 'RestaurantsGoodForGroups': 'True', 'Ambience': ""{'romantic': False, 'intimate': False, 'classy': False, 'hipster': False, 'divey': False, 'touristy': False, 'trendy': True, 'upscale': False, 'casual': True}"", 'OutdoorSeating': 'True', 'BusinessAcceptsCreditCards': 'True', 'BikeParking': 'True', 'RestaurantsReservations': 'False', 'WiFi': ""u'no'"", 'RestaurantsAttire': ""'casual'"", 'NoiseLevel': ""u'average'"", 'Alcohol': ""'beer_and_wine'"", 'BusinessParking': ""{'garage': False, 'street': False, 'validated': False, 'lot': True, 'valet': False}"", 'RestaurantsTakeOut': 'True', 'HasTV': 'True', 'DriveThru': 'False', 'GoodForMeal': ""{'dessert': False, 'latenight': False, 'lunch': True, 'dinner': True, 'brunch': False, 'breakfast': False}"", 'RestaurantsDelivery': 'True'}","Restaurants, Fast Food, Mexican","{'Monday': '0:0-0:0', 'Tuesday': '10:45-22:0', 'Wednesday': '10:45-22:0', 'Thursday': '10:45-22:0', 'Friday': '10:45-22:0', 'Saturday': '10:45-22:0', 'Sunday': '10:45-22:0'}"
YUUMXtU66B4rxwJohSQm7A,Tucson Cookie,2513 E 6th St,Tucson,AZ,85716,32.2281415,-110.9348592,4.0,11,0,"{'BusinessAcceptsCreditCards': 'True', 'BusinessAcceptsBitcoin': 'False', 'BikeParking': 'True', 'WheelchairAccessible': 'False', 'RestaurantsTakeOut': 'True', 'RestaurantsPriceRange2': '2', 'DogsAllowed': 'False', 'BusinessParking': ""{'garage': False, 'street': False, 'validated': False, 'lot': True, 'valet': False}"", 'Caters': 'True', 'RestaurantsDelivery': 'True'}","Desserts, Comfort Food, Restaurants, Food, Bakeries, Food Delivery Services","{'Tuesday': '7:0-1:0', 'Wednesday': '19:0-1:0', 'Thursday': '18:0-3:0', 'Friday': '18:0-3:0', 'Saturday': '18:0-3:0', 'Sunday': '19:0-1:0'}"
uWc9h19N2G8cR7Vo5blL8Q,Waffle House,1380 W Grant Rd,Tucson,AZ,85745,32.2507186,-110.9949781,4.0,94,1,"{'RestaurantsPriceRange2': '1', 'OutdoorSeating': 'False', 'RestaurantsAttire': ""u'casual'"", 'RestaurantsTakeOut': 'True', 'HasTV': 'False', 'GoodForKids': 'True', 'RestaurantsGoodForGroups': 'True', 'RestaurantsReservations': 'False', 'NoiseLevel': ""u'average'"", 'WiFi': ""u'no'"", 'Alcohol': ""u'none'"", 'Caters': 'False', 'RestaurantsDelivery': 'True', 'BusinessAcceptsCreditCards': 'True', 'BusinessParking': ""{'garage': False, 'street': False, 'validated': False, 'lot': True, 'valet': False}"", 'GoodForMeal': ""{'dessert': False, 'latenight': True, 'lunch': True, 'dinner': True, 'brunch': True, 'breakfast': True}"", 'BikeParking': 'True', 'Ambience': ""{'touristy': False, 'hipster': False, 'romantic': False, 'divey': True, 'intimate': False, 'trendy': False, 'upscale': False, 'classy': False, 'casual': True}""}","American (New), Breakfast & Brunch, American (Traditional), Diners, Restaurants","{'Monday': '0:0-0:0', 'Tuesday': '0:0-0:0', 'Wednesday': '0:0-0:0', 'Thursday': '0:0-0:0', 'Friday': '0:0-0:0', 'Saturday': '0:0-0:0', 'Sunday': '0:0-0:0'}"
Y1ZdPCfQ4ndVAmj9lx6I7w,China Olive Super Buffet,"1350 W Irvington Rd, Ste 100",Tucson,AZ,85746,32.1639837,-110.993741,2.5,38,1,"{'RestaurantsTakeOut': 'True', 'BusinessParking': ""{'garage': False, 'street': False, 'validated': False, 'lot': False, 'valet': False}"", 'BusinessAcceptsCreditCards': 'True', 'RestaurantsGoodForGroups': 'False', 'WiFi': ""u'no'"", 'GoodForKids': 'True', 'BikeParking': 'False', 'NoiseLevel': ""u'loud'"", 'HasTV': 'True', 'RestaurantsPriceRange2': '2', 'OutdoorSeating': 'False', 'RestaurantsReservations': 'True', 'RestaurantsTableService': 'True', 'RestaurantsAttire': ""u'casual'"", 'RestaurantsDelivery': 'True', 'Ambience': ""{'touristy': None, 'hipster': None, 'romantic': None, 'divey': None, 'intimate': None, 'trendy': None, 'upscale': None, 'classy': None, 'casual': True}"", 'Alcohol': ""u'beer_and_wine'""}","Buffets, Restaurants, Sushi Bars, Chinese","{'Monday': '11:0-21:30', 'Tuesday': '11:0-21:30', 'Wednesday': '11:0-21:30', 'Thursday': '11:0-21:30', 'Friday': '11:0-22:0', 'Saturday': '11:0-22:0', 'Sunday': '11:0-21:30'}"
EksmIBkeeLCemEmtmGW-3A,Sparkle Cleaners - La Canada,11165 N La Canada Dr,Tucson,AZ,85737,32.4092232,-110.9963955,1.5,10,1,"{'BusinessAcceptsCreditCards': 'True', 'RestaurantsPriceRange2': '3', 'WiFi': ""'no'"", 'BikeParking': 'False', 'BusinessParking': 'None'}","Local Services, Sewing & Alterations, Dry Cleaning & Laundry, Dry Cleaning, Laundry Services, Shoe Repair","{'Monday': '0:0-0:0', 'Tuesday': '7:0-19:0', 'Wednesday': '7:0-19:0', 'Thursday': '7:0-19:0', 'Friday': '7:0-19:0', 'Saturday': '8:0-18:0'}"
sFQTyTiBqhTpSvyyB73iYA,Oriental Chi,"4500 N Oracle Rd, Ste 179A",Tucson,AZ,85705,32.289324,-110.975233,3.0,16,1,"{'RestaurantsTakeOut': 'False', 'GoodForKids': 'False', 'BusinessAcceptsCreditCards': 'True', 'RestaurantsDelivery': 'False', 'RestaurantsReservations': 'False', 'Ambience': ""{'touristy': False, 'hipster': False, 'romantic': False, 'divey': False, 'intimate': False, 'trendy': False, 'upscale': False, 'classy': False, 'casual': False}"", 'RestaurantsGoodForGroups': 'False'}","Massage, American (New), Beauty & Spas, Restaurants",
xd0dlJWCGg7A-FCneqWj4g,Instrumental Music Center,7063 E Speedway Blvd,Tucson,AZ,85710,32.235971,-110.8420205,4.5,18,1,"{'RestaurantsPriceRange2': '2', 'BusinessAcceptsCreditCards': 'True', 'BikeParking': 'True', 'BusinessParking': ""{'garage': False, 'street': False, 'validated': False, 'lot': True, 'valet': False}"", 'DogsAllowed': 'False', 'WheelchairAccessible': 'True', 'BusinessAcceptsBitcoin': 'False'}","Local Flavor, Education, Musical Instruments & Teachers, Private Tutors, Shopping, Musical Instrument Services, Local Services","{'Monday': '0:0-0:0', 'Tuesday': '10:0-18:0', 'Wednesday': '10:0-18:0', 'Thursday': '10:0-14:0', 'Friday': '10:0-18:0', 'Saturday': '10:0-18:0'}"
I_HZRmIqe7xT6ZW95JdR1Q,Bluepoint Pool Service,,Tucson,AZ,85755,32.2215499878,-110.9697570801,4.0,17,1,,"Home Services, Contractors, Pool Cleaners","{'Monday': '8:0-16:0', 'Tuesday': '8:0-16:0', 'Wednesday': '8:0-16:0', 'Thursday': '8:0-16:0', 'Friday': '8:0-16:0'}"
8UtpoTzdSQPwvISpFF7WGA,Old Pueblo Locksmith,,Tucson,AZ,85701,32.2147915,-110.9715269,5.0,24,1,"{'BusinessAcceptsCreditCards': 'True', 'ByAppointmentOnly': 'False'}","Local Services, Keys & Locksmiths, Home Services","{'Monday': '0:0-0:0', 'Tuesday': '9:0-19:0', 'Wednesday': '9:0-19:0', 'Thursday': '9:0-19:0', 'Friday': '9:0-19:0'}"
c4P7jdIvKN-9Ol75pAvXpQ,Volvo Cars Tucson,831 W Wetmore Rd,Tucson,AZ,85705,32.285552,-110.985386,3.5,48,1,"{'WiFi': ""u'free'"", 'BusinessAcceptsCreditCards': 'True'}","Car Dealers, Auto Repair, Automotive","{'Monday': '7:30-20:0', 'Tuesday': '7:30-20:0', 'Wednesday': '7:30-20:0', 'Thursday': '7:30-20:0', 'Friday': '7:30-20:0', 'Saturday': '9:0-18:0'}"
z60vRuxzZSQAxqZ3jfBLpA,Erv's Automotive,1570 W Grant Rd,Tucson,AZ,85745,32.25156,-111.00018,5.0,6,1,"{'WiFi': ""u'free'"", 'BusinessAcceptsCreditCards': 'True'}","Tires, Auto Repair, Automotive","{'Monday': '8:0-17:0', 'Tuesday': '8:0-17:0', 'Wednesday': '8:0-17:0', 'Thursday': '8:0-17:0', 'Friday': '8:0-17:0', 'Saturday': '8:0-12:0'}"
gRjPjLqRd0MtOhP0QYjDZQ,Independence Pump and Motor,2653 W Violet Ave,Tucson,AZ,85705,32.2927506,-111.0241766,4.0,5,1,"{'ByAppointmentOnly': 'False', 'BusinessAcceptsCreditCards': 'True'}","Plumbing, Local Services, Electronics Repair, Electricians, Pool & Hot Tub Service, Home Services","{'Monday': '7:0-22:0', 'Tuesday': '7:0-22:0', 'Wednesday': '7:0-22:0', 'Thursday': '7:0-22:0', 'Friday': '7:0-22:0', 'Saturday': '7:0-22:0', 'Sunday': '7:0-22:0'}"
vSZRxp9u-zR5hEvOj4J5zA,Merrigans Arizona Road-Runner,4324 N Flowing Wells Rd,Tucson,AZ,85705,32.2854589798,-110.9945737,4.5,16,1,,"Flooring, Home Services, Automotive, Local Services, Appliances & Repair, RV Dealers, RV Repair",
8zWNYWPw01YFFe-2K7BFMA,H & R Moves You,5309 S Alaska Dr,Tucson,AZ,85706,32.155532,-110.9814425315,4.0,35,1,"{'BusinessAcceptsCreditCards': 'False', 'RestaurantsTakeOut': 'False', 'ByAppointmentOnly': 'True', 'RestaurantsDelivery': 'True'}","Real Estate, Home Services, Piano Services, Local Services, Furniture Assembly, Musical Instrument Services, Movers, Self Storage, Packing Services, Couriers & Delivery Services","{'Monday': '0:0-0:0', 'Tuesday': '0:0-0:0', 'Wednesday': '0:0-0:0', 'Thursday': '0:0-0:0', 'Friday': '0:0-0:0', 'Saturday': '0:0-0:0', 'Sunday': '0:0-0:0'}"
RICHQzCR4Gv_2l3maFYcOw,Discount Tire,6616 E Tanque Verde Rd,Tucson,AZ,85715,32.2468330486,-110.851093968,4.0,61,1,"{'RestaurantsDelivery': 'False', 'RestaurantsTakeOut': 'True', 'BusinessAcceptsCreditCards': 'True'}","Automotive, Wheel & Rim Repair, Auto Parts & Supplies, Tires","{'Monday': '0:0-0:0', 'Tuesday': '8:0-18:0', 'Wednesday': '8:0-18:0', 'Thursday': '8:0-18:0', 'Friday': '8:0-18:0', 'Saturday': '8:0-17:0'}"
qQxtBl5fnVQPQTIsUBcDDw,Office Depot - OfficeMax,9580 E 22nd St,Tucson,AZ,85748,32.2050153,-110.7885169,2.0,13,1,"{'BusinessAcceptsCreditCards': 'True', 'BikeParking': 'True', 'BusinessParking': 'None', 'WheelchairAccessible': 'True', 'ByAppointmentOnly': 'False', 'DogsAllowed': 'True', 'RestaurantsPriceRange2': '3'}","Office Equipment, Shopping, Local Services, Printing Services, IT Services & Computer Repair","{'Monday': '10:0-18:0', 'Tuesday': '8:0-21:0', 'Wednesday': '8:0-21:0', 'Thursday': '8:0-21:0', 'Friday': '8:0-21:0', 'Saturday': '9:0-20:0', 'Sunday': '10:0-18:0'}"
8i6ila3Nc4jinPNHN1dlrQ,RJ's American Asian,,Tucson,AZ,85705,32.2680738,-110.9923904,4.5,10,1,"{'HappyHour': 'False', 'WiFi': ""u'no'"", 'Alcohol': ""u'none'"", 'BikeParking': 'False', 'OutdoorSeating': 'False', 'WheelchairAccessible': 'False', 'RestaurantsTableService': 'False', 'BusinessAcceptsCreditCards': 'True', 'RestaurantsReservations': 'False', 'RestaurantsTakeOut': 'False', 'BusinessParking': ""{'garage': False, 'street': False, 'validated': False, 'lot': False, 'valet': False}"", 'RestaurantsDelivery': 'False', 'HasTV': 'False', 'Caters': 'True'}","Food, Food Trucks, Restaurants, American (Traditional), Asian Fusion, American (New), Street Vendors","{'Monday': '9:0-16:0', 'Tuesday': '9:0-16:0', 'Wednesday': '9:0-16:0', 'Thursday': '9:0-16:0', 'Friday': '9:0-16:0', 'Saturday': '9:0-14:0'}"
n6JMMwYfzy0Qda19-LE1DA,Childrens Orthopedic Specialists,"1605 E River Rd, Ste 101",Tucson,AZ,85718,32.2909988,-110.9481954,4.5,6,1,{'ByAppointmentOnly': 'True'},"Doctors, Orthopedists, Health & Medical","{'Monday': '8:0-17:0', 'Tuesday': '8:0-17:0', 'Wednesday': '8:0-17:0', 'Thursday': '8:0-17:0', 'Friday': '8:0-16:0'}"
-bRfcZpmGDa_oVGmJ0PHKw,Frontier Gun Shop,3156 E Grant Rd,Tucson,AZ,85716,32.2500668,-110.9247944,4.5,5,1,"{'BusinessParking': ""{'garage': False, 'street': False, 'validated': False, 'lot': False, 'valet': False}"", 'RestaurantsPriceRange2': '3', 'BusinessAcceptsCreditCards': 'True', 'ByAppointmentOnly': 'False'}","Shopping, Antiques",
Ei5HBqe012ImhqEr2ZH2gg,Fiamme Pizza,4706 E Sunrise Dr,Tucson,AZ,85718,32.3066525,-110.8919704,4.5,374,1,"{'NoiseLevel': ""'average'"", 'WiFi': ""'no'"", 'RestaurantsDelivery': 'True', 'RestaurantsPriceRange2': '2', 'RestaurantsTakeOut': 'True', 'GoodForKids': 'True', 'Caters': 'True', 'Alcohol': ""u'beer_and_wine'"", 'RestaurantsTableService': 'True', 'HasTV': 'True', 'BusinessAcceptsCreditCards': 'True', 'RestaurantsGoodForGroups': 'True', 'RestaurantsAttire': ""'casual'"", 'RestaurantsReservations': 'True', 'BikeParking': 'True', 'WheelchairAccessible': 'True', 'HappyHour': 'False', 'DogsAllowed': 'True', 'BYOB': 'False', 'Corkage': 'False', 'BusinessParking': ""{'garage': False, 'street': True, 'validated': False, 'lot': False, 'valet': False}"", 'Ambience': ""{u'divey': False, u'hipster': False, u'casual': True, u'touristy': False, u'trendy': False, u'intimate': False, u'romantic': False, u'classy': False, u'upscale': False}"", 'GoodForMeal': ""{'dessert': False, 'latenight': None, 'lunch': True, 'dinner': True, 'brunch': False, 'breakfast': False}"", 'OutdoorSeating': 'None'}","Italian, Restaurants, Food Stands, Farmers Market, Food Trucks, Caterers, Pizza, Event Planning & Services, Food","{'Monday': '11:30-21:0', 'Tuesday': '11:30-21:0', 'Wednesday': '11:30-21:0', 'Thursday': '11:30-21:0', 'Friday': '11:30-21:0', 'Saturday': '11:30-21:0', 'Sunday': '11:30-21:0'}"
q18WLK-9HANb7gYGGHIIMw,Ricuras de Venezuela,,Tucson,AZ,85701,32.2147915,-110.9715269,4.0,32,1,"{'HasTV': 'False', 'RestaurantsPriceRange2': '1', 'RestaurantsAttire': ""'casual'"", 'Ambience': ""{'touristy': False, 'hipster': False, 'romantic': False, 'divey': False, 'intimate': False, 'trendy': False, 'upscale': False, 'classy': False, 'casual': False}"", 'Alcohol': ""'none'"", 'RestaurantsTakeOut': 'True', 'OutdoorSeating': 'True', 'BikeParking': 'True', 'NoiseLevel': ""'average'"", 'Caters': 'True', 'RestaurantsGoodForGroups': 'True', 'BusinessAcceptsCreditCards': 'True', 'GoodForMeal': ""{'dessert': False, 'latenight': False, 'lunch': False, 'dinner': False, 'brunch': False, 'breakfast': False}"", 'RestaurantsTableService': 'False', 'WheelchairAccessible': 'True', 'WiFi': ""'no'"", 'GoodForKids': 'True', 'RestaurantsDelivery': 'False', 'HappyHour': 'False', 'RestaurantsReservations': 'False'}","Food, Food Trucks, Restaurants, Venezuelan, Latin American","{'Monday': '0:0-0:0', 'Tuesday': '0:0-0:0', 'Wednesday': '0:0-0:0', 'Thursday': '0:0-0:0', 'Friday': '0:0-0:0', 'Saturday': '0:0-0:0', 'Sunday': '0:0-0:0'}"
lv2ogJsFaaCIeVOS0HBakw,The Vintage Apartments,8225 E Speedway Blvd,Tucson,AZ,85710,32.23677,-110.81593,2.0,6,1,"{'BusinessAcceptsCreditCards': 'True', 'ByAppointmentOnly': 'False'}","Real Estate, Apartments, Home Services","{'Monday': '9:0-18:0', 'Tuesday': '9:0-18:0', 'Wednesday': '9:0-18:0', 'Thursday': '9:0-18:0', 'Friday': '9:0-18:0', 'Saturday': '10:0-17:0'}"
fHmd_QZo7oSdQxIkJt6XiQ,Mama's Latte,330 E Morning Sun Ct,Tucson,AZ,85704,32.325096,-110.9654961,5.0,17,1,,"Health & Medical, Lactation Services","{'Monday': '8:0-17:0', 'Tuesday': '8:0-17:0', 'Wednesday': '8:0-17:0', 'Thursday': '8:0-17:0', 'Friday': '8:0-17:0', 'Saturday': '8:0-17:0', 'Sunday': '8:0-17:0'}"
91GnpMqvdAtztWjIlBCGhA,Sears Customer Care Network,4755 S Butterfield Dr,Tucson,AZ,85714,32.1659517,-110.9152768,1.5,6,1,{'BusinessAcceptsCreditCards': 'True'},"Appliances & Repair, Local Services",
T1p3mPjJ-3ofC0ymnQN93w,Del Cazador - Market,7419 E 22nd St,Tucson,AZ,85710,32.2070562,-110.8340571,4.5,8,0,"{'BusinessParking': ""{'garage': False, 'street': True, 'validated': False, 'lot': False, 'valet': False}"", 'BikeParking': 'True', 'RestaurantsPriceRange2': '1', 'BusinessAcceptsCreditCards': 'True'}","Fashion, Department Stores, Grocery, Food, Specialty Food, Meat Shops, Shopping","{'Monday': '8:0-20:0', 'Tuesday': '8:0-20:0', 'Wednesday': '8:0-20:0', 'Thursday': '8:0-20:0', 'Friday': '8:0-20:0', 'Saturday': '8:0-20:0', 'Sunday': '8:0-19:0'}"
AIqaV2dq_feFvjHZ9LLvFg,Freedom Smoke USA,665 W Valencia Rd,Tucson,AZ,85706,32.13293,-110.979146,2.5,7,1,"{'BikeParking': 'True', 'ByAppointmentOnly': 'False', 'DogsAllowed': 'False', 'BusinessAcceptsCreditCards': 'True', 'WheelchairAccessible': 'True', 'RestaurantsPriceRange2': '2', 'BusinessParking': ""{'garage': False, 'street': False, 'validated': False, 'lot': False, 'valet': False}""}","Shopping, Tobacco Shops","{'Monday': '8:0-19:0', 'Tuesday': '8:0-19:0', 'Wednesday': '8:0-19:0', 'Thursday': '8:0-19:0', 'Friday': '8:0-20:0', 'Saturday': '8:0-20:0', 'Sunday': '9:0-18:0'}"
_D1-iD7On9s_k6P1qAZxSw,All RV Service Center,537 W Grant Rd,Tucson,AZ,85705,32.2499868,-110.980202,3.0,19,1,"{'BusinessAcceptsCreditCards': 'True', 'WiFi': ""u'free'""}","RV Repair, Automotive, RV Dealers","{'Monday': '8:0-17:0', 'Tuesday': '8:0-17:0', 'Wednesday': '8:0-17:0', 'Thursday': '8:0-17:0', 'Friday': '8:0-17:0', 'Saturday': '9:0-13:0'}"
xwKYBPO0ByGlkvNcr8FdqQ,Le Rendez-vous,3844 E Fort Lowell Rd,Tucson,AZ,85716,32.2649298,-110.9105444,4.0,223,1,"{'BusinessParking': ""{'garage': False, 'street': False, 'validated': False, 'lot': True, 'valet': False}"", 'RestaurantsPriceRange2': '3', 'WiFi': ""u'free'"", 'Alcohol': ""u'full_bar'"", 'GoodForKids': 'False', 'BusinessAcceptsCreditCards': 'True', 'Caters': 'True', 'Ambience': ""{'touristy': False, 'hipster': False, 'romantic': True, 'divey': False, 'intimate': True, 'trendy': False, 'upscale': True, 'classy': True, 'casual': False}"", 'BikeParking': 'False', 'WheelchairAccessible': 'True', 'BYOB': 'False', 'OutdoorSeating': 'False', 'BusinessAcceptsBitcoin': 'False', 'RestaurantsReservations': 'True', 'GoodForMeal': ""{'dessert': None, 'latenight': False, 'lunch': None, 'dinner': True, 'brunch': False, 'breakfast': False}"", 'RestaurantsGoodForGroups': 'True', 'HasTV': 'False', 'RestaurantsTableService': 'True', 'HappyHour': 'True', 'RestaurantsAttire': ""u'casual'"", 'NoiseLevel': ""u'average'"", 'RestaurantsTakeOut': 'True', 'RestaurantsDelivery': 'False'}","Restaurants, French, Tapas/Small Plates","{'Wednesday': '16:0-21:0', 'Thursday': '16:0-21:0', 'Friday': '16:0-21:0', 'Saturday': '16:0-21:0', 'Sunday': '16:0-21:0'}"
V8A0JxgdVetmPKliyVyZgA,Panache Hair & Nails,"1661 N Swan Rd, Ste 158",Tucson,AZ,85712,32.2431794,-110.8931512,4.0,28,1,"{'ByAppointmentOnly': 'True', 'BusinessParking': ""{'garage': False, 'street': False, 'validated': False, 'lot': True, 'valet': False}"", 'BusinessAcceptsCreditCards': 'True', 'RestaurantsPriceRange2': '2', 'BikeParking': 'True', 'GoodForKids': 'True'}","Nail Salons, Beauty & Spas, Hair Salons","{'Tuesday': '8:0-20:0', 'Wednesday': '8:0-20:0', 'Thursday': '8:0-20:0', 'Friday': '8:0-20:0', 'Saturday': '8:0-18:0'}"
boIphU_TlxlMJHfFrAM03g,Wienerschnitzel,6346 North Oracle Rd,Tucson,AZ,85704,32.3219813,-110.9740882,3.0,28,1,"{'Alcohol': ""'none'"", 'OutdoorSeating': 'False', 'Caters': 'False', 'RestaurantsAttire': ""'casual'"", 'BusinessParking': ""{'garage': False, 'street': False, 'validated': False, 'lot': False, 'valet': False}"", 'BusinessAcceptsCreditCards': 'True', 'WiFi': ""'no'"", 'GoodForKids': 'True', 'RestaurantsPriceRange2': '1', 'RestaurantsGoodForGroups': 'True', 'HasTV': 'True', 'RestaurantsReservations': 'False', 'Ambience': ""{'touristy': False, 'hipster': False, 'romantic': False, 'divey': False, 'intimate': False, 'trendy': False, 'upscale': False, 'classy': False, 'casual': False}"", 'BikeParking': 'True', 'GoodForMeal': ""{'dessert': False, 'latenight': False, 'lunch': True, 'dinner': False, 'brunch': False, 'breakfast': False}"", 'NoiseLevel': ""u'loud'"", 'RestaurantsDelivery': 'True', 'RestaurantsTakeOut': 'True', 'DriveThru': 'True'}","Restaurants, Burgers, Fast Food, Hot Dogs, Sandwiches","{'Monday': '9:0-22:0', 'Tuesday': '9:0-22:0', 'Wednesday': '9:0-22:0', 'Thursday': '9:0-22:0', 'Friday': '9:0-23:0', 'Saturday': '9:0-23:0', 'Sunday': '9:0-22:0'}"
ch2tRXQLSIFM5GGL-h7_kg,Milennium Motors,4101 E Speedway Blvd,Tucson,AZ,85712,32.2364877,-110.9054451,5.0,11,1,,"Automotive, Car Dealers",
ttbLY5Xm6GDvES65XwzUHw,A Tucson Barbershop,"925 N Swan Rd, Unit C",Tucson,AZ,85711,32.2343858,-110.8929416,4.5,18,1,"{'RestaurantsPriceRange2': '1', 'ByAppointmentOnly': 'False', 'BusinessAcceptsCreditCards': 'False', 'BikeParking': 'True', 'BusinessParking': ""{'garage': False, 'street': False, 'validated': False, 'lot': True, 'valet': False}""}","Beauty & Spas, Barbers","{'Monday': '8:0-17:0', 'Tuesday': '8:0-17:0', 'Wednesday': '8:0-17:0', 'Thursday': '8:0-17:0', 'Friday': '8:0-17:0', 'Saturday': '8:0-16:0', 'Sunday': '9:0-14:0'}"
kyt8ljz0s1B_g34fd7vkVw,Malta Joe's Baked Goods,2760 W Curtis Rd,Tucson,AZ,85705,32.3020689,-111.0267833,5.0,8,1,"{'RestaurantsDelivery': 'True', 'RestaurantsTakeOut': 'True'}","Food, Bakeries","{'Monday': '8:0-12:0', 'Tuesday': '8:0-12:0', 'Wednesday': '8:0-12:0', 'Thursday': '8:0-12:0', 'Friday': '8:0-12:0', 'Saturday': '8:0-12:0', 'Sunday': '8:0-12:0'}"
fZS5RYYKCXyGIFhJy3Vngw,Cascade Electric,2940 S Palo Verde Rd,Tucson,AZ,85713,32.1871049,-110.9182049,2.0,8,1,{'BusinessAcceptsCreditCards': 'True'},"Electricians, Contractors, Local Services, Home Services","{'Monday': '7:0-16:0', 'Tuesday': '7:0-16:0', 'Wednesday': '7:0-16:0', 'Thursday': '7:0-16:0', 'Friday': '7:0-16:0', 'Saturday': '7:0-16:0', 'Sunday': '7:0-16:0'}"
ZB8fLbDH2gK2Ms2LqlqPWw,Safeway,2940 W Valencia Rd,Tucson,AZ,85746,32.135197496,-111.0299000296,2.0,11,1,"{'BusinessParking': ""{'garage': False, 'street': False, 'validated': False, 'lot': True, 'valet': False}"", 'RestaurantsPriceRange2': '2', 'BusinessAcceptsCreditCards': 'True', 'BikeParking': 'True', 'RestaurantsTakeOut': 'True', 'RestaurantsDelivery': 'True'}","Grocery, Food, Shopping, Flowers & Gifts, Florists","{'Monday': '0:0-0:0', 'Tuesday': '6:0-22:0', 'Wednesday': '6:0-22:0', 'Thursday': '6:0-22:0', 'Friday': '6:0-22:0', 'Saturday': '6:0-22:0', 'Sunday': '6:0-22:0'}"
5Ou75rsQZMtr2MINech6gw,Maize,7055 E Tanque Verde Rd,Tucson,AZ,85715,32.252226,-110.841516,3.5,29,1,"{'BusinessParking': ""{'garage': False, 'street': False, 'validated': False, 'lot': True, 'valet': False}"", 'ByAppointmentOnly': 'False', 'BusinessAcceptsCreditCards': 'True', 'RestaurantsPriceRange2': '2', 'BikeParking': 'True'}","Nail Salons, Beauty & Spas",
eBGWJYj9meGtvgw0Tm7KwA,Mela's Raspados & Antojitos,3361 E Benson Hwy,Tucson,AZ,85706,32.15417,-110.920355,4.0,9,0,"{'RestaurantsReservations': 'False', 'GoodForKids': 'True', 'RestaurantsAttire': ""'casual'"", 'Alcohol': ""u'none'"", 'BusinessAcceptsCreditCards': 'True', 'WiFi': ""u'no'"", 'WheelchairAccessible': 'False', 'RestaurantsGoodForGroups': 'True', 'RestaurantsDelivery': 'False', 'BikeParking': 'True', 'HasTV': 'True', 'RestaurantsTakeOut': 'True', 'Caters': 'False', 'OutdoorSeating': 'False', 'DogsAllowed': 'False', 'RestaurantsPriceRange2': '1', 'BusinessAcceptsBitcoin': 'False', 'RestaurantsTableService': 'False', 'HappyHour': 'False', 'BusinessParking': ""{'garage': False, 'street': True, 'validated': False, 'lot': True, 'valet': False}""}","Ice Cream & Frozen Yogurt, Shaved Ice, Food, Desserts, Mexican, Restaurants","{'Monday': '12:0-18:0', 'Tuesday': '12:0-20:30', 'Wednesday': '10:0-21:0', 'Thursday': '10:0-21:0', 'Friday': '10:0-21:0', 'Saturday': '10:0-21:0', 'Sunday': '10:0-21:0'}"
nnoeKWNEPYPoYHqMsPTodg,Pima Pet Clinic,4832 E Speedway Blvd,Tucson,AZ,85712,32.2358594,-110.8894257,3.0,87,1,,"Veterinarians, Pets","{'Monday': '8:0-20:0', 'Tuesday': '8:0-20:0', 'Wednesday': '8:0-20:0', 'Thursday': '8:0-20:0', 'Friday': '8:0-20:0', 'Saturday': '8:0-20:0', 'Sunday': '8:0-20:0'}"
5O09IoKwgQkm3aR_Ir5_2w,Ten Fifty-Five Brewing,"3810 E 44th St, Ste 315",Tucson,AZ,85713,32.1849889,-110.9114292,4.5,48,0,"{'BusinessAcceptsCreditCards': 'True', 'BikeParking': 'True', 'Caters': 'False', 'BusinessParking': ""{'garage': False, 'street': True, 'validated': False, 'lot': False, 'valet': False}"", 'RestaurantsPriceRange2': '1', 'RestaurantsTakeOut': 'False'}","Breweries, Food","{'Thursday': '16:0-20:0', 'Friday': '16:0-20:0', 'Saturday': '14:0-19:0'}"
rkyE7Ru0xySZAJAL2uJ-5Q,Freedom Smoke USA,131 W Grant Rd,Tucson,AZ,85705,32.2499985076,-110.9741389141,4.0,15,0,"{'RestaurantsPriceRange2': '2', 'BikeParking': 'True', 'BusinessParking': ""{'garage': False, 'street': False, 'validated': False, 'lot': True, 'valet': False}"", 'WheelchairAccessible': 'True', 'ByAppointmentOnly': 'False', 'BusinessAcceptsCreditCards': 'True', 'DogsAllowed': 'False'}","Shopping, Vape Shops",
eZfhvDdol03GkF6PaFWO-A,Blessed Grounds,902 W Grant Rd,Tucson,AZ,85705,32.25064,-110.9867121,4.5,34,1,"{'BusinessParking': ""{'garage': False, 'street': True, 'validated': False, 'lot': True, 'valet': False}"", 'Caters': 'True', 'WheelchairAccessible': 'True', 'RestaurantsTakeOut': 'True', 'BusinessAcceptsCreditCards': 'True', 'RestaurantsDelivery': 'True', 'BikeParking': 'False'}","Cafes, Food, Coffee Roasteries, Restaurants","{'Monday': '7:0-16:0', 'Tuesday': '7:0-16:0', 'Wednesday': '7:0-16:0', 'Thursday': '7:0-16:0', 'Friday': '7:0-16:0', 'Saturday': '8:0-16:0', 'Sunday': '8:0-17:0'}"
BHBS953rVL7u-bLp0J__eg,Shaffer Dry Cleaning & Laundry,7402 E Broadway Blvd,Tucson,AZ,85710,32.2206,-110.8341741,2.5,8,0,"{'BusinessParking': ""{'garage': False, 'street': False, 'validated': False, 'lot': True, 'valet': False}"", 'WiFi': ""u'no'"", 'BikeParking': 'False', 'RestaurantsPriceRange2': '1', 'BusinessAcceptsCreditCards': 'True'}","Sewing & Alterations, Dry Cleaning, Local Services, Shoe Repair, Dry Cleaning & Laundry, Laundry Services","{'Monday': '0:0-0:0', 'Tuesday': '7:30-18:30', 'Wednesday': '7:30-18:30', 'Thursday': '7:30-18:30', 'Friday': '7:30-18:30', 'Saturday': '9:0-14:0'}"
zNkM1payjxacCiIXSQrcDw,Affordable Paralegal Solutions,"3210 E Fort Lowell Rd, Ste 101",Tucson,AZ,85716,32.2644684,-110.9237699,3.5,6,1,{'BusinessAcceptsCreditCards': 'True'},"Notaries, Estate Planning Law, Business Law, Divorce & Family Law, Local Services, Lawyers, Professional Services, Legal Services","{'Monday': '8:0-18:0', 'Tuesday': '8:0-18:0', 'Wednesday': '8:0-18:0', 'Thursday': '8:0-18:0', 'Friday': '8:0-18:0'}"
kKFvz2WbItYFDo0TL5MuQg,JW Photography,6342 E Calle Bellatrix,Tucson,AZ,85710,32.203074,-110.856299,4.5,10,1,{'BusinessAcceptsCreditCards': 'True'},"Event Planning & Services, Photographers","{'Monday': '8:0-18:0', 'Tuesday': '8:0-18:0', 'Wednesday': '8:0-18:0', 'Thursday': '8:0-18:0', 'Friday': '8:0-18:0', 'Saturday': '8:0-18:0'}"
8s1XOUbY9xlccgh7DZpZEg,Tucson Movers,757 N Campbell Ave,Tucson,AZ,85719,32.2311837,-110.9440554,2.0,6,1,{'BusinessAcceptsCreditCards': 'True'},"Movers, Home Services","{'Monday': '8:0-19:0', 'Tuesday': '8:0-19:0', 'Wednesday': '8:0-19:0', 'Thursday': '8:0-19:0', 'Friday': '8:0-19:0', 'Saturday': '8:0-19:0', 'Sunday': '8:0-19:0'}"
BhqDHM4nBjXYAaDTa5ykBQ,The O Oracle 2000,2000 N Oracle Rd,Tucson,AZ,85705,32.2462931,-110.9776276,3.5,18,0,"{'BusinessAcceptsCreditCards': 'True', 'RestaurantsDelivery': 'True', 'RestaurantsGoodForGroups': 'True', 'BikeParking': 'False', 'Ambience': ""{'touristy': False, 'hipster': False, 'romantic': False, 'divey': False, 'intimate': False, 'trendy': False, 'upscale': False, 'classy': False, 'casual': False}"", 'BusinessParking': ""{'garage': False, 'street': False, 'validated': False, 'lot': True, 'valet': False}"", 'HasTV': 'True', 'RestaurantsAttire': ""'casual'"", 'Music': ""{'dj': False, 'background_music': False, 'no_music': False, 'jukebox': False, 'live': False, 'video': False, 'karaoke': False}"", 'WiFi': ""'free'"", 'RestaurantsTakeOut': 'True', 'RestaurantsReservations': 'True', 'HappyHour': 'True', 'RestaurantsPriceRange2': '2', 'Alcohol': ""'full_bar'"", 'OutdoorSeating': 'True'}","Nightlife, Sports Bars, Restaurants, Bars, Coffee & Tea, Karaoke, Food","{'Monday': '10:0-22:0', 'Tuesday': '10:0-22:0', 'Wednesday': '10:0-22:0', 'Thursday': '10:0-22:0', 'Friday': '10:0-22:0', 'Saturday': '10:0-22:0', 'Sunday': '10:0-22:0'}"
iu4QK-WJIKQcISxbo-ptpw,Reata Equine Veterinary Group,"9100 E Tanque Verde Rd, Ste 100",Tucson,AZ,85749,32.2572276,-110.797597,4.5,6,1,,"Veterinarians, Pets","{'Monday': '8:30-16:30', 'Tuesday': '8:30-16:30', 'Wednesday': '8:30-16:30', 'Thursday': '8:30-16:30', 'Friday': '8:30-16:30'}"
V_GqyTbC-L5_-UrMcond5w,DR Air llc,,Tucson,AZ,85730,32.1827650867,-110.7470018204,2.5,7,1,,"Home Services, Heating & Air Conditioning/HVAC","{'Monday': '8:0-16:0', 'Tuesday': '8:0-16:0', 'Wednesday': '8:0-16:0', 'Thursday': '8:0-16:0', 'Friday': '8:0-16:0'}"
jUyv6KzYbHmdV3KvbiPmvA,Hallmark Roofing,"4562 N 1st Ave, Ste 120",Tucson,AZ,85718,32.2894408,-110.9596515,4.0,40,1,"{'BusinessAcceptsCreditCards': 'True', 'ByAppointmentOnly': 'True', 'BusinessAcceptsBitcoin': 'False'}","Roofing, Home Services","{'Monday': '8:0-17:0', 'Tuesday': '8:0-17:0', 'Wednesday': '8:0-17:0', 'Thursday': '8:0-17:0', 'Friday': '8:0-17:0'}"
aDn90OI3HgzO8A2FO46j9Q,Mister Car Wash,8175 N Oracle Rd,Tucson,AZ,85704,32.3549325,-110.974356,2.5,137,1,"{'BusinessAcceptsCreditCards': 'True', 'WiFi': ""u'free'""}","Car Wash, Auto Detailing, Oil Change Stations, Automotive, Gas Stations","{'Monday': '7:30-18:0', 'Tuesday': '7:30-18:0', 'Wednesday': '7:30-18:0', 'Thursday': '7:30-18:0', 'Friday': '7:30-18:0', 'Saturday': '7:30-18:0', 'Sunday': '8:0-18:0'}"
LQXYptD4go9M3JNZonHMhw,Clear View Vision Care,2644 E Broadway Blvd,Tucson,AZ,85716,32.2211195,-110.9322817,4.5,11,0,"{'BusinessAcceptsCreditCards': 'True', 'BusinessParking': ""{'garage': False, 'street': True, 'validated': False, 'lot': False, 'valet': False}"", 'ByAppointmentOnly': 'False', 'RestaurantsPriceRange2': '2'}","Health & Medical, Laser Eye Surgery/Lasik, Optometrists, Shopping, Eyewear & Opticians","{'Monday': '8:0-17:30', 'Tuesday': '8:0-17:30', 'Wednesday': '8:0-17:30', 'Thursday': '8:0-17:30'}"
dN7sCLA_b_VUMpi2nopi3Q,Optical Image by Dr Weisman,"5870 E Broadway Blvd, Ste 436",Tucson,AZ,85711,32.2198629,-110.865997,2.5,22,1,"{'ByAppointmentOnly': 'False', 'RestaurantsPriceRange2': '4', 'BusinessAcceptsCreditCards': 'True', 'BusinessParking': ""{'garage': True, 'street': False, 'validated': False, 'lot': True, 'valet': True}"", 'AcceptsInsurance': 'True', 'WheelchairAccessible': 'True', 'BikeParking': 'True'}","Health & Medical, Optometrists, Shopping, Fashion, Eyewear & Opticians, Accessories","{'Monday': '10:0-18:0', 'Tuesday': '10:0-18:0', 'Wednesday': '10:0-18:0', 'Thursday': '10:0-18:0', 'Friday': '10:0-18:0', 'Saturday': '10:0-18:0', 'Sunday': '12:0-18:0'}"
GHCo4xv2ANueKq_9aycsLQ,Yaquis Carpet Cleaning  LLC,,Tucson,AZ,85706,32.1426557457,-110.9690078348,2.5,5,1,"{'BusinessAcceptsCreditCards': 'True', 'ByAppointmentOnly': 'True'}","Home Cleaning, Home Services",
Jx8vvRXwfCjkiaofXuNe8g,Wendy's,3171 E Valencia,Tucson,AZ,85706,32.1346244,-110.9248177,2.0,18,1,"{'RestaurantsReservations': 'False', 'BusinessAcceptsCreditCards': 'True', 'RestaurantsGoodForGroups': 'True', 'Alcohol': ""u'none'"", 'OutdoorSeating': 'False', 'GoodForMeal': ""{'dessert': False, 'latenight': False, 'lunch': False, 'dinner': False, 'brunch': False, 'breakfast': False}"", 'RestaurantsTakeOut': 'True', 'BikeParking': 'False', 'RestaurantsDelivery': 'True', 'Ambience': ""{'romantic': False, 'intimate': False, 'classy': False, 'hipster': False, 'divey': False, 'touristy': False, 'trendy': False, 'upscale': False, 'casual': False}"", 'GoodForKids': 'True', 'HasTV': 'True', 'RestaurantsPriceRange2': '1', 'RestaurantsAttire': ""'casual'"", 'BusinessParking': ""{u'valet': False, u'garage': False, u'street': False, u'lot': True, u'validated': False}""}","Burgers, Fast Food, Restaurants","{'Monday': '10:0-0:0', 'Tuesday': '10:0-0:0', 'Wednesday': '10:0-0:0', 'Thursday': '10:0-0:0', 'Friday': '10:0-1:0', 'Saturday': '10:0-1:0', 'Sunday': '10:0-0:0'}"
PWzig5TIVhHtyTJKhcFf_g,Tucson Realty & Trust Management Services,"2525 E Broadway Blvd, Ste 111",Tucson,AZ,85716,32.2222973,-110.9346903,2.0,10,1,,"Home Services, Property Management, Apartments, Real Estate",
25oFsYCEn6jP4CdJdkEw3A,Taqueria El Cheke,4837 N 1st Ave,Tucson,AZ,85718,32.2946901,-110.9616773,4.0,23,1,"{'RestaurantsDelivery': 'True', 'RestaurantsPriceRange2': '1', 'RestaurantsReservations': 'False', 'HasTV': 'False', 'RestaurantsTakeOut': 'True', 'Caters': 'False', 'RestaurantsTableService': 'False', 'OutdoorSeating': 'True', 'WiFi': ""u'no'"", 'BusinessAcceptsCreditCards': 'False', 'BusinessParking': ""{'garage': False, 'street': False, 'validated': False, 'lot': True, 'valet': False}"", 'HappyHour': 'False', 'WheelchairAccessible': 'True', 'BikeParking': 'True', 'Ambience': ""{'touristy': False, 'hipster': False, 'romantic': False, 'divey': False, 'intimate': False, 'trendy': False, 'upscale': False, 'classy': False, 'casual': False}"", 'BusinessAcceptsBitcoin': 'False', 'Alcohol': ""u'none'""}","Burgers, Food Trucks, Street Vendors, Food, Restaurants, Mexican","{'Monday': '0:0-0:0', 'Tuesday': '10:0-22:0', 'Wednesday': '10:0-22:0', 'Thursday': '10:0-22:0', 'Friday': '10:0-23:0', 'Saturday': '10:0-23:0'}"
SLreQZjicOqB_7MCfJ8MdQ,Biscuits Country Cafe,7026 E Broadway Blvd,Tucson,AZ,85710,32.219735,-110.842995,3.5,167,1,"{'RestaurantsAttire': ""u'casual'"", 'GoodForKids': 'True', 'RestaurantsReservations': 'True', 'OutdoorSeating': 'True', 'BusinessParking': ""{'garage': False, 'street': False, 'validated': False, 'lot': True, 'valet': False}"", 'Alcohol': ""u'none'"", 'Ambience': ""{'romantic': False, 'intimate': False, 'touristy': False, 'hipster': False, 'divey': False, 'classy': False, 'trendy': False, 'upscale': False, 'casual': True}"", 'WiFi': ""u'free'"", 'BusinessAcceptsCreditCards': 'True', 'RestaurantsGoodForGroups': 'True', 'BikeParking': 'True', 'RestaurantsTakeOut': 'True', 'HasTV': 'False', 'NoiseLevel': ""u'average'"", 'Caters': 'False', 'RestaurantsPriceRange2': '2', 'RestaurantsDelivery': 'True', 'GoodForMeal': ""{'dessert': False, 'latenight': False, 'lunch': True, 'dinner': False, 'brunch': True, 'breakfast': True}"", 'HappyHour': 'False'}","Restaurants, Breakfast & Brunch, American (Traditional), Cafes","{'Monday': '0:0-0:0', 'Tuesday': '7:0-14:0', 'Wednesday': '7:0-14:0', 'Thursday': '7:0-14:0', 'Friday': '7:0-14:0', 'Saturday': '7:0-14:0', 'Sunday': '7:0-14:0'}"
AzMeyPRBmm0M78yUDva-xw,Old Pueblo DJ Co.,,Tucson,AZ,85716,32.2479302,-110.9208593,5.0,5,1,{'BusinessAcceptsCreditCards': 'True'},"Musicians, Party & Event Planning, DJs, Event Planning & Services, Wedding Planning",
2JBFrR3KzCfBaFl5sPwSWg,Mattress Firm Tanque Verde,6635 E Grant Rd,Tucson,AZ,85715,32.249197,-110.850244,4.0,17,1,"{'RestaurantsPriceRange2': '2', 'BusinessAcceptsCreditCards': 'True', 'BusinessParking': ""{'garage': False, 'street': False, 'validated': False, 'lot': False, 'valet': False}"", 'BikeParking': 'True'}","Furniture Stores, Shopping, Mattresses, Home & Garden","{'Monday': '10:0-21:0', 'Tuesday': '10:0-20:0', 'Wednesday': '10:0-20:0', 'Thursday': '10:0-20:0', 'Friday': '10:0-18:0', 'Saturday': '11:0-20:0', 'Sunday': '10:0-19:0'}"
J0ATohVwZi9Ym7lqnHPuFQ,Conn's HomePlus,3742 W River Rd,Tucson,AZ,85741,32.320672,-111.0438096662,3.0,10,1,"{'BikeParking': 'True', 'RestaurantsPriceRange2': '2', 'BusinessParking': ""{'garage': False, 'street': False, 'validated': False, 'lot': False, 'valet': False}"", 'RestaurantsDelivery': 'False', 'ByAppointmentOnly': 'False', 'HasTV': 'False', 'DogsAllowed': 'False', 'Caters': 'False', 'WheelchairAccessible': 'False', 'RestaurantsReservations': 'False', 'OutdoorSeating': 'False', 'CoatCheck': 'False', 'DriveThru': 'False', 'BusinessAcceptsCreditCards': 'False', 'RestaurantsTakeOut': 'False', 'HappyHour': 'False'}","Mattresses, Furniture Stores, Home & Garden, Electronics, Shopping, Appliances","{'Monday': '10:0-21:30', 'Tuesday': '10:0-21:30', 'Wednesday': '10:0-21:30', 'Thursday': '10:0-21:30', 'Friday': '10:0-19:0', 'Saturday': '8:0-23:0', 'Sunday': '10:0-20:0'}"
2HmOS-rKrbMUPdLkLmUYmg,Hogan School of Real Estate,4023 E Grant Rd,Tucson,AZ,85712,32.251424,-110.906867,4.0,6,1,{'BusinessAcceptsCreditCards': 'True'},"Real Estate Services, Education, Specialty Schools, Real Estate, Home Services","{'Monday': '8:0-17:0', 'Tuesday': '8:0-17:0', 'Wednesday': '8:0-17:0', 'Thursday': '8:0-17:0', 'Friday': '8:0-17:0'}"
QtsmqZi1ezY-aQS1TkE5OA,Robert's Barber Lounge,"5420 E Broadway, Ste 252",Tucson,AZ,85711,32.2207459,-110.8767354,4.0,32,0,"{'RestaurantsPriceRange2': '2', 'BikeParking': 'True', 'BusinessAcceptsCreditCards': 'True', 'ByAppointmentOnly': 'False', 'BusinessParking': ""{'garage': False, 'street': False, 'validated': False, 'lot': True, 'valet': False}""}","Nail Salons, Barbers, Beauty & Spas, Hair Salons","{'Tuesday': '11:0-19:0', 'Wednesday': '11:0-19:0', 'Thursday': '11:0-19:0', 'Friday': '11:0-19:0', 'Saturday': '10:0-17:0'}"
STNGwWzdwhflVV1QRyg18g,Great American Steakburger,8995 E Tanque Verde Rd,Tucson,AZ,85749,32.2593958692,-110.7994099786,3.5,26,0,"{'HasTV': 'True', 'RestaurantsTakeOut': 'True', 'Alcohol': ""'full_bar'"", 'DriveThru': 'False', 'RestaurantsTableService': 'True', 'GoodForMeal': ""{'dessert': True, 'latenight': False, 'lunch': False, 'dinner': False, 'brunch': False, 'breakfast': False}"", 'BusinessParking': ""{'garage': False, 'street': False, 'validated': False, 'lot': False, 'valet': False}"", 'GoodForKids': 'True', 'OutdoorSeating': 'False', 'WiFi': ""'no'"", 'RestaurantsGoodForGroups': 'True', 'RestaurantsAttire': ""'casual'"", 'NoiseLevel': ""'average'"", 'RestaurantsReservations': 'True', 'RestaurantsPriceRange2': '2', 'Ambience': ""{'touristy': False, 'hipster': False, 'romantic': False, 'divey': False, 'intimate': False, 'trendy': False, 'upscale': False, 'classy': False, 'casual': True}"", 'BikeParking': 'True', 'RestaurantsDelivery': 'False', 'BusinessAcceptsCreditCards': 'True', 'Caters': 'False'}","Restaurants, Nightlife, Bars, Steakhouses, Burgers","{'Monday': '12:0-20:30', 'Tuesday': '12:0-20:30', 'Wednesday': '12:0-20:30', 'Thursday': '12:0-20:30', 'Friday': '12:0-21:0', 'Saturday': '12:0-21:30', 'Sunday': '12:0-20:30'}"
gt6dgnGtaOXm6HIBBfoFJg,XFINITY,,Tucson,AZ,85726,32.2021,-110.946938,1.5,43,1,"{'BusinessAcceptsCreditCards': 'True', 'ByAppointmentOnly': 'False'}","Internet Service Providers, Security Systems, Professional Services, Television Service Providers, Home Services","{'Monday': '7:0-21:0', 'Tuesday': '7:0-21:0', 'Wednesday': '7:0-21:0', 'Thursday': '7:0-21:0', 'Friday': '7:0-21:0', 'Saturday': '7:0-21:0', 'Sunday': '7:0-17:0'}"
ct0CNbZUdGU_RDm8V-oLvA,Central Arizona Freight,2455 N Fairview Ave,Tucson,AZ,85705,32.251725,-110.987309,2.0,5,1,,"Shipping Centers, Local Services",
9N2EGZEaZSK52kViRx9GMg,Los Betos,4855 S Park Ave,Tucson,AZ,85714,32.1640931,-110.9558335,2.5,7,1,"{'BusinessAcceptsCreditCards': 'False', 'Ambience': ""{'touristy': False, 'hipster': False, 'romantic': False, 'divey': False, 'intimate': False, 'trendy': False, 'upscale': False, 'classy': False, 'casual': False}"", 'GoodForMeal': ""{'dessert': False, 'latenight': False, 'lunch': False, 'dinner': False, 'brunch': False, 'breakfast': False}"", 'HasTV': 'True', 'RestaurantsDelivery': 'True'}","Restaurants, Mexican",
HzQnAb1TQglpESMkdP6FCQ,HouseMaster Home Inspections,,Tucson,AZ,85715,32.2514545,-110.8374104,4.5,22,1,"{'BusinessAcceptsCreditCards': 'True', 'ByAppointmentOnly': 'True'}","Home Inspectors, Real Estate, Home Services","{'Monday': '0:0-0:0', 'Tuesday': '8:0-17:0', 'Wednesday': '8:0-17:0', 'Thursday': '8:0-17:0', 'Friday': '8:0-17:0', 'Saturday': '9:0-12:0'}"
T91U3K9eJSZ14TZdaSsAEA,Van's Golf Shops,"4861 E Grant Rd, Ste 161",Tucson,AZ,85712,32.2514738687,-110.8890545368,4.0,5,1,"{'BusinessAcceptsCreditCards': 'True', 'BusinessParking': ""{'garage': False, 'street': False, 'validated': False, 'lot': False, 'valet': False}"", 'RestaurantsPriceRange2': '2'}","Shopping, Golf Equipment Shops, Golf, Active Life, Golf Equipment, Sporting Goods","{'Monday': '0:0-0:0', 'Tuesday': '9:0-20:0', 'Wednesday': '9:0-20:0', 'Thursday': '9:0-20:0', 'Friday': '9:0-17:0', 'Saturday': '9:0-19:0', 'Sunday': '10:0-18:0'}"
26rvYn1RPbJCBW-cW05xnQ,Sun Tran,3920 N Sun Tran Blvd,Tucson,AZ,85705,32.2778511,-111.0077588,2.0,35,1,,"Transportation, Public Transportation, Hotels & Travel, Tours",
t6lT2A-vBhbcJwRiavJZFg,Movement Culture,435 E 9th St,Tucson,AZ,85705,32.22409,-110.9642988,4.0,10,1,"{'GoodForKids': 'True', 'BusinessAcceptsCreditCards': 'True', 'WheelchairAccessible': 'True', 'BikeParking': 'True', 'ByAppointmentOnly': 'False'}","Fitness & Instruction, Active Life, Martial Arts, Performing Arts, Arts & Entertainment, Dance Studios","{'Monday': '6:0-21:0', 'Tuesday': '6:0-21:0', 'Wednesday': '6:0-21:0', 'Thursday': '6:0-21:0', 'Friday': '6:0-21:0', 'Saturday': '6:0-21:0'}"
QTGUmPWqmojVhl7qIPhi0A,Arizona Car Corrections,1001 E Prince Rd,Tucson,AZ,85719,32.2724165,-110.9564149,4.5,10,1,,"Automotive, Auto Repair",
avcOkMsnFse9D-DpIimYkA,U-Like Asian Buffet,330 S Wilmot Rd,Tucson,AZ,85711,32.2166906465,-110.858348608,2.5,98,0,"{'NoiseLevel': ""u'average'"", 'HasTV': 'True', 'RestaurantsGoodForGroups': 'True', 'Ambience': ""{'romantic': False, 'intimate': False, 'touristy': False, 'hipster': False, 'divey': False, 'classy': False, 'trendy': False, 'upscale': False, 'casual': True}"", 'BusinessParking': ""{'garage': False, 'street': False, 'validated': False, 'lot': True, 'valet': False}"", 'RestaurantsTakeOut': 'True', 'RestaurantsReservations': 'False', 'RestaurantsDelivery': 'False', 'BusinessAcceptsCreditCards': 'True', 'WiFi': ""u'no'"", 'GoodForKids': 'True', 'RestaurantsPriceRange2': '2', 'Caters': 'False', 'OutdoorSeating': 'False', 'BikeParking': 'True', 'RestaurantsAttire': ""u'casual'"", 'Alcohol': ""u'none'""}","Asian Fusion, Buffets, Restaurants","{'Monday': '11:0-21:0', 'Tuesday': '11:0-21:0', 'Wednesday': '11:0-21:0', 'Thursday': '11:0-21:0', 'Friday': '11:0-22:0', 'Saturday': '11:0-22:0', 'Sunday': '11:0-21:0'}"
A3vvP7tuNU5Tj2qII6fJIw,Candela Restaurant,5845 N Oracle Rd,Tucson,AZ,85704,32.3131168,-110.9782622,4.5,10,0,"{'RestaurantsGoodForGroups': 'True', 'RestaurantsTakeOut': 'True', 'OutdoorSeating': 'False', 'Alcohol': ""u'full_bar'"", 'BusinessAcceptsCreditCards': 'True', 'RestaurantsReservations': 'True', 'RestaurantsAttire': ""u'casual'"", 'GoodForKids': 'True', 'BusinessParking': ""{'garage': False, 'street': False, 'validated': False, 'lot': True, 'valet': False}"", 'RestaurantsPriceRange2': '2', 'RestaurantsDelivery': 'False'}","Latin American, Restaurants",
7OXqtEjWfILWpaab4EM-YA,Tucson Window and Door,"3961 E Speedway Blvd, Ste 406",Tucson,AZ,85712,32.2362711,-110.90836,2.5,31,1,"{'BusinessAcceptsCreditCards': 'True', 'ByAppointmentOnly': 'True'}","Home Services, Glass & Mirrors, Door Sales/Installation, Windows Installation, Contractors","{'Monday': '8:0-16:0', 'Tuesday': '8:0-16:0', 'Wednesday': '8:0-16:0', 'Thursday': '8:0-16:0', 'Friday': '8:0-16:0', 'Saturday': '10:0-14:0'}"
zt2JwrXrou8PyDELJOOA_w,Alexander Customs,1675 S Craycroft Rd,Tucson,AZ,85711,32.2019151,-110.8745844,4.0,5,0,,"Auto Detailing, Automotive, Auto Repair, Tires, Auto Glass Services","{'Monday': '8:0-17:0', 'Tuesday': '8:0-17:0', 'Wednesday': '8:0-17:0', 'Thursday': '8:0-17:0', 'Friday': '8:0-17:0'}"
a0_wSrpAqg_eHnNej273Sw,Gusto Osteria,7153 E Tanque Verde Rd,Tucson,AZ,85715,32.252344,-110.839897,4.0,138,1,"{'RestaurantsGoodForGroups': 'True', 'HasTV': 'True', 'BusinessAcceptsCreditCards': 'True', 'RestaurantsPriceRange2': '2', 'BikeParking': 'True', 'WiFi': ""u'no'"", 'GoodForKids': 'True', 'RestaurantsAttire': ""u'casual'"", 'BusinessParking': ""{'garage': False, 'street': False, 'validated': False, 'lot': True, 'valet': False}"", 'RestaurantsReservations': 'True', 'OutdoorSeating': 'True', 'NoiseLevel': ""'average'"", 'RestaurantsTakeOut': 'True', 'Caters': 'True', 'Alcohol': ""u'full_bar'"", 'RestaurantsDelivery': 'True', 'GoodForMeal': ""{'dessert': False, 'latenight': False, 'lunch': True, 'dinner': True, 'brunch': False, 'breakfast': False}"", 'Ambience': ""{'touristy': False, 'hipster': False, 'romantic': None, 'divey': False, 'intimate': None, 'trendy': False, 'upscale': False, 'classy': None, 'casual': None}"", 'HappyHour': 'True'}","Restaurants, Italian","{'Monday': '11:0-20:0', 'Tuesday': '11:0-20:0', 'Wednesday': '11:0-20:0', 'Thursday': '11:0-20:0', 'Friday': '11:0-21:0', 'Saturday': '11:0-21:0'}"
fDaz3YbFhjD4dATuHzdBZA,Foothills Dermatology & Facial Plastic Surgery,7418 N La Cholla Blvd,Tucson,AZ,85741,32.3414,-111.010832,4.0,12,1,"{'ByAppointmentOnly': 'True', 'BusinessAcceptsCreditCards': 'True', 'AcceptsInsurance': 'True', 'BusinessParking': ""{'garage': False, 'street': False, 'validated': False, 'lot': True, 'valet': False}"", 'WheelchairAccessible': 'True'}","Skin Care, Hair Removal, Beauty & Spas, Doctors, Plastic Surgeons, Laser Hair Removal, Health & Medical, Medical Centers, Cosmetic Surgeons, Dermatologists, Medical Spas","{'Monday': '8:30-17:0', 'Tuesday': '8:30-17:0', 'Wednesday': '8:30-17:0', 'Thursday': '8:30-17:0', 'Friday': '8:30-17:0'}"
ieTkugkUIuDpyopUGi29Dg,Om Yoga,5961 N Oracle Rd,Tucson,AZ,85704,32.3153532,-110.9776974,5.0,22,1,"{'GoodForKids': 'False', 'BusinessParking': ""{'garage': False, 'street': False, 'validated': False, 'lot': False, 'valet': False}"", 'BusinessAcceptsCreditCards': 'True', 'BikeParking': 'True', 'ByAppointmentOnly': 'False', 'WheelchairAccessible': 'True'}","Yoga, Active Life, Fitness & Instruction","{'Monday': '6:0-19:30', 'Tuesday': '6:0-19:30', 'Wednesday': '6:0-19:30', 'Thursday': '6:0-19:30', 'Friday': '6:0-17:30', 'Saturday': '8:30-18:30', 'Sunday': '8:30-18:30'}"
h0Zxv2SpGNzZGZuJAiS1yA,Jackson Bar + Eatery,8864 E Tanque Verde Rd,Tucson,AZ,85749,32.2574826137,-110.8034461364,4.0,95,0,"{'BusinessAcceptsCreditCards': 'True', 'Ambience': ""{'touristy': False, 'hipster': False, 'romantic': False, 'divey': False, 'intimate': False, 'trendy': False, 'upscale': False, 'classy': True, 'casual': False}"", 'Alcohol': ""u'full_bar'"", 'RestaurantsTableService': 'True', 'RestaurantsAttire': ""'casual'"", 'HappyHour': 'True', 'GoodForKids': 'True', 'BusinessParking': ""{'garage': False, 'street': False, 'validated': False, 'lot': True, 'valet': False}"", 'RestaurantsReservations': 'False', 'RestaurantsPriceRange2': '2', 'CoatCheck': 'False', 'GoodForMeal': ""{'dessert': False, 'latenight': False, 'lunch': True, 'dinner': False, 'brunch': False, 'breakfast': False}"", 'RestaurantsTakeOut': 'True', 'RestaurantsGoodForGroups': 'True', 'GoodForDancing': 'False', 'HasTV': 'True', 'Music': ""{'dj': False, 'background_music': False, 'no_music': False, 'jukebox': False, 'live': False, 'video': False, 'karaoke': False}"", 'OutdoorSeating': 'False', 'WiFi': ""'free'"", 'Smoking': ""u'no'"", 'RestaurantsDelivery': 'False', 'BikeParking': 'True', 'NoiseLevel': ""u'average'""}","American (New), Sandwiches, Bars, Nightlife, Sports Bars, Restaurants","{'Monday': '14:0-22:0', 'Tuesday': '14:0-22:0', 'Wednesday': '14:0-22:0', 'Thursday': '14:0-22:0', 'Friday': '14:0-22:0', 'Saturday': '9:30-22:0', 'Sunday': '9:30-22:0'}"
82hgTx1EnXJNj05rqbg2qQ,Gamestop,"7475 N La Cholla Blvd, Ste 420",Tucson,AZ,85741,32.34289,-111.014162,3.0,8,1,"{'BusinessAcceptsCreditCards': 'True', 'BusinessParking': ""{'garage': False, 'street': False, 'validated': False, 'lot': False, 'valet': False}"", 'RestaurantsPriceRange2': '3'}","Shopping, Books, Mags, Music & Video, Hobby Shops, Videos & Video Game Rental, Video Game Stores",
byVXAw7fHDnp54Qt1tRBKA,Sport Clips Haircuts of Tucson - Wetmore Center,"4230 N Oracle Rd, Ste 120",Tucson,AZ,85705,32.2834557379,-110.9766995528,3.0,12,1,"{'BusinessParking': ""{'garage': False, 'street': False, 'validated': False, 'lot': False, 'valet': False}"", 'ByAppointmentOnly': 'False', 'BusinessAcceptsCreditCards': 'True', 'RestaurantsPriceRange2': '2', 'GoodForKids': 'True', 'BikeParking': 'True', 'WiFi': ""u'free'""}","Beauty & Spas, Barbers, Men's Hair Salons, Hair Salons","{'Monday': '0:0-0:0', 'Tuesday': '10:0-18:0', 'Thursday': '10:0-18:0', 'Friday': '10:0-18:0', 'Saturday': '9:0-17:0', 'Sunday': '10:0-16:0'}"
pIMN38qbWRjr3lxB6IX8Zg,Caliber Collision,721 East 12th St,Tucson,AZ,85719,32.2200718,-110.9601351,3.5,18,1,{'BusinessAcceptsCreditCards': 'True'},"Auto Repair, Automotive, Body Shops","{'Monday': '7:30-17:30', 'Tuesday': '7:30-17:30', 'Wednesday': '7:30-17:30', 'Thursday': '7:30-17:30', 'Friday': '7:30-17:30'}"
CND-z-P0kJczFqlCb-oHRw,Life Care Center of Tucson,6211 N La Cholla Blvd,Tucson,AZ,85741,32.3199266,-111.0129748,1.5,12,1,,"Health & Medical, Rehabilitation Center, Skilled Nursing","{'Monday': '8:0-20:0', 'Tuesday': '8:0-20:0', 'Wednesday': '8:0-20:0', 'Thursday': '8:0-20:0', 'Friday': '8:0-20:0', 'Saturday': '8:0-20:0', 'Sunday': '8:0-20:0'}"
PG9vb6SXpm0a3UBlUqPWTg,Fresh Cutz,3655 N Oracle Rd,Tucson,AZ,85705,32.2729606628,-110.9785232544,4.0,6,1,"{'RestaurantsPriceRange2': '1', 'ByAppointmentOnly': 'False', 'BusinessParking': ""{'garage': False, 'street': False, 'validated': False, 'lot': False, 'valet': False}"", 'BikeParking': 'False', 'BusinessAcceptsCreditCards': 'True'}","Beauty & Spas, Barbers","{'Monday': '8:0-14:0', 'Tuesday': '8:0-18:0', 'Wednesday': '8:0-18:0', 'Thursday': '8:0-18:0', 'Friday': '8:0-18:0', 'Saturday': '8:0-18:0'}"
h0qyeTWCGCGZ-cju_vIZhA,Ancient Therapies Wellness Spa,2452 North Pantano Rd,Tucson,AZ,85715,32.2524062,-110.8230133,5.0,5,1,"{'BusinessAcceptsBitcoin': 'False', 'WheelchairAccessible': 'True', 'BikeParking': 'True', 'ByAppointmentOnly': 'True', 'BusinessAcceptsCreditCards': 'True', 'BusinessParking': ""{'garage': False, 'street': False, 'validated': False, 'lot': True, 'valet': False}"", 'AcceptsInsurance': 'False', 'WiFi': ""u'free'""}","Medical Spas, Beauty & Spas, Herbal Shops, Health & Medical, Saunas, Hydrotherapy, Colonics, Alternative Medicine","{'Monday': '9:0-18:0', 'Tuesday': '9:0-18:0', 'Wednesday': '9:0-18:0', 'Thursday': '9:0-18:0', 'Friday': '9:0-18:0'}"
wPABxiwpUVAvwMvQLDRkcA,Fort Lowell Realty & Property Management,2026 E Prince Rd,Tucson,AZ,85719,32.2717278,-110.9406311,2.5,41,1,{'BusinessAcceptsCreditCards': 'False'},"Home Services, Property Management, Real Estate","{'Monday': '9:0-16:30', 'Tuesday': '9:0-16:30', 'Wednesday': '9:0-16:30', 'Thursday': '9:0-16:30', 'Friday': '9:0-16:30'}"
AQdBRwUcsYY_GKkOTjjEEg,The Vanguard Group - Exp Realty,5524 E 4th St,Tucson,AZ,85711,32.2303452,-110.8747104,5.0,7,1,"{'ByAppointmentOnly': 'False', 'BusinessAcceptsCreditCards': 'False', 'BusinessAcceptsBitcoin': 'False'}","Home Services, Real Estate, Real Estate Agents, Real Estate Services","{'Monday': '0:0-0:0', 'Tuesday': '0:0-0:0', 'Wednesday': '0:0-0:0', 'Thursday': '0:0-0:0', 'Friday': '0:0-0:0', 'Saturday': '0:0-0:0', 'Sunday': '0:0-0:0'}"
e84mq7tIRJ8iQ5yT6rvgBw,Pima Canyon Apartments,750 W Orange Grove Rd,Tucson,AZ,85704,32.323315,-110.981006,4.0,5,1,"{'BusinessAcceptsCreditCards': 'True', 'BusinessAcceptsBitcoin': 'False'}","Home Services, Real Estate, Apartments","{'Monday': '0:0-0:0', 'Tuesday': '9:0-18:0', 'Wednesday': '9:0-18:0', 'Thursday': '9:0-18:0', 'Friday': '9:0-18:0', 'Saturday': '10:0-17:0', 'Sunday': '10:0-17:0'}"
b_MIBX3vBfdB2Sz9HqIBfw,Palm Shadows Apartments,1815 E Speedway Blvd,Tucson,AZ,85719,32.2363457,-110.944563,2.0,6,1,,"Apartments, Home Services, Real Estate",
KHwncPVH4YKRpEPoJpiB1Q,Fire + Spice Tucson,5151 E Grant Rd,Tucson,AZ,85712,32.2516651,-110.8827807,3.5,41,0,"{'RestaurantsAttire': ""u'casual'"", 'BusinessAcceptsCreditCards': 'True', 'RestaurantsPriceRange2': '2', 'HasTV': 'True', 'BusinessParking': ""{'garage': False, 'street': False, 'validated': False, 'lot': True, 'valet': False}"", 'NoiseLevel': ""u'average'"", 'OutdoorSeating': 'True', 'RestaurantsDelivery': 'True', 'WiFi': ""u'paid'"", 'Ambience': ""{'romantic': False, 'intimate': False, 'classy': False, 'hipster': False, 'divey': False, 'touristy': False, 'trendy': False, 'upscale': False, 'casual': True}"", 'RestaurantsTakeOut': 'True', 'Alcohol': ""u'full_bar'"", 'GoodForKids': 'True', 'RestaurantsGoodForGroups': 'True', 'BikeParking': 'True', 'RestaurantsReservations': 'True', 'Caters': 'False', 'HappyHour': 'True'}","Mexican, Tex-Mex, Restaurants","{'Monday': '6:0-23:0', 'Tuesday': '6:0-23:0', 'Wednesday': '6:0-23:0', 'Thursday': '6:0-23:0', 'Friday': '6:0-0:0', 'Saturday': '6:0-0:0', 'Sunday': '6:0-23:0'}"
_UN1Wy9g4jA2O6lsTvXK4g,Desert West Cooling & Heating Inc,3238 E 46th St,Tucson,AZ,85713,32.181104,-110.9233507,2.0,11,1,"{'BusinessAcceptsCreditCards': 'True', 'ByAppointmentOnly': 'True'}","Home Services, Heating & Air Conditioning/HVAC","{'Monday': '8:0-16:0', 'Tuesday': '8:0-16:0', 'Wednesday': '8:0-16:0', 'Thursday': '8:0-16:0', 'Friday': '8:0-16:0'}"
B73uHrYlkCNOIS6JwGBqYg,Barrio Cuisine,188 E Broadway Blvd,Tucson,AZ,85701,32.2212152,-110.9672194,3.5,71,0,"{'RestaurantsTableService': 'True', 'RestaurantsGoodForGroups': 'True', 'Ambience': ""{'romantic': False, 'intimate': False, 'classy': False, 'hipster': False, 'divey': False, 'touristy': False, 'trendy': False, 'upscale': False, 'casual': False}"", 'RestaurantsDelivery': 'False', 'OutdoorSeating': 'False', 'BusinessParking': ""{'garage': False, 'street': True, 'validated': False, 'lot': False, 'valet': False}"", 'NoiseLevel': ""u'average'"", 'Alcohol': ""'full_bar'"", 'RestaurantsAttire': ""'casual'"", 'BusinessAcceptsCreditCards': 'True', 'RestaurantsPriceRange2': '2', 'HasTV': 'True', 'BikeParking': 'True', 'GoodForMeal': ""{'dessert': False, 'latenight': False, 'lunch': False, 'dinner': False, 'brunch': False, 'breakfast': False}"", 'RestaurantsReservations': 'True', 'RestaurantsTakeOut': 'True', 'GoodForKids': 'False', 'HappyHour': 'True'}","Tapas/Small Plates, American (Traditional), Latin American, Restaurants","{'Tuesday': '11:0-22:0', 'Wednesday': '11:0-22:0', 'Thursday': '11:0-22:0', 'Friday': '11:0-22:0', 'Saturday': '11:0-22:0', 'Sunday': '12:0-21:0'}"
TVQUP53ASLlY7UWz3QRWhQ,CVS Pharmacy,6895 E Sunrise Dr,Tucson,AZ,85750,32.3095217,-110.8449542,3.5,7,1,"{'BusinessAcceptsCreditCards': 'True', 'RestaurantsPriceRange2': '3', 'BusinessParking': ""{'garage': False, 'street': False, 'validated': False, 'lot': False, 'valet': False}"", 'RestaurantsTakeOut': 'False', 'DriveThru': 'True', 'RestaurantsDelivery': 'True'}","Pharmacy, Convenience Stores, Food, Drugstores, Shopping, Health & Medical","{'Monday': '8:0-22:0', 'Tuesday': '10:0-20:0', 'Wednesday': '8:0-22:0', 'Thursday': '8:0-22:0', 'Friday': '8:0-22:0', 'Saturday': '8:0-22:0', 'Sunday': '8:0-22:0'}"
EFmE-uiATwFD7nAiBWeW9g,Little Caesars Pizza,5447 East 22Nd Street,Tucson,AZ,85711,32.2077689,-110.8757035,2.0,18,1,"{'BusinessParking': ""{'garage': False, 'street': False, 'validated': False, 'lot': False, 'valet': False}"", 'RestaurantsGoodForGroups': 'True', 'RestaurantsReservations': 'False', 'RestaurantsAttire': ""u'casual'"", 'OutdoorSeating': 'False', 'GoodForKids': 'True', 'RestaurantsPriceRange2': '1', 'RestaurantsTakeOut': 'True', 'BusinessAcceptsCreditCards': 'True', 'Alcohol': ""u'none'"", 'Caters': 'False', 'WiFi': ""u'no'"", 'NoiseLevel': ""'quiet'"", 'HasTV': 'True', 'BikeParking': 'False', 'Ambience': ""{'romantic': False, 'intimate': False, 'touristy': False, 'hipster': False, 'divey': False, 'classy': False, 'trendy': False, 'upscale': False, 'casual': False}"", 'RestaurantsDelivery': 'True'}","Pizza, Restaurants, Fast Food","{'Monday': '10:30-23:0', 'Tuesday': '10:30-23:0', 'Wednesday': '10:30-23:0', 'Thursday': '10:30-23:0', 'Friday': '10:30-0:0', 'Saturday': '10:30-0:0', 'Sunday': '10:30-23:0'}"
A9xpo_CazHqD9zLBp6hsxA,Modern Elixir,"6818 N Oracle, Ste 414",Tucson,AZ,85704,32.3309255,-110.9762571,3.5,6,1,{'ByAppointmentOnly': 'True'},"Naturopathic/Holistic, Health & Medical, Doctors, Family Practice, Beauty & Spas, Medical Spas, Acupuncture","{'Monday': '9:0-17:0', 'Tuesday': '9:0-17:0', 'Wednesday': '9:0-17:0', 'Thursday': '10:0-17:0', 'Friday': '9:0-17:0'}"
fJUQ2hB4PfreN9UlNZl4_w,Desert Dream Ice Cream,1058 N Campbell Ave,Tucson,AZ,85719,32.2352307,-110.9436204,4.5,24,0,"{'BikeParking': 'True', 'RestaurantsTakeOut': 'False', 'WheelchairAccessible': 'True', 'BusinessParking': ""{'garage': False, 'street': False, 'validated': False, 'lot': True, 'valet': False}"", 'RestaurantsPriceRange2': '1', 'Caters': 'False', 'WiFi': ""u'no'"", 'BusinessAcceptsCreditCards': 'True'}","Desserts, Ice Cream & Frozen Yogurt, Food","{'Monday': '0:0-0:0', 'Tuesday': '13:0-21:0', 'Wednesday': '13:0-21:0', 'Thursday': '13:0-21:0', 'Friday': '13:0-21:0', 'Saturday': '13:0-21:0', 'Sunday': '13:0-21:0'}"
ZOpN8DhOaCV7IDDTr7G7Tg,Petco,11985 N Oracle Rd,Tucson,AZ,85737,32.4238485106,-110.9377658116,3.5,23,1,"{'RestaurantsReservations': 'False', 'Caters': 'False', 'RestaurantsTakeOut': 'False', 'HasTV': 'False', 'HappyHour': 'False', 'RestaurantsDelivery': 'False', 'DogsAllowed': 'True', 'ByAppointmentOnly': 'False', 'CoatCheck': 'False', 'OutdoorSeating': 'False', 'WheelchairAccessible': 'True', 'BusinessAcceptsCreditCards': 'True', 'WiFi': ""u'no'""}","Pet Services, Pet Training, Pet Stores, Pets, Pet Groomers","{'Monday': '0:0-0:0', 'Tuesday': '9:0-21:0', 'Wednesday': '9:0-22:0', 'Thursday': '10:0-19:0', 'Friday': '10:0-19:0', 'Saturday': '9:0-20:0', 'Sunday': '10:0-19:0'}"
dygflr6j51vf3-lM5pUIkw,El Dorado,1949 S 4th Ave,Tucson,AZ,85713,32.1988535,-110.9649605,2.5,10,1,"{'RestaurantsTakeOut': 'True', 'RestaurantsAttire': ""u'casual'"", 'RestaurantsPriceRange2': '1', 'GoodForKids': 'False', 'RestaurantsGoodForGroups': 'True', 'Alcohol': ""u'full_bar'"", 'BusinessAcceptsCreditCards': 'True', 'BusinessParking': ""{'garage': False, 'street': False, 'validated': False, 'lot': False, 'valet': False}"", 'WiFi': ""u'no'""}","Mexican, Latin American, Restaurants",
uW8L6awmCyjovD9OhWPo7g,Casa Video,2905 E Speedway Blvd,Tucson,AZ,85716,32.2364346302,-110.9292167332,4.5,151,1,"{'BusinessAcceptsCreditCards': 'True', 'RestaurantsPriceRange2': '1', 'BusinessParking': ""{'garage': False, 'street': False, 'validated': False, 'lot': True, 'valet': False}"", 'BikeParking': 'True', 'DogsAllowed': 'False'}","Books, Mags, Music & Video, Shopping, Videos & Video Game Rental","{'Monday': '10:0-1:0', 'Tuesday': '10:0-1:0', 'Wednesday': '10:0-1:0', 'Thursday': '10:0-1:0', 'Friday': '10:0-1:0', 'Saturday': '10:0-1:0', 'Sunday': '10:0-1:0'}"
QlvRwArDzGNRT_0FAsOSnw,The Vitamin Shoppe,"4329 N Oracle Road, Ste 101",Tucson,AZ,85705,32.2858476,-110.9782858,4.5,7,1,"{'BusinessParking': 'None', 'BusinessAcceptsCreditCards': 'True', 'RestaurantsPriceRange2': '2', 'ByAppointmentOnly': 'False', 'BikeParking': 'True'}","Vitamins & Supplements, Health Markets, Specialty Food, Health & Medical, Shopping, Food","{'Monday': '0:0-0:0', 'Tuesday': '10:0-20:0', 'Wednesday': '10:0-20:0', 'Thursday': '10:0-20:0', 'Friday': '10:0-18:0', 'Saturday': '9:30-19:0', 'Sunday': '10:0-18:0'}"
RhuYqAT45uIR2NNdDsolXQ,St Mary's Mexican Food,1030 W St Marys Rd,Tucson,AZ,85745,32.2299895,-110.9875711,4.0,207,1,"{'RestaurantsAttire': ""u'casual'"", 'RestaurantsTakeOut': 'True', 'Caters': 'True', 'BusinessAcceptsCreditCards': 'True', 'WiFi': ""u'no'"", 'RestaurantsReservations': 'False', 'RestaurantsPriceRange2': '1', 'NoiseLevel': ""u'average'"", 'GoodForKids': 'True', 'BusinessParking': ""{'garage': False, 'street': False, 'validated': False, 'lot': True, 'valet': False}"", 'BikeParking': 'True', 'Alcohol': ""u'none'"", 'HappyHour': 'False', 'GoodForMeal': ""{'dessert': False, 'latenight': False, 'lunch': True, 'dinner': True, 'brunch': None, 'breakfast': True}"", 'RestaurantsDelivery': 'True', 'RestaurantsTableService': 'False', 'Ambience': ""{'touristy': False, 'hipster': False, 'romantic': False, 'divey': None, 'intimate': False, 'trendy': False, 'upscale': False, 'classy': False, 'casual': True}"", 'OutdoorSeating': 'False', 'HasTV': 'True', 'RestaurantsGoodForGroups': 'False'}","Restaurants, Mexican","{'Monday': '8:0-19:0', 'Tuesday': '8:0-19:0', 'Wednesday': '8:0-19:0', 'Thursday': '8:0-19:0', 'Friday': '8:0-19:0', 'Saturday': '8:0-19:0', 'Sunday': '8:30-16:0'}"
i4DpctAkK-KaauKYxCzA4Q,A Able Movers,5762 E 12th St,Tucson,AZ,85711,32.2203621,-110.8692155,2.0,8,1,"{'BusinessAcceptsCreditCards': 'False', 'ByAppointmentOnly': 'False'}","Movers, Home Services","{'Monday': '0:0-0:0', 'Tuesday': '0:0-0:0', 'Wednesday': '0:0-0:0', 'Thursday': '0:0-0:0', 'Friday': '0:0-0:0', 'Saturday': '0:0-0:0', 'Sunday': '0:0-0:0'}"
_rWSlCuVT6HmKzXLj9r_rQ,Nardone Robert DC,"2101 N Country Club Rd, Ste 101",Tucson,AZ,85716,32.2470502,-110.9273091,5.0,16,1,{'ByAppointmentOnly': 'True'},"Chiropractors, Health & Medical","{'Monday': '8:0-17:0', 'Tuesday': '8:0-17:0', 'Wednesday': '8:0-17:0', 'Thursday': '8:0-17:0', 'Friday': '8:0-17:0'}"
IxP1AjJo8yqQM7SeMLeR7g,Denny's,3702 E Irvington Rd,Tucson,AZ,85714,32.1625052373,-110.9138596058,2.5,32,1,"{'RestaurantsReservations': 'False', 'BusinessAcceptsCreditCards': 'True', 'Alcohol': ""'none'"", 'Caters': 'False', 'NoiseLevel': ""'quiet'"", 'RestaurantsAttire': ""u'casual'"", 'Ambience': ""{'touristy': False, 'hipster': False, 'romantic': False, 'divey': False, 'intimate': False, 'trendy': False, 'upscale': False, 'classy': False, 'casual': True}"", 'RestaurantsTakeOut': 'True', 'RestaurantsGoodForGroups': 'True', 'GoodForKids': 'True', 'BusinessParking': ""{'garage': False, 'street': False, 'validated': False, 'lot': True, 'valet': False}"", 'BikeParking': 'False', 'WiFi': ""'no'"", 'RestaurantsPriceRange2': '1', 'GoodForMeal': ""{'dessert': False, 'latenight': False, 'lunch': False, 'dinner': False, 'brunch': True, 'breakfast': True}"", 'RestaurantsDelivery': 'True', 'HasTV': 'True', 'OutdoorSeating': 'True'}","Restaurants, Breakfast & Brunch, American (Traditional), Diners","{'Monday': '0:0-0:0', 'Tuesday': '0:0-0:0', 'Wednesday': '0:0-0:0', 'Thursday': '0:0-0:0', 'Friday': '0:0-0:0', 'Saturday': '0:0-0:0', 'Sunday': '0:0-0:0'}"
pvQqt8VOEZu8lOHbl3hkGw,Lucky Wishbone,5220 S Nogales Hwy,Tucson,AZ,85706,32.1573716,-110.9664275,4.0,22,1,"{'WiFi': ""u'no'"", 'BusinessAcceptsCreditCards': 'True', 'GoodForKids': 'True', 'RestaurantsReservations': 'False', 'Alcohol': ""u'none'"", 'BusinessParking': ""{'garage': False, 'street': False, 'validated': False, 'lot': False, 'valet': False}"", 'RestaurantsPriceRange2': '1', 'RestaurantsTakeOut': 'True', 'RestaurantsGoodForGroups': 'False', 'BikeParking': 'True', 'GoodForMeal': ""{'dessert': False, 'latenight': False, 'lunch': False, 'dinner': False, 'brunch': False, 'breakfast': False}"", 'Ambience': ""{'romantic': False, 'intimate': False, 'classy': False, 'hipster': False, 'divey': False, 'touristy': False, 'trendy': False, 'upscale': False, 'casual': False}"", 'HasTV': 'True', 'OutdoorSeating': 'True', 'NoiseLevel': ""u'average'"", 'RestaurantsAttire': ""'casual'"", 'RestaurantsDelivery': 'True'}","Food, Fast Food, Restaurants","{'Monday': '10:30-21:0', 'Tuesday': '10:30-21:0', 'Wednesday': '10:30-21:0', 'Thursday': '10:30-21:0', 'Friday': '10:30-21:0', 'Saturday': '10:30-21:0', 'Sunday': '10:30-21:0'}"
ZKnIuVY8LgNMbogbN04ggg,Heart of the Horse,10519 E Tanque Verde,Tucson,AZ,85749,32.2533849328,-110.767204,5.0,14,1,"{'GoodForKids': 'True', 'BusinessAcceptsCreditCards': 'False', 'BusinessParking': ""{'garage': False, 'street': False, 'validated': False, 'lot': False, 'valet': False}"", 'WheelchairAccessible': 'True', 'BikeParking': 'True', 'ByAppointmentOnly': 'False'}","Ranches, Pet Services, Counseling & Mental Health, Horse Boarding, Health & Medical, Horseback Riding, Active Life, Pets, Farms, Arts & Entertainment","{'Monday': '6:0-19:30', 'Tuesday': '6:0-19:30', 'Wednesday': '6:0-19:30', 'Thursday': '6:0-19:0', 'Friday': '6:0-19:0', 'Saturday': '6:0-18:0', 'Sunday': '6:0-18:0'}"
SbdL-8NSmTWgSwdGZBa7WQ,Fresco Pizzeria,3011 E Speedway Blvd,Tucson,AZ,85716,32.2364624,-110.9276826,4.0,240,1,"{'RestaurantsTakeOut': 'True', 'WiFi': ""u'free'"", 'RestaurantsGoodForGroups': 'True', 'RestaurantsDelivery': 'True', 'RestaurantsAttire': ""u'casual'"", 'RestaurantsPriceRange2': '2', 'GoodForKids': 'True', 'Ambience': ""{'romantic': False, 'intimate': False, 'touristy': False, 'hipster': False, 'divey': False, 'classy': False, 'trendy': False, 'upscale': False, 'casual': True}"", 'BusinessAcceptsCreditCards': 'True', 'BikeParking': 'True', 'Alcohol': ""u'beer_and_wine'"", 'HasTV': 'False', 'NoiseLevel': ""u'average'"", 'RestaurantsReservations': 'False', 'GoodForMeal': ""{'dessert': False, 'latenight': None, 'lunch': True, 'dinner': True, 'brunch': False, 'breakfast': False}"", 'HappyHour': 'True', 'BusinessParking': ""{'garage': False, 'street': False, 'validated': False, 'lot': True, 'valet': False}"", 'Caters': 'True', 'ByAppointmentOnly': 'False', 'OutdoorSeating': 'False', 'BYOB': 'False', 'RestaurantsTableService': 'False', 'Corkage': 'False', 'WheelchairAccessible': 'True'}","Food, Food Delivery Services, Salad, Italian, Pizza, Restaurants","{'Monday': '0:0-0:0', 'Tuesday': '11:0-21:0', 'Wednesday': '11:0-21:0', 'Thursday': '11:0-21:0', 'Friday': '11:0-22:0', 'Saturday': '11:0-22:0', 'Sunday': '11:0-21:0'}"
Uhs_uVUdPpZqGSBTkjPOoA,Tucson Plumbing,3322 N Richey Blvd,Tucson,AZ,85716,32.2668732,-110.915841,2.5,21,1,"{'BusinessAcceptsCreditCards': 'True', 'ByAppointmentOnly': 'True'}","Heating & Air Conditioning/HVAC, Plumbing, Home Services, Water Heater Installation/Repair","{'Monday': '0:0-0:0', 'Tuesday': '0:0-0:0', 'Wednesday': '0:0-0:0', 'Thursday': '0:0-0:0', 'Friday': '0:0-0:0', 'Saturday': '0:0-0:0', 'Sunday': '0:0-0:0'}"
Ie8ACNYrJ3POhoVyuKpqtA,Red Roof Inn Tucson North - Marana,4940 W Ina Rd,Tucson,AZ,85743,32.3376066667,-111.0698066667,2.0,77,1,"{'WiFi': ""u'free'"", 'RestaurantsPriceRange2': '2', 'BusinessAcceptsCreditCards': 'True', 'DogsAllowed': 'True'}","Hotels, Hotels & Travel, Event Planning & Services","{'Monday': '0:0-23:59', 'Tuesday': '0:0-23:59', 'Wednesday': '0:0-23:59', 'Thursday': '0:0-23:59', 'Friday': '0:0-23:59', 'Saturday': '0:0-23:59', 'Sunday': '0:0-23:59'}"
42odv0ka-Bz4yAZJ27wgGw,Flawless Salon and Medspa,915 N Swan Rd,Tucson,AZ,85711,32.2330386,-110.892895,4.5,7,1,"{'ByAppointmentOnly': 'True', 'BusinessParking': 'None', 'WiFi': ""u'no'"", 'BikeParking': 'True', 'HairSpecializesIn': 'None', 'BusinessAcceptsCreditCards': 'True', 'WheelchairAccessible': 'True'}","Skin Care, Eyelash Service, Beauty & Spas, Medical Spas, Health & Medical, Nail Salons, Hair Salons","{'Monday': '0:0-0:0', 'Tuesday': '9:0-17:0', 'Wednesday': '9:0-17:0', 'Thursday': '9:0-12:0', 'Friday': '9:0-17:0', 'Saturday': '9:0-17:0'}"
gp9PRGOKR7qiRsy-vxoYVA,O' My Buns,5870 E Broadway,Tucson,AZ,85711,32.2198815,-110.8659619,3.5,43,1,"{'BusinessAcceptsCreditCards': 'True', 'RestaurantsPriceRange2': '1', 'BikeParking': 'False', 'BusinessParking': ""{'garage': None, 'street': False, 'validated': False, 'lot': None, 'valet': False}"", 'RestaurantsTakeOut': 'None', 'RestaurantsDelivery': 'None'}","Bakeries, Food","{'Monday': '10:0-21:0', 'Tuesday': '10:0-21:0', 'Wednesday': '10:0-21:0', 'Thursday': '10:0-21:0', 'Friday': '10:0-21:0', 'Saturday': '10:0-21:0', 'Sunday': '11:0-18:0'}"
ujscft15GkpvxcqT4FoAOg,Taco Bell,6616 E Grant Rd,Tucson,AZ,85715,32.249197,-110.851171,2.0,22,1,"{'RestaurantsPriceRange2': '1', 'BusinessAcceptsCreditCards': 'True', 'HasTV': 'True', 'OutdoorSeating': 'False', 'GoodForKids': 'True', 'RestaurantsAttire': ""u'casual'"", 'RestaurantsReservations': 'False', 'RestaurantsTakeOut': 'True', 'NoiseLevel': ""'average'"", 'WiFi': ""'no'"", 'Alcohol': ""'none'"", 'RestaurantsGoodForGroups': 'True', 'BikeParking': 'False', 'GoodForMeal': ""{'dessert': False, 'latenight': False, 'lunch': False, 'dinner': False, 'brunch': False, 'breakfast': False}"", 'Caters': 'False', 'Ambience': ""{'touristy': False, 'hipster': False, 'romantic': False, 'divey': False, 'intimate': False, 'trendy': False, 'upscale': False, 'classy': False, 'casual': False}"", 'DriveThru': 'True', 'RestaurantsDelivery': 'True', 'BusinessParking': ""{'garage': False, 'street': False, 'validated': False, 'lot': True, 'valet': False}""}","Food, Restaurants, Breakfast & Brunch, Fast Food, Tex-Mex, Mexican, Tacos","{'Monday': '7:0-2:0', 'Tuesday': '7:0-2:0', 'Wednesday': '7:0-2:0', 'Thursday': '7:0-2:0', 'Friday': '7:0-3:0', 'Saturday': '7:0-3:0', 'Sunday': '7:0-2:0'}"
t9RaK9hkNX5B4C1TRVOLOQ,Tucson Electric Power,88 E Broadway Blvd,Tucson,AZ,85702,32.220735,-110.969209,1.0,28,1,"{'ByAppointmentOnly': 'False', 'BusinessAcceptsCreditCards': 'True'}","Utilities, Home Services","{'Monday': '7:0-18:0', 'Tuesday': '7:0-18:0', 'Wednesday': '7:0-18:0', 'Thursday': '7:0-18:0', 'Friday': '7:0-18:0'}"
EjX5CZJ_2vype0z1iP0zGQ,Tucson Pool And Spa,170 N Harrison,Tucson,AZ,85748,32.2225924,-110.7891921,4.0,8,1,"{'BusinessParking': ""{'garage': False, 'street': False, 'validated': False, 'lot': True, 'valet': False}"", 'BusinessAcceptsCreditCards': 'True', 'BikeParking': 'True', 'RestaurantsPriceRange2': '2', 'WheelchairAccessible': 'True', 'BusinessAcceptsBitcoin': 'False'}","Pool Cleaners, Local Services, Home Services, Hot Tub & Pool, Home & Garden, Shopping, Pool & Hot Tub Service","{'Monday': '0:0-0:0', 'Tuesday': '8:0-17:0', 'Wednesday': '8:0-17:0', 'Thursday': '8:0-11:0', 'Friday': '8:0-17:0', 'Saturday': '9:0-17:0'}"
sGy67CpJctjeCWClWqonjA,Blake's Lotaburger,2810 E Speedway Blvd,Tucson,AZ,85716,32.2357409936,-110.9304728732,3.0,225,1,"{'RestaurantsAttire': ""'casual'"", 'GoodForKids': 'True', 'HasTV': 'True', 'BusinessParking': ""{'garage': False, 'street': False, 'validated': False, 'lot': True, 'valet': False}"", 'BikeParking': 'True', 'BusinessAcceptsCreditCards': 'True', 'WiFi': ""'free'"", 'GoodForMeal': ""{'dessert': False, 'latenight': False, 'lunch': True, 'dinner': False, 'brunch': False, 'breakfast': True}"", 'RestaurantsPriceRange2': '1', 'Ambience': ""{'touristy': False, 'hipster': False, 'romantic': False, 'divey': False, 'intimate': False, 'trendy': False, 'upscale': False, 'classy': False, 'casual': True}"", 'RestaurantsDelivery': 'True', 'NoiseLevel': ""u'average'"", 'RestaurantsGoodForGroups': 'False', 'Caters': 'False', 'RestaurantsReservations': 'False', 'RestaurantsTableService': 'False', 'OutdoorSeating': 'True', 'DriveThru': 'True', 'RestaurantsTakeOut': 'True', 'Alcohol': ""'none'"", 'DogsAllowed': 'False'}","Hot Dogs, Burgers, Restaurants, Fast Food","{'Monday': '0:0-0:0', 'Tuesday': '6:0-22:0', 'Wednesday': '6:0-22:0', 'Thursday': '6:0-22:0', 'Friday': '6:0-18:0', 'Saturday': '9:0-22:0', 'Sunday': '7:0-22:0'}"
lEOxwatxwXaCi8lPUTFKRQ,Indian Frybread-Manna From Heaven,1118 W St Mary's Rd,Tucson,AZ,85745,32.2298445,-110.9894239,4.5,84,0,"{'RestaurantsAttire': ""'casual'"", 'RestaurantsTableService': 'False', 'GoodForKids': 'True', 'RestaurantsDelivery': 'False', 'BusinessParking': ""{'garage': False, 'street': False, 'validated': False, 'lot': True, 'valet': False}"", 'WiFi': ""'no'"", 'RestaurantsPriceRange2': '1', 'RestaurantsTakeOut': 'True', 'OutdoorSeating': 'True', 'RestaurantsReservations': 'False', 'Alcohol': ""u'none'"", 'HasTV': 'True', 'BusinessAcceptsCreditCards': 'True', 'Caters': 'True', 'NoiseLevel': ""u'average'"", 'WheelchairAccessible': 'False', 'Ambience': ""{'romantic': False, 'intimate': False, 'classy': False, 'hipster': False, 'divey': False, 'touristy': False, 'trendy': False, 'upscale': False, 'casual': True}"", 'GoodForMeal': ""{'dessert': False, 'latenight': False, 'lunch': True, 'dinner': True, 'brunch': False, 'breakfast': False}"", 'RestaurantsGoodForGroups': 'False', 'BikeParking': 'True'}","Restaurants, Mexican, American (Traditional), Indian, Food","{'Tuesday': '11:0-20:0', 'Wednesday': '11:0-20:0', 'Thursday': '11:0-20:0', 'Friday': '11:0-20:0', 'Saturday': '8:0-20:0', 'Sunday': '7:0-13:0'}"
u4P6hqDz6-QG9PR2Pj5KIw,Raptor Canyon Cafe,75 E Pennington St,Tucson,AZ,85701,32.2232863,-110.9699463,5.0,82,1,"{'GoodForMeal': ""{'dessert': False, 'latenight': False, 'lunch': False, 'dinner': False, 'brunch': False, 'breakfast': False}"", 'RestaurantsReservations': 'False', 'RestaurantsGoodForGroups': 'True', 'BusinessParking': ""{'garage': None, 'street': True, 'validated': None, 'lot': None, 'valet': False}"", 'OutdoorSeating': 'True', 'RestaurantsDelivery': 'None', 'BusinessAcceptsCreditCards': 'True', 'WiFi': ""u'free'"", 'RestaurantsTakeOut': 'True', 'Ambience': ""{u'divey': None, u'hipster': None, u'casual': True, u'touristy': False, u'trendy': None, u'intimate': False, u'romantic': None, u'classy': None, u'upscale': False}""}","Cafes, American (Traditional), Breakfast & Brunch, Restaurants","{'Monday': '7:0-14:0', 'Tuesday': '7:0-14:0', 'Wednesday': '7:0-14:0', 'Thursday': '7:0-14:0', 'Friday': '7:0-14:0'}"
3StNEgKAwpCFR1q0urmJrw,Raijin Ramen,2995 E Speedway,Tucson,AZ,85716,32.236453242,-110.9283937833,4.0,594,1,"{'RestaurantsTableService': 'True', 'GoodForKids': 'True', 'WiFi': ""'no'"", 'Ambience': ""{u'divey': False, u'hipster': None, u'casual': True, u'touristy': False, u'trendy': True, u'intimate': False, u'romantic': False, u'classy': False, u'upscale': False}"", 'RestaurantsGoodForGroups': 'True', 'Caters': 'False', 'RestaurantsReservations': 'False', 'Alcohol': ""'beer_and_wine'"", 'RestaurantsAttire': ""'casual'"", 'HasTV': 'False', 'WheelchairAccessible': 'True', 'NoiseLevel': ""'average'"", 'BusinessParking': ""{'garage': False, 'street': True, 'validated': False, 'lot': True, 'valet': False}"", 'OutdoorSeating': 'True', 'GoodForMeal': ""{'dessert': False, 'latenight': None, 'lunch': True, 'dinner': True, 'brunch': None, 'breakfast': None}"", 'RestaurantsPriceRange2': '2', 'RestaurantsDelivery': 'True', 'BusinessAcceptsCreditCards': 'True', 'HappyHour': 'False', 'RestaurantsTakeOut': 'True', 'BikeParking': 'True', 'BYOB': 'False', 'DogsAllowed': 'False'}","Noodles, Japanese, Diners, Restaurants, Ramen","{'Tuesday': '12:0-20:0', 'Wednesday': '12:0-20:0', 'Thursday': '12:0-20:0', 'Friday': '12:0-20:0', 'Saturday': '16:0-20:0', 'Sunday': '16:0-20:0'}"
K1r1fGmCbrmC_V6Aj22Zew,Village Bakehouse,7882 N Oracle Rd,Tucson,AZ,85704,32.349513661,-110.9735189881,4.0,296,1,"{'NoiseLevel': ""u'average'"", 'Ambience': ""{'romantic': False, 'intimate': False, 'classy': False, 'hipster': False, 'divey': False, 'touristy': False, 'trendy': False, 'upscale': False, 'casual': True}"", 'GoodForKids': 'True', 'RestaurantsGoodForGroups': 'True', 'RestaurantsAttire': ""u'casual'"", 'Caters': 'True', 'BikeParking': 'True', 'BusinessParking': ""{'garage': False, 'street': False, 'validated': False, 'lot': True, 'valet': False}"", 'WiFi': ""u'free'"", 'Alcohol': ""u'none'"", 'RestaurantsTakeOut': 'True', 'BusinessAcceptsCreditCards': 'True', 'RestaurantsReservations': 'False', 'RestaurantsDelivery': 'None', 'HasTV': 'False', 'GoodForMeal': ""{'dessert': False, 'latenight': False, 'lunch': True, 'dinner': False, 'brunch': True, 'breakfast': True}"", 'OutdoorSeating': 'True', 'DogsAllowed': 'True', 'ByAppointmentOnly': 'False', 'RestaurantsPriceRange2': '2', 'RestaurantsTableService': 'False', 'WheelchairAccessible': 'True'}","Bakeries, Restaurants, Food, Breakfast & Brunch, Sandwiches","{'Monday': '7:0-16:0', 'Tuesday': '7:0-16:0', 'Wednesday': '7:0-16:0', 'Thursday': '7:0-16:0', 'Friday': '7:0-16:0', 'Saturday': '7:0-16:0', 'Sunday': '8:0-14:0'}"
qoIPlZECW-aI0zZYVZtT8A,Hub On Campus Speedway,850 E Speedway Blvd,Tucson,AZ,85719,32.2357566,-110.958138,2.0,8,1,,"Real Estate, Home Services, University Housing, Apartments","{'Monday': '0:0-0:0', 'Tuesday': '10:0-19:0', 'Wednesday': '10:0-19:0', 'Thursday': '10:0-19:0', 'Friday': '10:0-19:0', 'Saturday': '10:0-17:0', 'Sunday': '13:0-17:0'}"
u_3Fu4wROCAzMwMoVdMVqw,Fry's,8080 S Houghton Rd,Tucson,AZ,85747,32.1053957,-110.7740065,3.5,50,1,"{'BusinessAcceptsCreditCards': 'True', 'RestaurantsDelivery': 'False', 'BusinessParking': ""{'garage': False, 'street': False, 'validated': False, 'lot': True, 'valet': False}"", 'RestaurantsPriceRange2': '2', 'BikeParking': 'True', 'Caters': 'False', 'RestaurantsTakeOut': 'True'}","Bakeries, Grocery, Food","{'Monday': '6:0-23:0', 'Tuesday': '6:0-23:0', 'Wednesday': '6:0-23:0', 'Thursday': '6:0-23:0', 'Friday': '6:0-23:0', 'Saturday': '6:0-23:0', 'Sunday': '6:0-23:0'}"
4pttw53YrhH253K15D9_wg,Jimmy John's,4356 N Oracle Rd,Tucson,AZ,85705,32.2858065,-110.9777208,3.5,27,1,"{'Alcohol': ""u'none'"", 'BusinessAcceptsCreditCards': 'True', 'RestaurantsReservations': 'False', 'RestaurantsDelivery': 'True', 'RestaurantsGoodForGroups': 'True', 'RestaurantsTakeOut': 'True', 'GoodForKids': 'True', 'RestaurantsPriceRange2': '1', 'RestaurantsAttire': ""u'casual'"", 'Ambience': 'None', 'WiFi': ""u'no'"", 'HasTV': 'True', 'BikeParking': 'True', 'Caters': 'True', 'WheelchairAccessible': 'True', 'OutdoorSeating': 'True', 'DriveThru': 'True', 'BusinessParking': ""{'garage': False, 'street': False, 'validated': False, 'lot': True, 'valet': False}"", 'HappyHour': 'False'}","Fast Food, Food, Sandwiches, Food Delivery Services, Delis, Restaurants","{'Monday': '10:30-20:0', 'Tuesday': '10:30-20:0', 'Wednesday': '10:30-20:0', 'Thursday': '10:30-20:0', 'Friday': '10:30-20:0', 'Saturday': '11:0-20:0', 'Sunday': '11:0-20:0'}"
IfQMGRiyTb61B9uEPr704Q,TN Nails,6811 N Thornydale Rd,Tucson,AZ,85741,32.3307329,-111.0469256,3.5,27,1,"{'BusinessParking': ""{'garage': False, 'street': False, 'validated': False, 'lot': True, 'valet': False}"", 'BikeParking': 'True', 'BusinessAcceptsCreditCards': 'True', 'WiFi': ""u'free'"", 'WheelchairAccessible': 'True', 'RestaurantsPriceRange2': '2', 'ByAppointmentOnly': 'False'}","Hair Removal, Nail Technicians, Beauty & Spas, Waxing, Nail Salons","{'Monday': '9:0-18:0', 'Tuesday': '9:0-18:0', 'Wednesday': '9:0-18:0', 'Thursday': '9:0-18:0', 'Friday': '10:30-18:0', 'Saturday': '9:0-18:0', 'Sunday': '11:0-17:0'}"
7KA6W8vNKhNzqtn3OrL8KQ,May Flower Chinese Restaurant,6462 N Oracle Rd,Tucson,AZ,85704,32.3227222,-110.9746762,3.5,23,0,"{'RestaurantsReservations': 'True', 'BusinessParking': ""{'garage': False, 'street': False, 'validated': False, 'lot': True, 'valet': False}"", 'Ambience': ""{'romantic': False, 'intimate': False, 'touristy': False, 'hipster': False, 'divey': False, 'classy': False, 'trendy': False, 'upscale': False, 'casual': True}"", 'Alcohol': ""u'none'"", 'BusinessAcceptsCreditCards': 'True', 'RestaurantsDelivery': 'True', 'RestaurantsTakeOut': 'True', 'OutdoorSeating': 'False', 'RestaurantsAttire': ""u'casual'"", 'RestaurantsPriceRange2': '1', 'RestaurantsGoodForGroups': 'True', 'HasTV': 'True', 'NoiseLevel': ""u'quiet'"", 'BikeParking': 'True', 'GoodForKids': 'True', 'WiFi': ""u'no'""}","Restaurants, Chinese","{'Monday': '11:0-21:0', 'Tuesday': '11:0-21:30', 'Wednesday': '11:0-21:30', 'Thursday': '11:0-21:30', 'Friday': '11:0-21:30', 'Saturday': '11:0-21:30', 'Sunday': '11:0-21:0'}"
qhVG2z0V6VDtOrb1E8utKA,Verizon,"7350 N La Cholla Blvd, Ste 101",Tucson,AZ,85741,32.3403375,-111.01209,1.5,15,0,"{'RestaurantsDelivery': 'False', 'RestaurantsTakeOut': 'True'}","Internet Service Providers, Electronics, Home Services, Mobile Phones, Professional Services, Shopping","{'Monday': '11:0-16:0', 'Tuesday': '11:0-16:0', 'Wednesday': '11:0-16:0', 'Thursday': '11:0-16:0', 'Friday': '11:0-16:0', 'Saturday': '11:0-16:0'}"
6ylAcm5ZHOQThhm3sU-Bsg,VIP Mortgage,5401 N Oracle Rd,Tucson,AZ,85704,32.3046268,-110.9793857,3.0,7,1,"{'ByAppointmentOnly': 'False', 'BusinessAcceptsCreditCards': 'False'}","Home Services, Real Estate, Mortgage Brokers, Financial Services","{'Monday': '8:0-22:0', 'Tuesday': '8:0-22:0', 'Wednesday': '8:0-22:0', 'Thursday': '8:0-22:0', 'Friday': '8:0-22:0', 'Saturday': '8:0-22:0', 'Sunday': '8:0-22:0'}"
RpMFkxePli-ZG-VJcuOcjA,Meatball Madness Food Truck,,Tucson,AZ,85705,32.2680738,-110.9923904,2.0,18,1,"{'BikeParking': 'True', 'Alcohol': ""u'none'"", 'BusinessAcceptsCreditCards': 'True', 'BusinessParking': ""{'garage': False, 'street': False, 'validated': False, 'lot': True, 'valet': False}"", 'GoodForMeal': ""{'dessert': False, 'latenight': False, 'lunch': False, 'dinner': False, 'brunch': False, 'breakfast': False}"", 'RestaurantsPriceRange2': '1'}","Food Trucks, Food",
tP8wd-9CrI_RkHK424oifQ,Panera Bread,"4362 N Oracle Rd, Ste 100",Tucson,AZ,85705,32.2860688923,-110.9775895653,3.0,128,0,"{'RestaurantsPriceRange2': '1', 'Alcohol': ""u'none'"", 'GoodForKids': 'True', 'RestaurantsTakeOut': 'True', 'RestaurantsAttire': ""u'casual'"", 'BusinessAcceptsCreditCards': 'True', 'WiFi': ""'free'"", 'BikeParking': 'True', 'RestaurantsGoodForGroups': 'True', 'OutdoorSeating': 'True', 'NoiseLevel': ""u'average'"", 'HasTV': 'True', 'RestaurantsDelivery': 'True', 'RestaurantsReservations': 'False', 'Caters': 'True', 'GoodForMeal': ""{'dessert': False, 'latenight': False, 'lunch': True, 'dinner': True, 'brunch': True, 'breakfast': True}"", 'BusinessParking': ""{'garage': False, 'street': False, 'validated': False, 'lot': None, 'valet': False}"", 'Ambience': ""{'touristy': False, 'hipster': False, 'romantic': False, 'divey': False, 'intimate': False, 'trendy': None, 'upscale': False, 'classy': False, 'casual': True}""}","Sandwiches, Bakeries, Restaurants, Soup, Salad, Cafes, Food","{'Monday': '6:0-21:0', 'Tuesday': '6:0-21:0', 'Wednesday': '6:0-21:0', 'Thursday': '6:0-21:0', 'Friday': '6:0-21:0', 'Saturday': '6:0-21:0', 'Sunday': '7:0-20:0'}"
OR4fxnKx2urdFv2HSLfRjA,Southern Arizona Plumbing,,Tucson,AZ,85641,32.0149212,-110.6645683,4.5,16,1,,"Plumbing, Home Services, Local Services, Septic Services, Water Heater Installation/Repair",
ayKkakJwKGx5eBCYboYOHw,Taco Bell,1720 W. Speedway Blvd,Tucson,AZ,85745,32.236052,-111.003001,2.5,22,1,"{'RestaurantsReservations': 'False', 'RestaurantsGoodForGroups': 'True', 'GoodForKids': 'True', 'OutdoorSeating': 'False', 'WiFi': ""'free'"", 'GoodForMeal': ""{'dessert': False, 'latenight': False, 'lunch': False, 'dinner': False, 'brunch': False, 'breakfast': False}"", 'BusinessAcceptsCreditCards': 'True', 'BusinessParking': ""{'garage': False, 'street': False, 'validated': False, 'lot': False, 'valet': False}"", 'RestaurantsPriceRange2': '1', 'RestaurantsAttire': ""'casual'"", 'BikeParking': 'True', 'HasTV': 'True', 'RestaurantsDelivery': 'True', 'DriveThru': 'True', 'RestaurantsTakeOut': 'True', 'Ambience': ""{'touristy': False, 'hipster': False, 'romantic': False, 'divey': False, 'intimate': False, 'trendy': False, 'upscale': False, 'classy': False, 'casual': False}""}","Tex-Mex, Restaurants, Breakfast & Brunch, Mexican, Fast Food, Tacos","{'Monday': '7:0-2:0', 'Tuesday': '7:0-2:0', 'Wednesday': '7:0-2:0', 'Thursday': '7:0-3:0', 'Friday': '7:0-3:0', 'Saturday': '7:0-3:0', 'Sunday': '7:0-2:0'}"
dUy_useEo2sT8_8aOgJCcA,Riviera Wellness Massage,5677 E Speedway,Tucson,AZ,85712,32.2369306,-110.8712034,4.5,22,0,"{'BusinessAcceptsCreditCards': 'True', 'AcceptsInsurance': 'False', 'WiFi': ""u'no'"", 'ByAppointmentOnly': 'False'}","Massage, Beauty & Spas, Massage Therapy, Health & Medical, Reflexology","{'Monday': '10:0-21:0', 'Tuesday': '10:0-21:0', 'Wednesday': '10:0-21:0', 'Thursday': '10:0-21:0', 'Friday': '10:0-21:0', 'Saturday': '10:0-21:0', 'Sunday': '11:0-19:0'}"
RLI3XcSeNSwIOdxPwBRCxA,CityWide Restoration,5602 E Spring St,Tucson,AZ,85712,32.251542,-110.8731271,4.5,6,1,{'BusinessAcceptsCreditCards': 'True'},"Home Services, Damage Restoration, Local Services, Roofing, Contractors","{'Monday': '7:30-17:0', 'Tuesday': '7:30-17:0', 'Wednesday': '7:30-17:0', 'Thursday': '7:30-17:0', 'Friday': '7:30-17:0', 'Saturday': '7:30-17:0', 'Sunday': '7:30-17:0'}"
8aFclcpQ755XJTz8el8mnA,Cactus Overhead Garage Doors,,Tucson,AZ,85739,32.227832,-110.943959,3.0,20,1,"{'BusinessAcceptsCreditCards': 'True', 'BusinessAcceptsBitcoin': 'False', 'ByAppointmentOnly': 'True'}","Home Services, Garage Door Services","{'Monday': '9:0-16:0', 'Tuesday': '9:0-16:0', 'Wednesday': '9:0-16:0', 'Thursday': '9:0-16:0', 'Friday': '9:0-16:0'}"
8WBrDGUQr353RN4f0rVHAA,Bidegain Realty,8755 E Broadway Blvd,Tucson,AZ,85710,32.221054,-110.805454,2.0,19,1,"{'ByAppointmentOnly': 'False', 'BusinessAcceptsCreditCards': 'False'}","Real Estate Agents, Property Management, Apartments, Home Services, Real Estate, Real Estate Services","{'Monday': '9:0-17:0', 'Tuesday': '9:0-17:0', 'Wednesday': '9:0-17:0', 'Thursday': '9:0-17:0', 'Friday': '9:0-17:0'}"
uEWsfftrJ7ukPv1xyMVcrg,Savers,5845 E Broadway Blvd,Tucson,AZ,85711,32.2222453,-110.8675292,4.0,56,1,"{'RestaurantsPriceRange2': '1', 'BusinessAcceptsCreditCards': 'True', 'BusinessParking': ""{'garage': False, 'street': False, 'validated': False, 'lot': True, 'valet': False}"", 'BikeParking': 'True', 'WiFi': ""u'no'""}","Thrift Stores, Donation Center, Shopping, Local Services","{'Monday': '0:0-0:0', 'Tuesday': '10:0-20:0', 'Wednesday': '10:0-20:0', 'Thursday': '10:0-17:0', 'Friday': '10:0-16:0', 'Saturday': '10:0-20:0', 'Sunday': '11:0-19:0'}"
pOV1fyT-2ZV5nDT59wz9wA,Toxic Ranch,,Tucson,AZ,85719,32.2212934,-110.9412657,4.5,10,0,"{'RestaurantsPriceRange2': '1', 'BusinessParking': ""{'garage': False, 'street': True, 'validated': False, 'lot': False, 'valet': False}"", 'BusinessAcceptsCreditCards': 'True', 'BusinessAcceptsBitcoin': 'False'}","Shopping, Music & DVDs, Books, Mags, Music & Video","{'Thursday': '13:0-20:0', 'Friday': '13:0-20:0', 'Saturday': '11:0-20:0', 'Sunday': '13:0-19:0'}"
JN_sprx6_17CEhtbEK-AJg,Polo's Taqueria,918 W Prince Rd,Tucson,AZ,85705,32.2723937,-110.9875742,4.5,13,0,"{'RestaurantsAttire': ""'casual'"", 'RestaurantsTakeOut': 'True', 'HasTV': 'False', 'GoodForMeal': ""{'dessert': False, 'latenight': False, 'lunch': False, 'dinner': False, 'brunch': False, 'breakfast': False}"", 'RestaurantsTableService': 'False', 'GoodForKids': 'True', 'RestaurantsDelivery': 'False', 'RestaurantsGoodForGroups': 'True', 'RestaurantsReservations': 'False', 'BusinessAcceptsCreditCards': 'True', 'OutdoorSeating': 'False', 'RestaurantsPriceRange2': '1'}","Restaurants, Mexican","{'Monday': '8:0-18:0', 'Tuesday': '8:0-18:0', 'Wednesday': '8:0-18:0', 'Thursday': '8:0-18:0', 'Friday': '8:0-18:0', 'Saturday': '8:0-18:0', 'Sunday': '8:0-18:0'}"
FyHvN2aeGZyGYQrN47cE1g,Ramada Limited Tucson West,665 N Fwy Rd,Tucson,AZ,85745,32.231113,-110.984138,2.0,12,1,"{'BusinessAcceptsCreditCards': 'True', 'RestaurantsPriceRange2': '2', 'WiFi': ""u'free'""}","Event Planning & Services, Hotels & Travel, Hotels",
AsqWM4WNxtA1sh1xa3J_kw,Peaceful Spirit Massage and Wellness Centers,2930 N Country Club Rd,Tucson,AZ,85716,32.260166,-110.9264243,4.5,42,1,"{'BusinessAcceptsCreditCards': 'True', 'ByAppointmentOnly': 'True', 'RestaurantsPriceRange2': '2', 'BusinessParking': ""{'garage': False, 'street': False, 'validated': False, 'lot': True, 'valet': False}"", 'WiFi': ""u'free'"", 'AcceptsInsurance': 'True', 'BikeParking': 'True'}","Health & Medical, Massage, Massage Therapy, Beauty & Spas, Acupuncture, Reflexology, Chiropractors, Traditional Chinese Medicine","{'Monday': '0:0-0:0', 'Tuesday': '9:30-20:0', 'Wednesday': '9:30-20:0', 'Thursday': '9:30-18:0', 'Friday': '9:30-20:0', 'Saturday': '9:0-18:0', 'Sunday': '9:0-18:0'}"
m5c_a389Wo6-qlnRH2P6JQ,"Edmonds, Husz, and Pemberton Eyecare",4730 E Pima St,Tucson,AZ,85712,32.2431917,-110.8917308,5.0,9,1,"{'WheelchairAccessible': 'True', 'ByAppointmentOnly': 'True', 'AcceptsInsurance': 'True', 'BusinessAcceptsCreditCards': 'True'}","Health & Medical, Optometrists, Shopping, Eyewear & Opticians","{'Monday': '8:0-17:30', 'Tuesday': '8:0-17:30', 'Wednesday': '8:0-17:30', 'Thursday': '8:0-17:30', 'Friday': '8:0-17:30', 'Saturday': '8:0-12:0'}"
sblBkFisRF2D7sZOi5gh6Q,Pandora at Park Place Mall,5870 East Broadway Blvd,Tucson,AZ,85711,32.220267,-110.865525,1.0,5,1,,"Jewelry, Shopping","{'Monday': '10:0-21:0', 'Tuesday': '10:0-21:0', 'Wednesday': '10:0-21:0', 'Thursday': '10:0-21:0', 'Friday': '10:0-21:0', 'Saturday': '10:0-21:0', 'Sunday': '11:0-18:0'}"
TRtcUUdBfO9e7wBoJLH9NA,Thai Chi Foot Massage,"8140 S Houghton Rd, Ste 110",Tucson,AZ,85747,32.1039658,-110.7746873,5.0,48,1,"{'BusinessAcceptsCreditCards': 'True', 'ByAppointmentOnly': 'False', 'BikeParking': 'True', 'BusinessParking': ""{'garage': False, 'street': False, 'validated': False, 'lot': False, 'valet': False}"", 'RestaurantsPriceRange2': '1'}","Beauty & Spas, Massage","{'Monday': '9:30-21:30', 'Tuesday': '9:30-21:30', 'Wednesday': '9:30-21:30', 'Thursday': '9:30-21:30', 'Friday': '9:30-21:30', 'Saturday': '9:30-21:30', 'Sunday': '10:30-20:0'}"
YjUWPpI6HXG530lwP-fb2A,Kettle Restaurant,748 W Starr Pass Blvd,Tucson,AZ,85713,32.2072326,-110.9808639,3.5,47,1,"{'RestaurantsReservations': 'True', 'BusinessParking': ""{'garage': False, 'street': False, 'validated': False, 'lot': True, 'valet': False}"", 'Ambience': ""{'romantic': False, 'intimate': False, 'classy': False, 'hipster': False, 'divey': False, 'touristy': False, 'trendy': False, 'upscale': False, 'casual': True}"", 'NoiseLevel': ""u'average'"", 'GoodForKids': 'True', 'RestaurantsPriceRange2': '1', 'OutdoorSeating': 'False', 'RestaurantsTakeOut': 'True', 'RestaurantsGoodForGroups': 'True', 'RestaurantsAttire': ""u'casual'"", 'BusinessAcceptsCreditCards': 'True', 'Caters': 'False', 'BikeParking': 'True', 'Alcohol': ""u'none'"", 'WiFi': ""u'free'"", 'GoodForMeal': ""{'dessert': False, 'latenight': False, 'lunch': True, 'dinner': True, 'brunch': False, 'breakfast': True}"", 'HasTV': 'True', 'RestaurantsDelivery': 'True'}","Restaurants, Breakfast & Brunch",
PpyM4-ICqfw_7wI6YKUQ1Q,Serenity Nails Spa,"60 N Harrison Rd, Ste 150",Tucson,AZ,85748,32.222277,-110.787519,3.5,56,1,"{'BikeParking': 'True', 'BusinessParking': ""{'garage': False, 'street': False, 'validated': False, 'lot': True, 'valet': False}"", 'ByAppointmentOnly': 'False', 'BusinessAcceptsCreditCards': 'True', 'RestaurantsPriceRange2': '2', 'WiFi': ""u'free'"", 'WheelchairAccessible': 'True'}","Beauty & Spas, Nail Salons","{'Monday': '9:0-19:0', 'Wednesday': '9:0-19:0', 'Thursday': '9:0-19:0', 'Friday': '9:0-19:0', 'Saturday': '9:0-19:0', 'Sunday': '11:0-17:0'}"
mvo6AKk3P4gK9XceuW5nBg,Tucson Business Club,"5425 N Oracle Rd, Ste 135",Tucson,AZ,85704,32.3053402,-110.9792444,5.0,6,1,,"Marketing, Professional Services","{'Monday': '9:0-17:0', 'Tuesday': '9:0-17:0', 'Wednesday': '9:0-17:0', 'Thursday': '9:0-17:0', 'Friday': '9:0-17:0'}"
H1i2aWZKw0SRPfaDImV5XA,Wingstop,3662 W Ina Rd,Tucson,AZ,85741,32.3380579,-111.0438984,3.0,62,1,"{'GoodForKids': 'True', 'WiFi': ""'no'"", 'RestaurantsTakeOut': 'True', 'BikeParking': 'True', 'RestaurantsAttire': ""u'casual'"", 'BusinessAcceptsCreditCards': 'True', 'Alcohol': ""'beer_and_wine'"", 'HasTV': 'True', 'RestaurantsPriceRange2': '2', 'OutdoorSeating': 'False', 'RestaurantsReservations': 'False', 'RestaurantsDelivery': 'True', 'RestaurantsGoodForGroups': 'False', 'Ambience': ""{u'divey': None, u'hipster': None, u'casual': True, u'touristy': False, u'trendy': None, u'intimate': False, u'romantic': False, u'classy': False, u'upscale': None}"", 'GoodForMeal': ""{'dessert': False, 'latenight': False, 'lunch': True, 'dinner': False, 'brunch': False, 'breakfast': False}"", 'NoiseLevel': ""u'average'"", 'Caters': 'True', 'BusinessParking': ""{u'valet': False, u'garage': None, u'street': False, u'lot': True, u'validated': False}""}","Chicken Wings, Restaurants, American (New)","{'Monday': '11:0-0:0', 'Tuesday': '11:0-0:0', 'Wednesday': '11:0-0:0', 'Thursday': '11:0-0:0', 'Friday': '11:0-0:0', 'Saturday': '11:0-0:0', 'Sunday': '11:0-0:0'}"
f44pSEoqD2vgoOpnp5jUZw,New Town Buffet,8500 N Cracker Barrel Rd,Tucson,AZ,85743,32.3608089,-111.094157,3.0,89,1,"{'GoodForKids': 'True', 'OutdoorSeating': 'False', 'Alcohol': ""u'beer_and_wine'"", 'NoiseLevel': ""u'average'"", 'BusinessAcceptsCreditCards': 'True', 'RestaurantsGoodForGroups': 'True', 'Ambience': ""{'romantic': False, 'intimate': False, 'classy': False, 'hipster': False, 'divey': False, 'touristy': False, 'trendy': False, 'upscale': False, 'casual': True}"", 'RestaurantsTakeOut': 'True', 'Caters': 'True', 'BikeParking': 'True', 'HappyHour': 'False', 'RestaurantsAttire': ""'casual'"", 'RestaurantsDelivery': 'True', 'RestaurantsTableService': 'True', 'WiFi': ""'no'"", 'RestaurantsPriceRange2': '2', 'GoodForMeal': ""{'dessert': False, 'latenight': None, 'lunch': True, 'dinner': None, 'brunch': True, 'breakfast': None}"", 'BYOB': 'False', 'WheelchairAccessible': 'True', 'RestaurantsReservations': 'True', 'BusinessAcceptsBitcoin': 'False', 'HasTV': 'True', 'DogsAllowed': 'False', 'BusinessParking': ""{'garage': False, 'street': False, 'validated': False, 'lot': True, 'valet': False}""}","Buffets, Restaurants","{'Tuesday': '11:0-20:30', 'Wednesday': '11:0-20:30', 'Thursday': '11:0-20:30', 'Friday': '11:0-20:30', 'Saturday': '11:0-20:30', 'Sunday': '11:0-20:30'}"
fpQEKdtFprof-RJx1MRR9g,Esporta Fitness,2950 W Ina Rd,Tucson,AZ,85741,32.3387515,-111.0308964,3.0,51,1,"{'GoodForKids': 'True', 'BusinessAcceptsCreditCards': 'True', 'BusinessParking': ""{'garage': False, 'street': False, 'validated': False, 'lot': False, 'valet': False}"", 'ByAppointmentOnly': 'False', 'BikeParking': 'True'}","Yoga, Trainers, Active Life, Sports Clubs, Gyms, Fitness & Instruction","{'Monday': '0:0-0:0', 'Tuesday': '5:0-23:0', 'Wednesday': '5:0-23:0', 'Thursday': '5:0-23:0', 'Friday': '8:0-18:0', 'Saturday': '8:0-18:0', 'Sunday': '6:0-19:0'}"
OMnPtRGmbY8qH_wIILfYKA,Postino Grant,2500 E Grant Rd,Tucson,AZ,85716,32.2499,-110.935064,4.5,249,1,"{'RestaurantsGoodForGroups': 'True', 'CoatCheck': 'False', 'OutdoorSeating': 'True', 'RestaurantsAttire': ""u'casual'"", 'GoodForKids': 'True', 'RestaurantsReservations': 'True', 'Alcohol': ""u'full_bar'"", 'Music': ""{'dj': None, 'background_music': False, 'no_music': False, 'jukebox': None, 'live': False, 'video': False, 'karaoke': None}"", 'BusinessAcceptsCreditCards': 'True', 'Smoking': ""u'no'"", 'Caters': 'True', 'WiFi': ""u'free'"", 'WheelchairAccessible': 'True', 'RestaurantsTableService': 'True', 'HappyHour': 'True', 'RestaurantsDelivery': 'True', 'BusinessParking': ""{'garage': False, 'street': True, 'validated': False, 'lot': True, 'valet': False}"", 'Ambience': ""{'touristy': None, 'hipster': True, 'romantic': None, 'divey': None, 'intimate': None, 'trendy': True, 'upscale': None, 'classy': True, 'casual': None}"", 'HasTV': 'False', 'RestaurantsTakeOut': 'True', 'DogsAllowed': 'True', 'RestaurantsPriceRange2': '2', 'GoodForMeal': ""{'dessert': None, 'latenight': None, 'lunch': None, 'dinner': True, 'brunch': None, 'breakfast': None}""}","Nightlife, Italian, Restaurants, Bars, French, Wine Bars, Breakfast & Brunch","{'Monday': '0:0-0:0', 'Tuesday': '11:0-23:0', 'Wednesday': '11:0-23:0', 'Thursday': '11:0-23:0', 'Friday': '9:0-0:0', 'Saturday': '9:0-0:0', 'Sunday': '9:0-22:0'}"
qoFAthN001SNs6FBYL1-RA,Casa Modelo Landscaping,,Tucson,AZ,85746,32.1057222,-111.022196,5.0,8,1,"{'BusinessAcceptsBitcoin': 'False', 'ByAppointmentOnly': 'False', 'BusinessAcceptsCreditCards': 'True'}","Lawn Services, Home Services, Tree Services, Landscaping","{'Monday': '0:0-0:0', 'Tuesday': '5:0-19:0', 'Wednesday': '5:0-19:0', 'Thursday': '5:0-19:0', 'Friday': '5:0-19:0', 'Saturday': '5:0-19:0', 'Sunday': '5:0-19:0'}"
h6XNZ42nIgqWf_rhUkdouw,Henry's Market,3051 E 36th St,Tucson,AZ,85713,32.1912346,-110.9268378,4.0,13,1,"{'BusinessParking': ""{'garage': False, 'street': False, 'validated': False, 'lot': False, 'valet': False}"", 'BusinessAcceptsCreditCards': 'True', 'RestaurantsDelivery': 'True', 'Ambience': ""{'touristy': False, 'hipster': False, 'romantic': False, 'divey': False, 'intimate': False, 'trendy': False, 'upscale': False, 'classy': False, 'casual': False}"", 'RestaurantsTakeOut': 'True'}","Delis, International Grocery, Restaurants, Food, Grocery","{'Monday': '8:30-21:0', 'Tuesday': '8:30-21:0', 'Wednesday': '8:30-21:0', 'Thursday': '8:30-21:0', 'Friday': '8:30-21:0', 'Saturday': '8:30-21:0', 'Sunday': '8:30-21:0'}"
8zo6B_ZylluQcC3Pi8FP3w,Safelite AutoGlass,1402 S Kolb Rd,Tucson,AZ,85710,32.204262,-110.84141,4.0,65,1,{'BusinessAcceptsCreditCards': 'True'},"Auto Glass Services, Automotive, Windshield Installation & Repair, Body Shops","{'Monday': '0:0-0:0', 'Tuesday': '7:30-17:0', 'Wednesday': '7:30-17:0', 'Thursday': '7:30-17:0', 'Friday': '7:30-17:0', 'Saturday': '7:30-17:0'}"
gwNlSSV0hGgNgTqPprj4FQ,Fresh Cafe and Catering,"2404 E River Rd, Ste 132",Tucson,AZ,85718,32.2859864,-110.935407,4.0,43,0,"{'RestaurantsPriceRange2': '1', 'Alcohol': ""u'none'"", 'BusinessAcceptsCreditCards': 'True', 'RestaurantsDelivery': 'True', 'OutdoorSeating': 'True', 'NoiseLevel': ""u'quiet'"", 'GoodForKids': 'True', 'BusinessParking': ""{'garage': False, 'street': False, 'validated': False, 'lot': True, 'valet': False}"", 'BikeParking': 'True', 'RestaurantsTakeOut': 'True', 'RestaurantsReservations': 'True', 'RestaurantsAttire': ""u'casual'"", 'Caters': 'True', 'WiFi': ""u'free'"", 'HasTV': 'True', 'RestaurantsGoodForGroups': 'True', 'Ambience': ""{'romantic': False, 'intimate': False, 'classy': False, 'hipster': False, 'divey': False, 'touristy': False, 'trendy': False, 'upscale': False, 'casual': True}""}","Coffee & Tea, Cafes, Food, Bakeries, Juice Bars & Smoothies, Restaurants, American (Traditional)","{'Monday': '6:0-15:0', 'Tuesday': '6:0-15:0', 'Wednesday': '6:0-15:0', 'Thursday': '6:0-15:0', 'Friday': '6:0-15:0', 'Saturday': '8:0-12:0'}"
KDC4yE8av8-A5TxgmjjUiw,Fiesta Lanes,501 W River Rd,Tucson,AZ,85704,32.2965067,-110.980189,3.0,50,1,"{'GoodForKids': 'True', 'BikeParking': 'True', 'RestaurantsAttire': ""'casual'"", 'OutdoorSeating': 'False', 'Caters': 'False', 'RestaurantsReservations': 'False', 'HasTV': 'True', 'RestaurantsTakeOut': 'True', 'RestaurantsGoodForGroups': 'True', 'BusinessAcceptsCreditCards': 'True', 'RestaurantsPriceRange2': '1', 'Alcohol': ""'full_bar'"", 'GoodForMeal': ""{'dessert': False, 'latenight': False, 'lunch': False, 'dinner': False, 'brunch': False, 'breakfast': False}"", 'RestaurantsDelivery': 'False', 'Ambience': ""{'romantic': False, 'intimate': False, 'classy': False, 'hipster': False, 'divey': False, 'touristy': False, 'trendy': False, 'upscale': False, 'casual': False}"", 'BusinessParking': ""{'garage': False, 'street': False, 'validated': False, 'lot': True, 'valet': False}"", 'NoiseLevel': ""'very_loud'"", 'RestaurantsTableService': 'False', 'BusinessAcceptsBitcoin': 'False', 'WiFi': ""u'free'"", 'DogsAllowed': 'False', 'WheelchairAccessible': 'True'}","Bowling, Amusement Parks, Active Life, Party & Event Planning, Restaurants, Event Planning & Services, Hotels & Travel, Venues & Event Spaces, Travel Services, Pizza","{'Monday': '9:0-23:0', 'Tuesday': '12:0-23:0', 'Wednesday': '9:0-23:0', 'Thursday': '12:0-23:0', 'Friday': '12:0-0:0', 'Saturday': '9:0-0:0', 'Sunday': '9:0-22:0'}"
MRhY6SqTnOrlr1Wte9c-4Q,Precise Dental,"105 S Houghton Rd, Ste 125",Tucson,AZ,85748,32.2196247,-110.7718702,5.0,46,1,"{'ByAppointmentOnly': 'True', 'BusinessAcceptsCreditCards': 'True'}","General Dentistry, Health & Medical, Cosmetic Dentists, Endodontists, Dentists","{'Monday': '0:0-0:0', 'Tuesday': '8:0-17:0', 'Wednesday': '8:0-17:0', 'Thursday': '8:0-17:0', 'Friday': '8:0-17:0'}"
SWtIF7lowvnZPr3c9wzhzQ,A Nail Spa,"10785 N Oracle Rd, Ste 180",Tucson,AZ,85737,32.402087,-110.956452,3.5,12,0,"{'BusinessAcceptsCreditCards': 'True', 'BusinessParking': 'None', 'WiFi': ""u'free'"", 'WheelchairAccessible': 'True', 'ByAppointmentOnly': 'False', 'BikeParking': 'True', 'RestaurantsPriceRange2': '1'}","Beauty & Spas, Nail Salons","{'Monday': '9:0-18:0', 'Tuesday': '9:0-18:0', 'Wednesday': '9:0-18:0', 'Thursday': '9:0-18:0', 'Friday': '9:0-18:0', 'Saturday': '9:0-18:0'}"
U3C9HfE3hN4XneNdkK9OfQ,Banner- University Medicine Dermatology,7165 N Pima Canyon Dr,Tucson,AZ,85718,32.336534,-110.946837,3.5,5,1,,"Health & Medical, Doctors, Dermatologists","{'Monday': '8:0-17:0', 'Tuesday': '8:0-17:0', 'Wednesday': '8:0-17:0', 'Thursday': '8:0-17:0', 'Friday': '8:0-17:0'}"
CBeqQpVdLmq72kxX3UDU6g,Vip Nail,7230 E Broadway Blvd,Tucson,AZ,85710,32.2197464,-110.8383896,2.0,20,1,"{'RestaurantsPriceRange2': '2', 'BusinessParking': ""{'garage': False, 'street': False, 'validated': False, 'lot': False, 'valet': False}"", 'BusinessAcceptsCreditCards': 'True', 'ByAppointmentOnly': 'False', 'BikeParking': 'False'}","Beauty & Spas, Nail Salons",
3-8Trn8cCvHJUqCIYDhphQ,AutoZone Auto Parts,935 W Prince Rd,Tucson,AZ,85705,32.271452,-110.987822,4.0,5,1,{'BusinessAcceptsCreditCards': 'True'},"Automotive, Auto Parts & Supplies","{'Monday': '7:0-22:0', 'Tuesday': '7:0-22:0', 'Wednesday': '7:0-22:0', 'Thursday': '7:0-22:0', 'Friday': '7:0-22:0', 'Saturday': '7:0-22:0', 'Sunday': '8:0-21:0'}"
IT4giLaBtYHSA9nh5FmDwQ,Nails By Yen,"6360 N Campbell Ave, Ste 120",Tucson,AZ,85718,32.3219933997,-110.9279155902,4.0,212,1,"{'BusinessParking': ""{'garage': False, 'street': False, 'validated': False, 'lot': True, 'valet': True}"", 'BusinessAcceptsCreditCards': 'True', 'ByAppointmentOnly': 'False', 'RestaurantsPriceRange2': '2', 'BikeParking': 'True', 'WiFi': ""u'free'"", 'WheelchairAccessible': 'True'}","Waxing, Nail Salons, Massage, Hair Salons, Skin Care, Hair Removal, Beauty & Spas","{'Monday': '0:0-0:0', 'Tuesday': '9:0-19:0', 'Wednesday': '9:0-19:0', 'Thursday': '9:0-19:0', 'Friday': '9:0-19:0', 'Saturday': '9:0-17:0'}"
yUIzHZ4jxv5a3HyC3fA50g,Sabino Veterinary Care,4910 N Sabino Canyon Rd,Tucson,AZ,85750,32.2963263637,-110.8235804,4.5,46,1,,"Pets, Veterinarians","{'Monday': '0:0-0:0', 'Tuesday': '7:30-17:0', 'Wednesday': '7:30-17:0', 'Thursday': '7:30-17:0', 'Friday': '7:30-12:0', 'Saturday': '8:0-12:0'}"
QdQpt47Xg6GXZfJm-Kaebw,Hungry Howie's Pizza,"150 N Pantano Rd, Ste 104",Tucson,AZ,85710,32.223015,-110.822914,3.5,47,1,"{'GoodForKids': 'True', 'Alcohol': ""'none'"", 'RestaurantsAttire': ""'casual'"", 'RestaurantsGoodForGroups': 'True', 'BusinessParking': ""{'garage': False, 'street': False, 'validated': False, 'lot': True, 'valet': False}"", 'Ambience': ""{'romantic': False, 'intimate': False, 'classy': False, 'hipster': False, 'divey': False, 'touristy': False, 'trendy': False, 'upscale': False, 'casual': False}"", 'BusinessAcceptsCreditCards': 'True', 'RestaurantsDelivery': 'True', 'RestaurantsTakeOut': 'True', 'OutdoorSeating': 'False', 'RestaurantsPriceRange2': '1', 'NoiseLevel': ""u'average'"", 'WiFi': ""'no'"", 'Caters': 'False', 'RestaurantsReservations': 'False', 'BikeParking': 'True', 'HasTV': 'True'}","Restaurants, Food Delivery Services, Food, Pizza","{'Monday': '10:30-22:0', 'Tuesday': '10:30-22:0', 'Wednesday': '10:30-22:0', 'Thursday': '10:30-22:0', 'Friday': '10:30-0:0', 'Saturday': '10:30-0:0', 'Sunday': '10:30-22:0'}"
glb3kBNiK2dF4ttYxaPS8g,ManorCare Health Services-Tucson,3705 N Swan Rd,Tucson,AZ,85718,32.2744086,-110.8941447,1.0,5,0,{'ByAppointmentOnly': 'False'},"Health & Medical, Physical Therapy, Retirement Homes, Rehabilitation Center, Doctors","{'Monday': '0:0-0:0', 'Tuesday': '0:0-0:0', 'Wednesday': '0:0-0:0', 'Thursday': '0:0-0:0', 'Friday': '0:0-0:0', 'Saturday': '0:0-0:0', 'Sunday': '0:0-0:0'}"
0OMGkc4IUS9jSDUm1gGJ9A,Groomingdales,4759 N 1st Ave,Tucson,AZ,85718,32.2935682,-110.9615842,4.0,18,1,"{'BusinessAcceptsCreditCards': 'True', 'ByAppointmentOnly': 'False'}","Pet Services, Pets, Pet Groomers, Pet Sitting, Pet Stores, Pet Boarding","{'Tuesday': '8:0-16:0', 'Wednesday': '8:0-16:0', 'Thursday': '8:0-16:0', 'Friday': '8:0-16:0', 'Saturday': '8:0-16:0'}"
4kei3JfQLLhDtxpxaIkkkQ,The Red Door Salon & Spa,3666 E Sunrise Dr,Tucson,AZ,85718,32.3165734855,-110.9141841531,3.5,76,0,"{'BusinessParking': ""{'garage': False, 'street': False, 'validated': False, 'lot': True, 'valet': False}"", 'ByAppointmentOnly': 'True', 'BusinessAcceptsCreditCards': 'True', 'RestaurantsPriceRange2': '3', 'WheelchairAccessible': 'True', 'AcceptsInsurance': 'False', 'NoiseLevel': ""u'quiet'"", 'BikeParking': 'True'}","Skin Care, Massage, Beauty & Spas, Nail Salons, Day Spas","{'Monday': '9:0-19:0', 'Tuesday': '9:0-19:0', 'Wednesday': '9:0-19:0', 'Thursday': '9:0-19:0', 'Friday': '9:0-19:0', 'Saturday': '8:0-19:0', 'Sunday': '9:0-19:0'}"
ATutwWGFf7Wo-xO24LNwAw,Pappoule's,5870 E Broadway Blvd,Tucson,AZ,85711,32.2202662,-110.8655052,3.0,9,0,"{'RestaurantsPriceRange2': '1', 'RestaurantsReservations': 'False', 'HasTV': 'True', 'OutdoorSeating': 'True', 'Alcohol': ""u'none'"", 'RestaurantsTakeOut': 'True', 'RestaurantsDelivery': 'False', 'GoodForKids': 'True'}","Greek, Restaurants",
DgCqXgSG_WjreSgYaxZdVg,CataVinos,3063 N Alvernon Way,Tucson,AZ,85712,32.263128,-110.910159,4.0,36,0,"{'BusinessAcceptsCreditCards': 'True', 'BikeParking': 'True', 'RestaurantsTakeOut': 'True', 'GoodForKids': 'False', 'RestaurantsPriceRange2': '1', 'ByAppointmentOnly': 'False', 'BusinessParking': ""{'garage': False, 'street': True, 'validated': False, 'lot': True, 'valet': False}""}","Wine Tasting Room, Food, Wine Bars, Nightlife, Arts & Entertainment, Bars, Wineries, Beer, Wine & Spirits","{'Tuesday': '11:0-18:0', 'Wednesday': '11:0-18:0', 'Thursday': '11:0-20:0', 'Friday': '11:0-20:0', 'Saturday': '11:0-20:0'}"
PWZe9thJ785zpROlel7rGw,Briarcrest Veterinary Care Center,7313 E Tanque Verde Rd,Tucson,AZ,85715,32.2516488,-110.8365257,4.0,22,1,,"Pets, Veterinarians","{'Monday': '8:0-18:0', 'Tuesday': '8:0-18:0', 'Wednesday': '8:0-18:0', 'Thursday': '8:0-18:0', 'Friday': '8:0-18:0', 'Saturday': '8:0-13:0'}"
mlMUCwhGacYGDTFZPZGFCA,Smart Motors,5200 E Speedway Blvd,Tucson,AZ,85712,32.2359954,-110.8808748,1.5,33,1,{'BusinessAcceptsCreditCards': 'True'},"Car Dealers, Automotive, Auto Loan Providers, Used Car Dealers, Auto Repair, Oil Change Stations, Auto Parts & Supplies","{'Monday': '10:0-20:0', 'Tuesday': '10:0-20:0', 'Wednesday': '10:0-20:0', 'Thursday': '10:0-20:0', 'Friday': '10:0-20:0', 'Saturday': '10:0-18:0'}"
oOokBaYNi2OrlGZ_d2rYKw,Spa Solai - 6th,"446 N Campbell Ave, Ste 180",Tucson,AZ,85719,32.227539,-110.943209,4.5,42,1,"{'BusinessParking': ""{'garage': False, 'street': False, 'validated': False, 'lot': True, 'valet': False}"", 'RestaurantsPriceRange2': '2', 'BusinessAcceptsCreditCards': 'True', 'BikeParking': 'True', 'BusinessAcceptsBitcoin': 'False', 'AcceptsInsurance': 'False', 'WheelchairAccessible': 'True', 'ByAppointmentOnly': 'False'}","Hair Removal, Health & Medical, Skin Care, Waxing, Beauty & Spas, Day Spas, Massage Therapy, Medical Spas","{'Monday': '9:0-19:0', 'Tuesday': '9:0-19:0', 'Wednesday': '9:0-19:0', 'Thursday': '9:0-19:0', 'Friday': '9:0-19:0', 'Saturday': '10:0-18:0', 'Sunday': '10:0-18:0'}"
p3XlbP2aZa-NBRqJ4p3KLw,Seafood Time,1800 E Fort Lowell Rd,Tucson,AZ,85719,32.2641365,-110.9449355,4.0,27,0,"{'Ambience': ""{'touristy': False, 'hipster': False, 'romantic': False, 'divey': False, 'intimate': False, 'trendy': False, 'upscale': False, 'classy': False, 'casual': False}"", 'GoodForMeal': ""{'dessert': False, 'latenight': False, 'lunch': False, 'dinner': False, 'brunch': False, 'breakfast': False}"", 'BusinessParking': ""{'garage': False, 'street': False, 'validated': False, 'lot': False, 'valet': False}"", 'RestaurantsTakeOut': 'True', 'RestaurantsGoodForGroups': 'True', 'RestaurantsAttire': ""u'casual'"", 'GoodForKids': 'True', 'RestaurantsPriceRange2': '2', 'OutdoorSeating': 'False', 'RestaurantsReservations': 'True', 'HasTV': 'True', 'BusinessAcceptsCreditCards': 'True', 'RestaurantsDelivery': 'True'}","Restaurants, Seafood, Chinese","{'Monday': '17:0-0:0', 'Tuesday': '17:0-0:0', 'Wednesday': '17:0-0:0', 'Thursday': '17:0-0:0', 'Friday': '17:0-0:0', 'Saturday': '17:0-0:0', 'Sunday': '17:0-0:0'}"
Fhr_9C51kM9syb3hQQnUNA,Robinson Archery,7633 E Speedway Blvd,Tucson,AZ,85710,32.2361639,-110.8295336,4.0,7,1,{'GoodForKids': 'False'},"Archery, Active Life","{'Monday': '12:0-18:0', 'Tuesday': '10:0-18:0', 'Wednesday': '10:0-18:0', 'Thursday': '10:0-18:0', 'Friday': '12:0-18:0', 'Saturday': '12:0-18:0'}"
iig1y9LryICt5neY6BNRXw,Buddy Heilig & Sons Electric,,Tucson,AZ,85712,32.2540946,-110.8850949,4.5,41,1,"{'ByAppointmentOnly': 'False', 'BusinessAcceptsBitcoin': 'False', 'BusinessAcceptsCreditCards': 'True'}","Lighting Fixtures & Equipment, Contractors, Home Services, Electricians","{'Monday': '8:0-16:0', 'Tuesday': '8:0-16:0', 'Wednesday': '8:0-16:0', 'Thursday': '8:0-16:0', 'Friday': '8:0-16:0'}"
hLEzfH2aE8UyMm_cnS-3zQ,Kohl's,5850 W Arizona Pavilions Dr,Tucson,AZ,85743,32.3546425,-111.0900053,4.0,18,1,"{'ByAppointmentOnly': 'False', 'BusinessParking': ""{'garage': False, 'street': False, 'validated': False, 'lot': True, 'valet': False}"", 'BusinessAcceptsCreditCards': 'True', 'BikeParking': 'True', 'DogsAllowed': 'False', 'Smoking': ""u'no'"", 'RestaurantsPriceRange2': '2', 'CoatCheck': 'False', 'OutdoorSeating': 'False', 'Caters': 'False', 'WiFi': ""u'no'"", 'RestaurantsTakeOut': 'False', 'RestaurantsDelivery': 'False', 'WheelchairAccessible': 'True', 'RestaurantsTableService': 'False', 'RestaurantsReservations': 'False', 'HasTV': 'False', 'HappyHour': 'False'}","Jewelry, Shopping, Women's Clothing, Men's Clothing, Shoe Stores, Cosmetics & Beauty Supply, Department Stores, Fashion, Beauty & Spas","{'Monday': '0:0-0:0', 'Tuesday': '7:0-0:0', 'Wednesday': '7:0-0:0', 'Thursday': '7:0-0:0', 'Friday': '10:0-21:0', 'Saturday': '10:0-21:0', 'Sunday': '10:0-20:0'}"
LTtmAHFW3nWLirD--VWAEw,Sam's Club,4701 N Stone Ave,Tucson,AZ,85704,32.292295,-110.971517,3.0,65,1,"{'BikeParking': 'True', 'BusinessParking': ""{'garage': False, 'street': False, 'validated': False, 'lot': True, 'valet': False}"", 'BusinessAcceptsCreditCards': 'True', 'RestaurantsPriceRange2': '2', 'Caters': 'True', 'RestaurantsDelivery': 'True', 'RestaurantsTakeOut': 'True'}","Automotive, Fashion, Shopping, Drugstores, Food, Grocery, Wholesale Stores, Department Stores, Tires","{'Monday': '0:0-0:0', 'Tuesday': '10:0-20:0', 'Wednesday': '10:0-20:0', 'Thursday': '10:0-18:0', 'Friday': '10:0-20:0', 'Saturday': '9:0-20:0', 'Sunday': '10:0-18:0'}"
wqmAnbS2roEnhKHCHygrSw,Club 21,2920 N Oracle Rd,Tucson,AZ,85705,32.2600756,-110.9777207,4.0,56,0,"{'RestaurantsGoodForGroups': 'True', 'BusinessParking': ""{'garage': False, 'street': False, 'validated': False, 'lot': True, 'valet': False}"", 'GoodForKids': 'True', 'RestaurantsPriceRange2': '2', 'Alcohol': ""u'full_bar'"", 'BusinessAcceptsCreditCards': 'True', 'RestaurantsReservations': 'True', 'RestaurantsTakeOut': 'True', 'RestaurantsAttire': ""u'casual'"", 'NoiseLevel': ""u'quiet'"", 'Caters': 'True', 'WiFi': ""u'no'"", 'OutdoorSeating': 'True', 'HasTV': 'True', 'RestaurantsDelivery': 'None', 'GoodForMeal': ""{'dessert': False, 'latenight': False, 'lunch': True, 'dinner': True, 'brunch': False, 'breakfast': False}"", 'Ambience': ""{'romantic': False, 'intimate': False, 'classy': False, 'hipster': False, 'divey': False, 'touristy': False, 'trendy': False, 'upscale': False, 'casual': True}"", 'HappyHour': 'False', 'BikeParking': 'True', 'WheelchairAccessible': 'True'}","Restaurants, Mexican","{'Tuesday': '11:0-21:0', 'Wednesday': '11:0-21:0', 'Thursday': '11:0-21:0', 'Friday': '11:0-22:0', 'Saturday': '11:0-22:0', 'Sunday': '11:0-21:0'}"
ad__VCer5AqNnoukCut3MQ,Al Vasey - State Farm Insurance Agent,101 S Pantano Rd,Tucson,AZ,85710,32.1899821136,-110.8572739158,1.0,6,1,,"Insurance, Financial Services, Life Insurance, Home & Rental Insurance, Auto Insurance","{'Monday': '9:0-17:0', 'Tuesday': '9:0-17:0', 'Wednesday': '9:0-17:0', 'Thursday': '9:0-17:0', 'Friday': '9:0-17:0'}"
67QczBNcTAYq8alxqwiZ5g,Subway,"3605 W Cortaro Farms Rd, Ste 159",Tucson,AZ,85742,32.3585043959,-111.0443510042,3.0,8,1,"{'RestaurantsPriceRange2': '1', 'Caters': 'True', 'RestaurantsDelivery': 'True', 'RestaurantsTakeOut': 'True'}","Sandwiches, Restaurants, Fast Food","{'Monday': '7:0-21:0', 'Tuesday': '7:0-21:0', 'Wednesday': '7:0-21:0', 'Thursday': '7:0-21:0', 'Friday': '7:0-21:0', 'Saturday': '8:0-21:0', 'Sunday': '9:0-21:0'}"
sa-OzUFCgU_dydphmYOVOQ,Black Rose Tattooers,421 N 4th Ave,Tucson,AZ,85705,32.2269835,-110.9657358,4.5,38,1,"{'ByAppointmentOnly': 'False', 'BusinessAcceptsCreditCards': 'True', 'BusinessParking': ""{'garage': False, 'street': True, 'validated': False, 'lot': False, 'valet': False}"", 'RestaurantsPriceRange2': '2', 'BikeParking': 'True'}","Piercing, Beauty & Spas, Tattoo","{'Monday': '12:0-20:0', 'Tuesday': '12:0-20:0', 'Wednesday': '12:0-20:0', 'Thursday': '12:0-21:0', 'Friday': '12:0-22:0', 'Saturday': '12:0-22:0', 'Sunday': '12:0-19:0'}"
VN5E_jgMCzNzFAWbcBP5bg,Bashas',15310 N Oracle Rd,Tucson,AZ,85739,32.4833526,-110.9203005,3.0,20,1,"{'BusinessAcceptsCreditCards': 'True', 'BikeParking': 'True', 'RestaurantsPriceRange2': '1', 'RestaurantsTakeOut': 'True', 'BusinessParking': ""{'garage': False, 'street': False, 'validated': False, 'lot': True, 'valet': False}""}","Grocery, Food","{'Monday': '6:0-23:0', 'Tuesday': '6:0-23:0', 'Wednesday': '6:0-23:0', 'Thursday': '6:0-23:0', 'Friday': '6:0-23:0', 'Saturday': '6:0-23:0', 'Sunday': '6:0-23:0'}"
Cs2dygQDyk_XxRL7uCgqrg,Ajo Cafe,3132 E Ajo Way,Tucson,AZ,85713,32.1775724,-110.9252135,4.0,43,1,"{'RestaurantsReservations': 'False', 'OutdoorSeating': 'False', 'RestaurantsAttire': ""u'casual'"", 'RestaurantsGoodForGroups': 'False', 'BusinessAcceptsCreditCards': 'True', 'GoodForKids': 'True', 'RestaurantsPriceRange2': '1', 'HasTV': 'True', 'BikeParking': 'True', 'Alcohol': ""'none'"", 'RestaurantsTakeOut': 'True', 'BusinessParking': ""{'garage': None, 'street': False, 'validated': None, 'lot': True, 'valet': False}"", 'RestaurantsDelivery': 'True', 'GoodForMeal': ""{'dessert': False, 'latenight': False, 'lunch': False, 'dinner': False, 'brunch': False, 'breakfast': True}"", 'WiFi': ""'no'"", 'Ambience': ""{'touristy': None, 'hipster': None, 'romantic': None, 'divey': None, 'intimate': None, 'trendy': None, 'upscale': False, 'classy': None, 'casual': None}""}","Diners, Breakfast & Brunch, Restaurants","{'Monday': '6:0-14:0', 'Tuesday': '6:0-14:0', 'Wednesday': '6:0-14:0', 'Thursday': '6:0-14:0', 'Friday': '6:0-14:0'}"
jlPB8Fx-xS2PW8Ni9NU3fw,Country Inn & Suites,6681 S Tucson Blvd,Tucson,AZ,85756,32.130867,-110.9332112,3.5,69,1,"{'BusinessAcceptsCreditCards': 'True', 'RestaurantsPriceRange2': '2', 'WiFi': ""u'free'"", 'BusinessAcceptsBitcoin': 'False'}","Hotels & Travel, Event Planning & Services, Hotels, Party & Event Planning, Venues & Event Spaces","{'Monday': '0:0-0:0', 'Tuesday': '0:0-0:0', 'Wednesday': '0:0-0:0', 'Thursday': '0:0-0:0', 'Friday': '0:0-0:0', 'Saturday': '0:0-0:0', 'Sunday': '0:0-0:0'}"
L5iPk3oEYcNjICkKgtJCFw,Super Gyros & More,8585 E Broadway Blvd,Tucson,AZ,85710,32.2214078811,-110.8092155437,4.0,23,0,"{'BusinessParking': ""{'garage': False, 'street': False, 'validated': False, 'lot': True, 'valet': False}"", 'RestaurantsDelivery': 'True', 'NoiseLevel': ""u'quiet'"", 'OutdoorSeating': 'True', 'Alcohol': ""u'none'"", 'Ambience': ""{'romantic': False, 'intimate': False, 'classy': False, 'hipster': False, 'divey': False, 'touristy': False, 'trendy': False, 'upscale': False, 'casual': True}"", 'RestaurantsReservations': 'False', 'Caters': 'True', 'RestaurantsAttire': ""u'casual'"", 'BusinessAcceptsCreditCards': 'True', 'BusinessAcceptsBitcoin': 'False', 'RestaurantsTakeOut': 'True', 'RestaurantsPriceRange2': '1', 'WiFi': ""u'free'"", 'RestaurantsGoodForGroups': 'True', 'GoodForKids': 'True', 'HasTV': 'True'}","Greek, Restaurants, American (New), Hot Dogs","{'Monday': '11:0-20:0', 'Tuesday': '11:0-20:0', 'Wednesday': '11:0-20:0', 'Thursday': '11:0-20:0', 'Friday': '11:0-20:0', 'Saturday': '11:0-20:0', 'Sunday': '11:0-17:0'}"
zmpNbfRPecNkb1FhNbL1IA,iLuv Pho,2513 N Campbell Ave,Tucson,AZ,85719,32.252312,-110.9442978,3.0,54,0,"{'BusinessParking': ""{'garage': False, 'street': False, 'validated': False, 'lot': True, 'valet': False}"", 'GoodForKids': 'True', 'Caters': 'False', 'RestaurantsDelivery': 'True', 'Alcohol': ""u'none'"", 'BusinessAcceptsCreditCards': 'True', 'RestaurantsPriceRange2': '1', 'Ambience': ""{'romantic': False, 'intimate': False, 'touristy': False, 'hipster': False, 'divey': False, 'classy': False, 'trendy': False, 'upscale': False, 'casual': True}"", 'RestaurantsTakeOut': 'True', 'WiFi': ""u'free'"", 'RestaurantsGoodForGroups': 'False', 'RestaurantsAttire': ""u'casual'"", 'HasTV': 'True', 'RestaurantsReservations': 'False', 'NoiseLevel': ""u'average'"", 'OutdoorSeating': 'False'}","Vietnamese, Restaurants","{'Monday': '11:0-21:30', 'Tuesday': '11:0-21:30', 'Wednesday': '11:0-21:30', 'Thursday': '11:0-21:30', 'Friday': '11:0-21:30', 'Saturday': '11:0-21:30'}"
b0syqzR1F-EmprvTVs23ng,Angela's Mexican Food,9190 N Coachline Blvd,Tucson,AZ,85743,32.3735595,-111.1269545,3.5,70,1,"{'GoodForKids': 'True', 'RestaurantsPriceRange2': '1', 'NoiseLevel': ""u'quiet'"", 'BusinessParking': ""{'garage': False, 'street': False, 'validated': False, 'lot': True, 'valet': False}"", 'RestaurantsGoodForGroups': 'True', 'Alcohol': ""u'none'"", 'RestaurantsTakeOut': 'True', 'RestaurantsReservations': 'False', 'BusinessAcceptsCreditCards': 'True', 'Caters': 'False', 'Ambience': ""{'romantic': False, 'intimate': False, 'touristy': False, 'hipster': False, 'divey': False, 'classy': False, 'trendy': False, 'upscale': False, 'casual': True}"", 'WiFi': ""'no'"", 'RestaurantsAttire': ""u'casual'"", 'BikeParking': 'True', 'GoodForMeal': ""{'dessert': False, 'latenight': False, 'lunch': True, 'dinner': False, 'brunch': False, 'breakfast': False}"", 'OutdoorSeating': 'False', 'ByAppointmentOnly': 'False', 'HasTV': 'True', 'RestaurantsDelivery': 'True'}","Restaurants, Mexican","{'Monday': '9:0-20:0', 'Tuesday': '9:0-20:0', 'Wednesday': '9:0-20:0', 'Thursday': '9:0-20:0', 'Friday': '9:0-20:0', 'Saturday': '9:0-20:0', 'Sunday': '9:0-16:0'}"
iJoGdgWECMNpe-ajs0rfxA,El Sabroso Oakwood Grill,610 N Grande Ave,Tucson,AZ,85745,32.2309738,-110.98937,3.0,7,0,"{'RestaurantsReservations': 'True', 'RestaurantsDelivery': 'False', 'OutdoorSeating': 'True', 'Ambience': ""{'romantic': False, 'intimate': False, 'touristy': False, 'hipster': False, 'divey': False, 'classy': False, 'trendy': False, 'upscale': False, 'casual': True}"", 'RestaurantsGoodForGroups': 'True', 'BusinessAcceptsCreditCards': 'True', 'WiFi': ""u'no'"", 'Alcohol': ""u'full_bar'"", 'RestaurantsAttire': ""u'casual'"", 'GoodForKids': 'True', 'NoiseLevel': ""u'average'"", 'Caters': 'True', 'RestaurantsTakeOut': 'True', 'RestaurantsPriceRange2': '2', 'BusinessParking': ""{'garage': False, 'street': False, 'validated': False, 'lot': True, 'valet': False}"", 'HasTV': 'True', 'HappyHour': 'True'}","Mexican, Restaurants",
mg1wmGkaIF3l8nS0bpWuug,Sleek,"1683 W Grant, Ste 104",Tucson,AZ,85745,32.2501448707,-111.0009120405,5.0,8,1,"{'BusinessAcceptsCreditCards': 'True', 'RestaurantsPriceRange2': '3', 'ByAppointmentOnly': 'True', 'BusinessParking': ""{'garage': False, 'street': False, 'validated': False, 'lot': False, 'valet': False}"", 'WiFi': ""u'free'""}","Nail Salons, Massage, Hair Salons, Beauty & Spas","{'Tuesday': '9:0-17:0', 'Wednesday': '9:0-19:0', 'Thursday': '9:0-19:0', 'Friday': '9:0-19:0', 'Saturday': '9:0-17:0'}"
LF2nKVz9o8KIkBPkJkZu9w,PetSmart,4740 E Grant Rd,Tucson,AZ,85712,32.2492303,-110.891472,3.5,39,1,,"Pet Services, Pet Training, Pet Groomers, Pets, Pet Stores","{'Monday': '9:0-19:0', 'Tuesday': '9:0-19:0', 'Wednesday': '9:0-19:0', 'Thursday': '9:0-19:0', 'Friday': '9:0-19:0', 'Saturday': '9:0-19:0', 'Sunday': '10:0-19:0'}"
NesMl0Tiq1FsPoX2LzHkNg,PJ Subs,2500 E 6th St,Tucson,AZ,85716,32.2275777,-110.9351327,4.0,100,1,"{'Ambience': ""{'romantic': False, 'intimate': False, 'touristy': False, 'hipster': False, 'divey': False, 'classy': False, 'trendy': False, 'upscale': False, 'casual': True}"", 'HasTV': 'True', 'Caters': 'True', 'BusinessAcceptsCreditCards': 'True', 'NoiseLevel': ""u'average'"", 'OutdoorSeating': 'True', 'GoodForKids': 'True', 'BikeParking': 'True', 'BusinessParking': ""{'garage': False, 'street': False, 'validated': False, 'lot': True, 'valet': False}"", 'RestaurantsPriceRange2': '1', 'GoodForMeal': ""{'dessert': False, 'latenight': False, 'lunch': True, 'dinner': True, 'brunch': False, 'breakfast': False}"", 'RestaurantsGoodForGroups': 'True', 'RestaurantsAttire': ""u'casual'"", 'HappyHour': 'True', 'WiFi': ""u'free'"", 'RestaurantsTakeOut': 'True', 'BusinessAcceptsBitcoin': 'False', 'RestaurantsDelivery': 'True', 'RestaurantsReservations': 'True', 'Alcohol': ""u'full_bar'""}","Cheesesteaks, Chicken Wings, Food, Beer, Wine & Spirits, Restaurants, Sandwiches","{'Tuesday': '11:0-22:0', 'Wednesday': '11:0-22:0', 'Thursday': '11:0-22:0', 'Friday': '11:0-22:0', 'Saturday': '11:0-22:0', 'Sunday': '12:0-20:0'}"
7Ro0gqeX2cM7LxuaV6u1hw,Eye Care for Animals,175 E. Fort Lowell,Tucson,AZ,85705,32.265057,-110.969367,4.0,9,1,{'ByAppointmentOnly': 'True'},"Pet Services, Health & Medical, Veterinarians, Pets, Ophthalmologists, Doctors","{'Monday': '8:0-17:0', 'Tuesday': '8:0-17:0', 'Wednesday': '8:0-17:0', 'Thursday': '8:0-17:0', 'Friday': '8:0-17:0'}"
AXcjRKdd085HpeJn9QVYmw,Ivan's Painting,3866 E Nebraska Stravenue,Tucson,AZ,85706,32.1527027,-110.9098226,4.5,5,1,,"Painters, Drywall Installation & Repair, Pressure Washers, Home Services","{'Monday': '7:0-19:0', 'Tuesday': '7:0-19:0', 'Wednesday': '7:0-19:0', 'Thursday': '7:0-19:0', 'Friday': '7:0-19:0'}"
0vyvXYR6oO072-_bi07DlQ,Pueblo Verde Landscaping,,Tucson,AZ,85701,32.2147915,-110.9715269,4.5,7,1,"{'BusinessAcceptsCreditCards': 'True', 'ByAppointmentOnly': 'False'}","Local Services, Junk Removal & Hauling, Tree Services, Landscaping, Home Services, Gardeners","{'Monday': '8:30-18:0', 'Tuesday': '8:30-18:0', 'Wednesday': '8:30-18:0', 'Thursday': '8:30-18:0', 'Friday': '8:30-18:0', 'Saturday': '8:30-18:0', 'Sunday': '8:30-18:0'}"
-1MhPXk1FglglUAmuPLIGg,Red Garter Saloon,3143 E Speedway Blvd,Tucson,AZ,85716,32.2363608,-110.9252135,4.0,107,1,"{'RestaurantsPriceRange2': '1', 'HasTV': 'True', 'RestaurantsAttire': ""u'casual'"", 'RestaurantsReservations': 'False', 'RestaurantsGoodForGroups': 'True', 'RestaurantsDelivery': 'False', 'NoiseLevel': ""u'average'"", 'OutdoorSeating': 'True', 'BusinessParking': ""{'garage': False, 'street': False, 'validated': False, 'lot': True, 'valet': False}"", 'GoodForKids': 'False', 'Alcohol': ""u'full_bar'"", 'BusinessAcceptsCreditCards': 'True', 'Caters': 'False', 'BikeParking': 'True', 'BusinessAcceptsBitcoin': 'False', 'Smoking': ""u'outdoor'"", 'RestaurantsTakeOut': 'True', 'Ambience': ""{'touristy': False, 'hipster': False, 'romantic': False, 'divey': True, 'intimate': False, 'trendy': False, 'upscale': False, 'classy': False, 'casual': None}"", 'HappyHour': 'False', 'WiFi': ""u'free'"", 'BestNights': ""{'monday': False, 'tuesday': True, 'friday': True, 'wednesday': False, 'thursday': False, 'sunday': True, 'saturday': False}"", 'Music': ""{'dj': False, 'background_music': False, 'no_music': False, 'jukebox': True, 'live': False, 'video': False, 'karaoke': False}"", 'RestaurantsTableService': 'True', 'DogsAllowed': 'False', 'WheelchairAccessible': 'True', 'GoodForMeal': ""{u'breakfast': False, u'brunch': False, u'lunch': True, u'dinner': True, u'latenight': None, u'dessert': False}""}","Nightlife, Burgers, Sports Bars, Bars, Restaurants, Dive Bars, Soup","{'Monday': '11:0-0:0', 'Tuesday': '11:0-0:0', 'Wednesday': '11:0-0:0', 'Thursday': '11:0-0:0', 'Friday': '11:0-2:0', 'Saturday': '11:0-2:0', 'Sunday': '11:0-0:0'}"
X2Q4JaaqlFXugc9NdZeuVQ,Carondelet Medical Group-Southeast,"8290 S Houghton Rd, Ste 100",Tucson,AZ,85747,32.1009205,-110.7736415,1.0,7,0,"{'AcceptsInsurance': 'True', 'BusinessAcceptsCreditCards': 'True', 'ByAppointmentOnly': 'True'}","Internal Medicine, Health & Medical, Nurse Practitioner, Doctors, Medical Centers, Family Practice, Cardiologists",
_5YJq7mUvTasNQhVb192UA,Associated Dental Care - Tucson N Campbell,"3250 N Campbell, Ste 116",Tucson,AZ,85719,32.2661624,-110.9432838,2.0,33,1,"{'ByAppointmentOnly': 'True', 'BusinessAcceptsCreditCards': 'True', 'AcceptsInsurance': 'True'}","Health & Medical, General Dentistry, Cosmetic Dentists, Dentists, Endodontists","{'Monday': '8:0-19:0', 'Tuesday': '8:0-19:0', 'Wednesday': '7:0-17:0', 'Thursday': '7:0-17:0', 'Friday': '7:0-16:0', 'Saturday': '8:0-15:0'}"
erDw58rSR6u2QrsevPBQDw,Peaks at Redington,7700 E Speedway Blvd,Tucson,AZ,85710,32.2349907,-110.8279575,1.5,14,1,"{'BusinessAcceptsCreditCards': 'False', 'ByAppointmentOnly': 'True'}","Real Estate, Apartments, Home Services","{'Monday': '8:30-17:30', 'Tuesday': '8:30-17:30', 'Wednesday': '8:30-17:30', 'Thursday': '8:30-17:30', 'Friday': '8:30-17:30', 'Saturday': '10:0-17:0', 'Sunday': '12:0-17:0'}"
xSTd8vgQbBnepyYaq4KeGQ,El Rio Golf Course,1400 W Speedway Blvd,Tucson,AZ,85745,32.235888,-110.997257,4.0,10,1,"{'GoodForKids': 'True', 'BikeParking': 'True'}","Active Life, Golf","{'Monday': '6:0-17:0', 'Tuesday': '6:0-17:0', 'Wednesday': '6:0-17:0', 'Thursday': '6:0-17:0', 'Friday': '6:0-17:0', 'Saturday': '6:0-17:0', 'Sunday': '6:0-17:0'}"
HdxKEFAKkdyWlVrAkuMvlg,Public Storage,121 N Houghton Rd,Tucson,AZ,85748,32.222565,-110.774061,2.5,18,1,{'BusinessAcceptsCreditCards': 'True'},"Local Services, Self Storage, Sewing & Alterations","{'Monday': '9:30-18:0', 'Tuesday': '9:30-18:0', 'Wednesday': '9:30-18:0', 'Thursday': '9:30-18:0', 'Friday': '9:30-18:0', 'Saturday': '9:30-17:0', 'Sunday': '9:30-17:0'}"
DhrwdwGXn0i546zhtEX05w,Anytime Fitness,7937 N Oracle Rd,Tucson,AZ,85704,32.3507383,-110.9752101,4.5,10,1,"{'GoodForKids': 'False', 'BusinessAcceptsCreditCards': 'True', 'ByAppointmentOnly': 'False'}","Gyms, Fitness & Instruction, Trainers, Active Life","{'Monday': '0:0-0:0', 'Tuesday': '0:0-0:0', 'Wednesday': '0:0-0:0', 'Thursday': '0:0-0:0', 'Friday': '0:0-0:0', 'Saturday': '0:0-0:0', 'Sunday': '0:0-0:0'}"
OK9uhtStscMkV5tgdWZWyw,Mattress Firm Arizona Pavilions,"5920 W Arizona Pavillions Dr, Ste 120",Tucson,AZ,85743,32.3544250094,-111.0911083092,4.0,10,1,"{'BusinessAcceptsCreditCards': 'True', 'BusinessParking': 'None', 'RestaurantsPriceRange2': '2', 'BikeParking': 'False'}","Home & Garden, Mattresses, Furniture Stores, Shopping","{'Monday': '10:0-21:0', 'Tuesday': '10:0-20:0', 'Wednesday': '10:0-20:0', 'Thursday': '10:0-20:0', 'Friday': '10:0-18:0', 'Saturday': '11:0-20:0', 'Sunday': '10:0-19:0'}"
mtxp8zriLUWMgfEq8Tj0Mg,Mayfield Florist,7181 E Tanque Verde Rd,Tucson,AZ,85715,32.2522523,-110.8393554,4.5,190,1,"{'BusinessParking': ""{'garage': False, 'street': False, 'validated': False, 'lot': True, 'valet': False}"", 'BikeParking': 'True', 'BusinessAcceptsCreditCards': 'True', 'RestaurantsPriceRange2': '2', 'RestaurantsDelivery': 'None'}","Shopping, Florists, Event Planning & Services, Wedding Planning, Flowers & Gifts","{'Monday': '0:0-0:0', 'Tuesday': '8:0-17:0', 'Wednesday': '8:0-17:0', 'Thursday': '8:0-12:0', 'Friday': '8:0-17:0', 'Saturday': '8:0-17:0', 'Sunday': '9:0-15:0'}"
L7gc2coK68xSwqppWEYiSA,Edible Arrangements,"5271 S Calle Santa Cruz, Ste 121",Tucson,AZ,85706,32.1563873,-110.9876344,3.0,5,0,"{'RestaurantsPriceRange2': '2', 'RestaurantsTakeOut': 'True', 'RestaurantsDelivery': 'True', 'BusinessParking': ""{'garage': False, 'street': False, 'validated': False, 'lot': False, 'valet': False}"", 'BusinessAcceptsCreditCards': 'True'}","Specialty Food, Gift Shops, Shopping, Chocolatiers & Shops, Flowers & Gifts, Food, Florists","{'Monday': '8:0-19:0', 'Tuesday': '8:0-19:0', 'Wednesday': '8:0-19:0', 'Thursday': '8:0-19:0', 'Friday': '8:0-19:0', 'Saturday': '8:0-17:0', 'Sunday': '10:0-15:0'}"
YIcj7CK3gxhQ07hWxudZ0g,Casita Verde,4815 E Speedway Blvd,Tucson,AZ,85712,32.23657,-110.88993,3.0,21,1,"{'BikeParking': 'True', 'WheelchairAccessible': 'True', 'BusinessAcceptsCreditCards': 'True'}","Home & Garden, Shopping, Nurseries & Gardening","{'Monday': '0:0-0:0', 'Wednesday': '12:0-18:0', 'Thursday': '12:0-18:0', 'Friday': '12:0-18:0', 'Saturday': '12:0-17:0', 'Sunday': '12:0-16:0'}"
oZtaNtFTJkpfPG0hXc98Xw,Walgreens,2929 W Valencia Rd,Tucson,AZ,85746,32.1332209,-111.0297272,1.5,11,1,"{'BusinessParking': ""{'garage': False, 'street': False, 'validated': False, 'lot': False, 'valet': False}"", 'BusinessAcceptsCreditCards': 'True', 'RestaurantsPriceRange2': '2', 'BikeParking': 'True', 'ByAppointmentOnly': 'False', 'RestaurantsDelivery': 'False', 'RestaurantsTakeOut': 'True', 'DriveThru': 'True'}","Shopping, Drugstores, Food, Beauty & Spas, Photography Stores & Services, Cosmetics & Beauty Supply, Convenience Stores","{'Monday': '7:0-22:0', 'Tuesday': '7:0-22:0', 'Wednesday': '7:0-22:0', 'Thursday': '7:0-22:0', 'Friday': '7:0-22:0', 'Saturday': '7:0-22:0', 'Sunday': '8:0-22:0'}"
9blNvB7AVHmYu7TvmOrQeA,Sonora Quest Laboratories,"1707 W St Mary's Rd, Ste 255",Tucson,AZ,85745,32.2273314501,-111.0021881183,2.0,5,1,"{'BusinessAcceptsCreditCards': 'True', 'AcceptsInsurance': 'True', 'WiFi': ""u'free'"", 'ByAppointmentOnly': 'False'}","Health & Medical, Diagnostic Services, Laboratory Testing","{'Monday': '0:0-0:0', 'Tuesday': '6:30-15:30', 'Wednesday': '6:30-15:30', 'Thursday': '6:30-15:30', 'Friday': '6:30-15:30'}"
LDkD5R5N7CG9yCD0YSLMZA,Mae's Chinese Restaurant,2475 S Harrison Rd,Tucson,AZ,85748,32.1930837629,-110.7892191711,4.0,66,0,"{'BikeParking': 'True', 'RestaurantsAttire': ""'casual'"", 'OutdoorSeating': 'True', 'RestaurantsPriceRange2': '2', 'GoodForKids': 'True', 'WiFi': ""'free'"", 'RestaurantsGoodForGroups': 'True', 'HasTV': 'True', 'BusinessAcceptsCreditCards': 'True', 'RestaurantsTakeOut': 'True', 'RestaurantsTableService': 'True', 'GoodForMeal': ""{'dessert': False, 'latenight': False, 'lunch': True, 'dinner': True, 'brunch': False, 'breakfast': False}"", 'Alcohol': ""'beer_and_wine'"", 'RestaurantsReservations': 'True', 'Ambience': ""{'romantic': False, 'intimate': False, 'classy': False, 'hipster': False, 'divey': False, 'touristy': False, 'trendy': False, 'upscale': False, 'casual': True}"", 'BusinessParking': ""{'garage': False, 'street': False, 'validated': False, 'lot': True, 'valet': False}"", 'WheelchairAccessible': 'True', 'RestaurantsDelivery': 'False', 'NoiseLevel': ""u'quiet'"", 'DogsAllowed': 'False', 'Caters': 'False'}","Chinese, Restaurants","{'Monday': '11:0-20:30', 'Tuesday': '11:0-20:30', 'Wednesday': '11:0-20:30', 'Thursday': '11:0-20:30', 'Friday': '11:0-21:0', 'Saturday': '11:0-21:0', 'Sunday': '12:0-20:30'}"
kXlgpNeaq4rO_3Oan4OyGg,Campus Candy,910 E. University Blvd,Tucson,AZ,85719,32.231316,-110.957694,3.0,13,0,"{'BusinessAcceptsCreditCards': 'True', 'RestaurantsPriceRange2': '2', 'BusinessParking': ""{'garage': False, 'street': True, 'validated': False, 'lot': False, 'valet': False}""}","Candy Stores, Food, Specialty Food",
iLrCT1nq3cz5RHJiSkxSzg,Hartman Glass and Mirror,119 W Sahuaro St,Tucson,AZ,85705,32.2488687,-110.9739951,4.0,12,1,"{'BusinessAcceptsCreditCards': 'False', 'ByAppointmentOnly': 'False'}","Windows Installation, Glass & Mirrors, Interior Design, Home Services","{'Monday': '8:0-17:0', 'Tuesday': '8:0-17:0', 'Wednesday': '8:0-17:0', 'Thursday': '8:0-17:0', 'Friday': '8:0-16:30'}"
s_5PSuJDSoz_JCHKlf6g8Q,Cascades of Tucson,201 N Jessica Ave,Tucson,AZ,85710,32.2243762,-110.8488192,3.0,7,1,"{'ByAppointmentOnly': 'False', 'BusinessAcceptsCreditCards': 'True'}","Retirement Homes, Assisted Living Facilities, Health & Medical, Memory Care","{'Monday': '0:0-0:0', 'Tuesday': '0:0-0:0', 'Wednesday': '0:0-0:0', 'Thursday': '0:0-0:0', 'Friday': '0:0-0:0', 'Saturday': '0:0-0:0', 'Sunday': '0:0-0:0'}"
00wzebOSS8CP4DoIagh8Hw,Anne and Eddie McKechnie - Tucson Real Estate Experts,1610 N Kolb Rd,Tucson,AZ,85715,32.2420076518,-110.8428514939,3.5,8,1,,"Real Estate Agents, Real Estate, Real Estate Services, Home Services","{'Monday': '8:0-17:0', 'Tuesday': '8:0-17:0', 'Wednesday': '8:0-17:0', 'Thursday': '8:0-17:0', 'Friday': '8:0-17:0', 'Saturday': '10:0-16:0', 'Sunday': '10:0-14:0'}"
kRqJ-4FmgXrfGJpyW5KjFA,Juice Envy,"1980 W Orange Grove Rd, Ste 180",Tucson,AZ,85704,32.324198,-111.009808,5.0,26,0,"{'DogsAllowed': 'False', 'RestaurantsTakeOut': 'True', 'RestaurantsDelivery': 'True', 'BikeParking': 'True', 'HappyHour': 'True', 'OutdoorSeating': 'False', 'WheelchairAccessible': 'True', 'WiFi': ""u'no'"", 'RestaurantsTableService': 'False', 'BusinessParking': ""{'garage': False, 'street': True, 'validated': False, 'lot': True, 'valet': False}"", 'RestaurantsPriceRange2': '2', 'GoodForKids': 'True', 'Caters': 'True', 'NoiseLevel': ""u'quiet'"", 'BusinessAcceptsCreditCards': 'True', 'Alcohol': ""u'none'""}","Restaurants, Juice Bars & Smoothies, Sandwiches, Food, Acai Bowls","{'Monday': '0:0-0:0', 'Tuesday': '8:0-17:0', 'Wednesday': '8:0-19:0', 'Thursday': '8:0-19:0', 'Friday': '8:0-19:0', 'Saturday': '8:0-19:0', 'Sunday': '10:0-18:0'}"
EDCYGoyrMh7UaHZsDewy9g,Pro Detail & Tint,1037 S 6th Ave,Tucson,AZ,85701,32.2085625,-110.9680574,5.0,8,1,{'BusinessAcceptsCreditCards': 'True'},"Auto Detailing, Auto Glass Services, Automotive, Car Window Tinting, Car Wash","{'Monday': '9:0-17:0', 'Tuesday': '9:0-17:0', 'Wednesday': '9:0-17:0', 'Thursday': '9:0-17:0', 'Friday': '9:0-17:0', 'Saturday': '9:0-14:30'}"
Yaqg1BsxEH3iuunV4mZXNQ,Chuck E. Cheese,6125 E Speedway Blvd,Tucson,AZ,85712,32.23669,-110.8614,3.0,57,1,"{'BusinessAcceptsCreditCards': 'True', 'GoodForKids': 'True', 'Caters': 'False', 'Ambience': ""{'romantic': False, 'intimate': False, 'classy': False, 'hipster': False, 'divey': False, 'touristy': False, 'trendy': False, 'upscale': False, 'casual': True}"", 'HasTV': 'True', 'BikeParking': 'True', 'RestaurantsAttire': ""u'casual'"", 'RestaurantsReservations': 'True', 'BusinessParking': ""{'garage': False, 'street': False, 'validated': False, 'lot': True, 'valet': False}"", 'OutdoorSeating': 'False', 'NoiseLevel': ""'loud'"", 'RestaurantsGoodForGroups': 'True', 'RestaurantsDelivery': 'False', 'GoodForMeal': ""{'dessert': False, 'latenight': False, 'lunch': False, 'dinner': False, 'brunch': False, 'breakfast': False}"", 'RestaurantsTableService': 'False', 'RestaurantsTakeOut': 'True', 'RestaurantsPriceRange2': '2', 'Alcohol': ""u'none'"", 'WiFi': ""'paid'""}","Pizza, Arcades, American (Traditional), Arts & Entertainment, Restaurants, Indoor Playcentre, Active Life","{'Monday': '11:0-21:0', 'Tuesday': '11:0-21:0', 'Wednesday': '11:0-21:0', 'Thursday': '11:0-21:0', 'Friday': '11:0-22:0', 'Saturday': '10:0-22:0', 'Sunday': '11:0-21:0'}"
8mTSAomA3GzULAGhroy3Tw,Underhill Financial Advisors,3146 N Swan Rd,Tucson,AZ,85712,32.263455,-110.8901475,4.0,5,1,,"Financial Services, Financial Advising, Insurance","{'Monday': '8:0-16:30', 'Tuesday': '8:0-16:30', 'Wednesday': '8:0-16:30', 'Thursday': '8:0-16:30', 'Friday': '8:0-14:0'}"
MTwiz3yCBDPCaqAFIFSRRQ,Famous Sam's,2320 N Silverbell Rd,Tucson,AZ,85745,32.2495357,-111.0121831,2.5,26,1,"{'HasTV': 'True', 'BusinessAcceptsCreditCards': 'True', 'RestaurantsTakeOut': 'True', 'RestaurantsReservations': 'False', 'RestaurantsAttire': ""u'casual'"", 'GoodForKids': 'False', 'Alcohol': ""u'full_bar'"", 'OutdoorSeating': 'False', 'RestaurantsPriceRange2': '1', 'RestaurantsGoodForGroups': 'True', 'WiFi': ""u'no'"", 'BusinessParking': ""{'garage': False, 'street': False, 'validated': False, 'lot': True, 'valet': False}"", 'Ambience': ""{'romantic': False, 'intimate': False, 'touristy': False, 'hipster': False, 'divey': False, 'classy': False, 'trendy': False, 'upscale': False, 'casual': False}"", 'Caters': 'False', 'NoiseLevel': ""u'loud'"", 'RestaurantsDelivery': 'True', 'ByAppointmentOnly': 'False', 'BikeParking': 'True'}","Bars, Restaurants, Nightlife, American (Traditional), Sports Bars","{'Monday': '10:0-1:0', 'Tuesday': '10:0-1:0', 'Wednesday': '10:0-1:0', 'Thursday': '10:0-1:0', 'Friday': '10:0-2:0', 'Saturday': '10:0-2:0', 'Sunday': '10:0-1:0'}"
jeizWBHYh9bYkf-rey3Ekw,At Lash Studio,"1865 E River Rd, Ste 151",Tucson,AZ,85718,32.288101,-110.944524,5.0,29,1,"{'RestaurantsPriceRange2': '2', 'BusinessAcceptsCreditCards': 'True', 'BusinessParking': ""{'garage': False, 'street': False, 'validated': False, 'lot': True, 'valet': False}"", 'ByAppointmentOnly': 'True', 'BusinessAcceptsBitcoin': 'False', 'WheelchairAccessible': 'True', 'WiFi': ""u'free'"", 'BikeParking': 'True'}","Beauty & Spas, Eyelash Service, Day Spas","{'Monday': '9:0-17:0', 'Tuesday': '9:0-17:0', 'Wednesday': '9:0-17:0', 'Thursday': '9:0-17:0', 'Friday': '9:0-17:0'}"
qVBKNMcWX6X4MWa8edhGdg,E-Konomy Pool Service & Supplies,6020 E Speedway Blvd,Tucson,AZ,85712,32.2357099,-110.8641794,4.0,40,1,"{'BusinessAcceptsCreditCards': 'True', 'BikeParking': 'False', 'BusinessParking': ""{'garage': False, 'street': False, 'validated': False, 'lot': True, 'valet': False}"", 'WheelchairAccessible': 'True', 'RestaurantsPriceRange2': '2', 'ByAppointmentOnly': 'False'}","Hot Tub & Pool, Swimming Pools, Shopping, Pool Cleaners, Contractors, Home & Garden, Active Life, Home Services","{'Monday': '8:0-18:0', 'Tuesday': '8:0-18:0', 'Wednesday': '8:0-18:0', 'Thursday': '8:0-18:0', 'Friday': '8:0-18:0', 'Saturday': '8:0-17:0', 'Sunday': '10:0-16:0'}"
q3yDSbiVl8No5P1WLLQhjQ,AT&T Store,1821 E Prince Rd,Tucson,AZ,85719,32.2664597235,-110.943475,2.0,12,1,"{'BusinessAcceptsCreditCards': 'True', 'BusinessParking': ""{'garage': False, 'street': False, 'validated': False, 'lot': False, 'valet': False}""}","Telecommunications, IT Services & Computer Repair, Mobile Phones, Mobile Phone Accessories, Shopping, Local Services","{'Monday': '0:0-0:0', 'Tuesday': '9:0-20:0', 'Wednesday': '9:0-20:0', 'Thursday': '9:0-20:0', 'Friday': '9:0-18:0', 'Saturday': '10:0-18:0', 'Sunday': '10:0-19:0'}"
AyMbqti2laPCL3LH9U7SNw,Russell Cellular - Premium Verizon Retailer,"3175 N Swan Rd, Ste 175",Tucson,AZ,85712,32.2648398926,-110.8929816261,2.5,6,1,,"Mobile Phone Accessories, Mobile Phones, Shopping","{'Monday': '9:0-20:0', 'Tuesday': '9:0-20:0', 'Wednesday': '9:0-20:0', 'Thursday': '9:0-20:0', 'Friday': '9:0-20:0', 'Saturday': '10:0-19:0', 'Sunday': '12:0-17:0'}"
GuoVl66e0gQUfsDfqbPifw,At Home,5255 E Broadway Blvd,Tucson,AZ,85711,32.223218,-110.8804382,3.5,14,1,,"Shopping, Kitchen & Bath, Department Stores, Fashion, Furniture Stores, Home Decor, Home & Garden","{'Monday': '9:0-22:0', 'Tuesday': '9:0-22:0', 'Wednesday': '9:0-22:0', 'Thursday': '9:0-22:0', 'Friday': '9:0-22:0', 'Saturday': '9:0-22:0', 'Sunday': '9:0-21:0'}"
08xmY6lV-f0WMpiBW6NJwg,The Practical Chef,,Tucson,AZ,85718,32.3389931,-110.9268201,5.0,9,1,"{'BusinessAcceptsCreditCards': 'True', 'RestaurantsPriceRange2': '3', 'BusinessAcceptsBitcoin': 'False', 'ByAppointmentOnly': 'True', 'WiFi': ""u'no'"", 'RestaurantsDelivery': 'True'}","Arts & Crafts, Shopping, Caterers, Food, Cooking Classes, Personal Chefs, Event Planning & Services",
bbDaL2a1jYrfNK6p94u8Zg,Restaurant Depot,601 W 22nd St,Tucson,AZ,85713,32.20538,-110.97821,2.0,15,1,"{'BusinessParking': ""{'garage': False, 'street': False, 'validated': False, 'lot': True, 'valet': False}""}","Wholesale Stores, Professional Services, Wholesalers, Restaurant Supplies, Shopping","{'Monday': '0:0-0:0', 'Tuesday': '7:0-18:0', 'Wednesday': '7:0-18:0', 'Thursday': '7:0-18:0', 'Friday': '7:0-18:0', 'Saturday': '7:0-16:0', 'Sunday': '8:0-15:0'}"
9HWMKDCWFF2sH-wfO3XGcw,Overhead Door,313 W Sahuaro St,Tucson,AZ,85705,32.248861,-110.9769756,4.5,55,1,"{'BusinessAcceptsCreditCards': 'True', 'BusinessAcceptsBitcoin': 'False', 'ByAppointmentOnly': 'False'}","Building Supplies, Garage Door Services, Fences & Gates, Home & Garden, Shopping, Home Services","{'Monday': '5:30-16:30', 'Tuesday': '5:30-16:30', 'Wednesday': '5:30-16:30', 'Thursday': '5:30-16:30', 'Friday': '5:30-16:30'}"
IOAsf1Q7LJlPKktx0RRWkQ,River Nails,5020 N Oracle Rd,Tucson,AZ,85704,32.298073,-110.977177,3.5,39,1,"{'ByAppointmentOnly': 'False', 'BusinessAcceptsCreditCards': 'True', 'RestaurantsPriceRange2': '1', 'BusinessParking': ""{'garage': False, 'street': False, 'validated': False, 'lot': False, 'valet': False}""}","Beauty & Spas, Nail Salons","{'Monday': '9:30-19:0', 'Wednesday': '9:30-19:0', 'Thursday': '9:30-19:0', 'Friday': '9:30-19:0', 'Saturday': '9:0-18:0', 'Sunday': '11:0-17:0'}"
UgDaOWPkASx5UZASC5k3eA,Gentlemen's Edge Barbershop,"8245 N Silverbell Rd, Ste 121",Tucson,AZ,85743,32.3561767,-111.1134317,3.5,23,1,"{'WheelchairAccessible': 'True', 'RestaurantsPriceRange2': '2', 'ByAppointmentOnly': 'False', 'BusinessAcceptsCreditCards': 'True', 'BusinessParking': ""{'garage': False, 'street': False, 'validated': False, 'lot': False, 'valet': False}"", 'BikeParking': 'True'}","Hair Salons, Men's Hair Salons, Beauty & Spas, Barbers","{'Tuesday': '9:0-19:0', 'Wednesday': '9:0-19:0', 'Thursday': '9:0-19:0', 'Friday': '9:0-19:0', 'Saturday': '9:0-17:0'}"
h4Um1Vu4Lpo7I1juWXFIUw,La Reyna Hot Dogs,712 E Prince Rd,Tucson,AZ,85719,32.271928386,-110.9602581764,4.5,10,1,"{'BusinessAcceptsCreditCards': 'False', 'GoodForMeal': ""{'dessert': False, 'latenight': False, 'lunch': False, 'dinner': False, 'brunch': False, 'breakfast': False}"", 'RestaurantsGoodForGroups': 'True', 'RestaurantsTakeOut': 'True', 'WiFi': ""'no'"", 'RestaurantsDelivery': 'True', 'RestaurantsAttire': ""'casual'"", 'GoodForKids': 'True', 'OutdoorSeating': 'None', 'HasTV': 'True', 'BikeParking': 'False', 'RestaurantsPriceRange2': '1', 'RestaurantsReservations': 'False', 'Ambience': ""{'touristy': False, 'hipster': False, 'romantic': False, 'divey': False, 'intimate': False, 'trendy': False, 'upscale': False, 'classy': False, 'casual': False}""}","Food, Mexican, Food Trucks, Restaurants, Hot Dogs",
Nph82hv9yc8teo_U3gmXTw,Discount Mattress Barn,3030 E Grant Rd,Tucson,AZ,85716,32.250149,-110.9273207,4.5,14,1,"{'BusinessParking': ""{'garage': False, 'street': False, 'validated': False, 'lot': False, 'valet': False}"", 'RestaurantsPriceRange2': '1', 'BusinessAcceptsCreditCards': 'True', 'BikeParking': 'True', 'ByAppointmentOnly': 'True'}","Home & Garden, Mattresses, Furniture Stores, Shopping","{'Monday': '10:0-17:0', 'Tuesday': '10:0-17:0', 'Wednesday': '10:0-17:0', 'Thursday': '10:0-17:0', 'Friday': '10:0-17:0', 'Saturday': '10:0-17:0'}"
Z75xSO_6mKuuPpRHE-GjHg,Tacos Apson,"6741 N Thornydale Rd, Ste 121",Tucson,AZ,85741,32.3291171,-111.0468557,3.5,50,1,"{'RestaurantsTakeOut': 'True', 'HasTV': 'True', 'BusinessParking': ""{'garage': False, 'street': False, 'validated': False, 'lot': True, 'valet': False}""}","Tacos, Restaurants, Mexican","{'Monday': '10:0-20:0', 'Tuesday': '10:0-20:0', 'Wednesday': '10:0-21:0', 'Thursday': '10:0-21:0', 'Friday': '10:0-21:0', 'Saturday': '10:0-21:0', 'Sunday': '11:0-17:0'}"
1dwvjJGUA9P8re-O8HrRTw,"Morgan, Cohen & Bach","7225 N Mona Lisa Rd, Ste 200",Tucson,AZ,85741,32.3379042,-111.0212085,1.5,10,1,,"Lawyers, Financial Services, Business Consulting, Mediators, Professional Services, General Litigation, Private Investigation, Debt Relief Services","{'Monday': '7:0-17:0', 'Tuesday': '7:0-17:0', 'Wednesday': '7:0-17:0', 'Thursday': '7:0-17:0', 'Friday': '7:0-17:0'}"
5pjdRZ9BgW70S5TO2jQY7w,Tucson / Lazydays KOA,5151 South Country Club Rd,Tucson,AZ,85706,32.1578373,-110.9235659,4.5,101,1,,"Campgrounds, RV Parks, Hotels & Travel",
tUrh1N3cIQmBf3TyVQ91mg,Wig-O-Rama,98 E Congress St,Tucson,AZ,85701,32.2218213,-110.9695917,4.0,5,0,"{'BusinessAcceptsCreditCards': 'True', 'BusinessParking': ""{'garage': False, 'street': False, 'validated': False, 'lot': False, 'valet': False}"", 'RestaurantsPriceRange2': '1', 'ByAppointmentOnly': 'False', 'BikeParking': 'True'}","Beauty & Spas, Hair Salons, Jewelry, Shopping, Wigs, Hair Extensions","{'Monday': '9:0-18:0', 'Tuesday': '9:0-18:0', 'Wednesday': '9:0-18:0', 'Thursday': '9:0-18:0', 'Friday': '9:0-18:0', 'Saturday': '10:0-17:0'}"
zYDl7T-9NdLLOEChYxbFKg,Alltech Gate Systems,7075 E 21st St,Tucson,AZ,85710,32.2165669,-110.8195292,4.5,12,1,"{'BusinessAcceptsCreditCards': 'True', 'ByAppointmentOnly': 'False'}","Local Services, Home Services, Metal Fabricators, Fences & Gates","{'Monday': '8:0-16:30', 'Tuesday': '8:0-16:30', 'Wednesday': '8:0-16:30', 'Thursday': '8:0-16:30', 'Friday': '8:0-16:30'}"
Rm6XSkK4IdQ0nuF6jq_Inw,Hermosa Beauty & Barber Shop,2314 N Campbell Ave,Tucson,AZ,85719,32.2493076,-110.9435384,4.5,5,1,"{'RestaurantsPriceRange2': '1', 'ByAppointmentOnly': 'False', 'BusinessParking': ""{'garage': False, 'street': False, 'validated': False, 'lot': False, 'valet': False}"", 'BikeParking': 'True', 'BusinessAcceptsCreditCards': 'False'}","Beauty & Spas, Barbers",
KZ1FMeGyWQZfbtZPG31kWw,Firetruck Brewing,"9155 E Tanque Verde Rd, Ste 177",Tucson,AZ,85749,32.2580614814,-110.796773891,3.0,7,1,{'HasTV': 'True'},"Nightlife, Bars, Food, Breweries, Pubs, Restaurants, Cocktail Bars","{'Tuesday': '11:0-21:0', 'Wednesday': '11:0-21:0', 'Thursday': '11:0-21:0', 'Friday': '11:0-22:30', 'Saturday': '11:0-22:30', 'Sunday': '11:0-20:0'}"
y335FEgchPzPaNeCcs6yZg,Fascinations,4499 W Ina Rd,Tucson,AZ,85741,32.3371004,-111.061363,5.0,15,1,"{'BusinessParking': ""{'garage': False, 'street': False, 'validated': False, 'lot': True, 'valet': False}"", 'RestaurantsTakeOut': 'None', 'BusinessAcceptsBitcoin': 'False', 'BusinessAcceptsCreditCards': 'True', 'RestaurantsPriceRange2': '2', 'WheelchairAccessible': 'True', 'RestaurantsDelivery': 'None'}","Lingerie, Adult, Shopping, Women's Clothing, Fashion","{'Monday': '0:0-0:0', 'Tuesday': '10:0-0:0', 'Wednesday': '10:0-0:0', 'Thursday': '10:0-0:0', 'Friday': '10:0-22:0', 'Saturday': '10:0-0:0', 'Sunday': '11:0-22:0'}"
D_ikRbZcIPhjeGU-yegz5g,First Hand Healing,"1636 N Swan Rd, Ste 100",Tucson,AZ,85712,32.2427346,-110.8920161,5.0,5,0,"{'BikeParking': 'True', 'ByAppointmentOnly': 'True', 'BusinessParking': ""{'garage': False, 'street': False, 'validated': False, 'lot': True, 'valet': False}"", 'BusinessAcceptsCreditCards': 'True', 'RestaurantsPriceRange2': '2', 'WheelchairAccessible': 'True', 'AcceptsInsurance': 'True', 'BusinessAcceptsBitcoin': 'None'}","Beauty & Spas, Massage, Health & Medical, Physical Therapy, Rehabilitation Center","{'Monday': '8:0-19:0', 'Tuesday': '8:0-19:0', 'Wednesday': '8:0-19:0', 'Thursday': '8:0-19:0', 'Friday': '8:0-19:0', 'Saturday': '8:0-19:0', 'Sunday': '8:0-16:0'}"
R3nZT62NwBRJACTq6-h2kw,O's Steakhouse & Piano Bar,2200 N Camino Principal,Tucson,AZ,85715,32.2487234,-110.8462813,1.5,7,0,"{'RestaurantsPriceRange2': '4', 'RestaurantsDelivery': 'False', 'GoodForKids': 'False', 'BusinessAcceptsCreditCards': 'True', 'HasTV': 'True', 'Ambience': ""{'romantic': False, 'intimate': False, 'touristy': False, 'hipster': False, 'divey': False, 'classy': False, 'trendy': False, 'upscale': False, 'casual': False}"", 'RestaurantsReservations': 'True', 'RestaurantsGoodForGroups': 'True', 'OutdoorSeating': 'True', 'Caters': 'True', 'Alcohol': ""u'full_bar'"", 'RestaurantsTakeOut': 'True', 'RestaurantsAttire': ""u'casual'"", 'NoiseLevel': ""u'quiet'"", 'HappyHour': 'True', 'BusinessParking': ""{'garage': False, 'street': False, 'validated': False, 'lot': True, 'valet': False}""}","American (Traditional), Nightlife, Restaurants, Bars","{'Wednesday': '17:0-22:0', 'Thursday': '17:0-22:0', 'Friday': '17:0-22:0', 'Saturday': '17:0-22:0', 'Sunday': '17:0-22:0'}"
ZeyWule27WepTQ-CfYvs7g,Birth & Women's Health Center,"5979 E Grant Rd, Ste 107",Tucson,AZ,85712,32.2514317,-110.8639068,3.5,20,1,"{'ByAppointmentOnly': 'True', 'BusinessAcceptsCreditCards': 'True'}","Health & Medical, Obstetricians & Gynecologists, Doctors, Midwives",
0Kn5W22UmxOqPj2cjouFNA,Silver Mine Subs,760 N Tyndall Ave,Tucson,AZ,85719,32.2313560123,-110.9577776781,3.0,36,0,"{'BusinessParking': ""{'garage': False, 'street': True, 'validated': False, 'lot': True, 'valet': False}"", 'RestaurantsReservations': 'False', 'RestaurantsAttire': ""'casual'"", 'RestaurantsGoodForGroups': 'True', 'OutdoorSeating': 'True', 'Alcohol': ""u'none'"", 'RestaurantsPriceRange2': '1', 'GoodForKids': 'True', 'RestaurantsDelivery': 'True', 'WiFi': ""u'free'"", 'Caters': 'True', 'HasTV': 'True', 'Ambience': ""{'romantic': False, 'intimate': False, 'classy': False, 'hipster': False, 'divey': False, 'touristy': False, 'trendy': False, 'upscale': False, 'casual': True}"", 'BusinessAcceptsCreditCards': 'True', 'RestaurantsTakeOut': 'True', 'NoiseLevel': ""u'average'"", 'BikeParking': 'True'}","Restaurants, Sandwiches","{'Monday': '10:0-3:0', 'Tuesday': '10:0-3:0', 'Wednesday': '10:0-3:0', 'Thursday': '10:0-3:0', 'Friday': '10:0-3:0', 'Saturday': '10:0-3:0', 'Sunday': '10:0-3:0'}"
rRPqeIfbthjR1VAP-eiu9A,Pair A Dice Barbers,7752 E Wrightstown Rd,Tucson,AZ,85715,32.2501618,-110.8269331,4.0,10,1,"{'BusinessAcceptsCreditCards': 'True', 'RestaurantsPriceRange2': '1', 'ByAppointmentOnly': 'True', 'BusinessParking': ""{'garage': False, 'street': False, 'validated': False, 'lot': False, 'valet': False}""}","Beauty & Spas, Barbers","{'Tuesday': '8:0-17:30', 'Wednesday': '8:0-17:30', 'Thursday': '8:0-17:30', 'Friday': '8:0-17:30', 'Saturday': '8:0-16:0'}"
QbbGW0Gk109g36f1eeDMqA,Patience Professional Dog Training,11221 W Anthony Dr,Tucson,AZ,85743,32.3423133,-111.2053465,3.5,6,1,,"Pet Services, Pet Training, Pets","{'Monday': '0:0-0:0', 'Tuesday': '8:0-17:0', 'Wednesday': '8:0-17:0', 'Thursday': '8:0-17:0', 'Friday': '8:0-17:0', 'Saturday': '8:0-12:0'}"
3_CZbpOMM6BYF609W8U8Iw,Elbow Room,1145 W Prince Rd,Tucson,AZ,85705,32.2718331,-110.992316,2.5,5,0,"{'BikeParking': 'True', 'OutdoorSeating': 'False', 'Ambience': ""{'romantic': False, 'intimate': False, 'classy': False, 'hipster': False, 'divey': False, 'touristy': False, 'trendy': False, 'upscale': False, 'casual': False}"", 'Alcohol': ""u'full_bar'"", 'BusinessAcceptsCreditCards': 'True', 'HasTV': 'True', 'NoiseLevel': ""u'average'"", 'RestaurantsGoodForGroups': 'True', 'RestaurantsPriceRange2': '1', 'BusinessParking': ""{'garage': False, 'street': False, 'validated': False, 'lot': False, 'valet': False}""}","Nightlife, Bars",
nUfx921sp44DDiZWa1P3wQ,Wendy's,5391 E Speedway,Tucson,AZ,85712,32.2365609,-110.8779701,2.0,13,1,"{'OutdoorSeating': 'False', 'RestaurantsPriceRange2': '1', 'BusinessAcceptsCreditCards': 'True', 'RestaurantsReservations': 'False', 'RestaurantsGoodForGroups': 'True', 'Alcohol': ""u'none'"", 'Ambience': ""{'touristy': False, 'hipster': False, 'romantic': False, 'divey': False, 'intimate': False, 'trendy': False, 'upscale': False, 'classy': False, 'casual': False}"", 'BusinessParking': ""{'garage': False, 'street': False, 'validated': False, 'lot': False, 'valet': False}"", 'BikeParking': 'True', 'RestaurantsTakeOut': 'True', 'GoodForKids': 'True', 'RestaurantsAttire': ""u'casual'"", 'HasTV': 'True', 'RestaurantsDelivery': 'True'}","Restaurants, Hot Dogs, Burgers, Fast Food","{'Monday': '10:0-0:0', 'Tuesday': '10:0-0:0', 'Wednesday': '10:0-0:0', 'Thursday': '10:0-0:0', 'Friday': '10:0-1:0', 'Saturday': '10:0-1:0', 'Sunday': '10:0-0:0'}"
rABScwWmhxRwVwzQ8WaDmg,Nails.com,"4951 E Grant Rd, Ste 101",Tucson,AZ,85712,32.2512113,-110.8876718,3.5,7,0,"{'ByAppointmentOnly': 'False', 'BusinessParking': ""{'garage': False, 'street': False, 'validated': False, 'lot': True, 'valet': False}"", 'RestaurantsPriceRange2': '1', 'BusinessAcceptsCreditCards': 'True'}","Beauty & Spas, Nail Salons",
lS1dmSXpAtQqT04eRm9kiA,No Anchovies,870 E University Blvd,Tucson,AZ,85719,32.2314107,-110.9584407,3.5,271,1,"{'BusinessParking': ""{'garage': True, 'street': True, 'validated': True, 'lot': False, 'valet': False}"", 'RestaurantsTakeOut': 'True', 'OutdoorSeating': 'True', 'Corkage': 'False', 'BusinessAcceptsCreditCards': 'True', 'RestaurantsDelivery': 'True', 'RestaurantsGoodForGroups': 'True', 'HasTV': 'True', 'RestaurantsPriceRange2': '1', 'RestaurantsReservations': 'False', 'RestaurantsAttire': ""'casual'"", 'Caters': 'False', 'NoiseLevel': ""'average'"", 'WiFi': ""'free'"", 'Alcohol': ""'full_bar'"", 'BikeParking': 'True', 'GoodForKids': 'True', 'Music': ""{'dj': False, 'background_music': False, 'no_music': False, 'jukebox': False, 'live': False, 'video': False, 'karaoke': False}"", 'GoodForDancing': 'False', 'BestNights': ""{'monday': False, 'tuesday': False, 'friday': True, 'wednesday': False, 'thursday': True, 'sunday': False, 'saturday': True}"", 'BusinessAcceptsBitcoin': 'False', 'BYOBCorkage': ""'yes_free'"", 'Ambience': ""{'touristy': False, 'hipster': None, 'romantic': False, 'divey': False, 'intimate': False, 'trendy': None, 'upscale': False, 'classy': False, 'casual': True}"", 'GoodForMeal': ""{'dessert': False, 'latenight': False, 'lunch': True, 'dinner': True, 'brunch': False, 'breakfast': False}""}","Restaurants, Sports Bars, Nightlife, Salad, Bars, Sandwiches, Pizza, Chicken Wings","{'Monday': '11:0-2:0', 'Tuesday': '11:0-2:0', 'Wednesday': '11:0-2:0', 'Thursday': '11:0-2:0', 'Friday': '11:0-2:0', 'Saturday': '11:0-2:0', 'Sunday': '10:0-2:0'}"
WXX2EtysiTsZd7pzijpb0g,Finnegan's Pub,7051 S Tucson Blvd,Tucson,AZ,85756,32.1235564,-110.9341191,3.0,70,1,"{'BusinessAcceptsCreditCards': 'True', 'RestaurantsAttire': ""u'casual'"", 'HasTV': 'True', 'NoiseLevel': ""u'average'"", 'RestaurantsGoodForGroups': 'True', 'OutdoorSeating': 'True', 'Caters': 'True', 'Music': ""{'dj': False, 'background_music': False, 'no_music': False, 'jukebox': False, 'live': False, 'video': False, 'karaoke': False}"", 'GoodForKids': 'True', 'RestaurantsReservations': 'True', 'GoodForMeal': ""{'dessert': None, 'latenight': None, 'lunch': None, 'dinner': True, 'brunch': None, 'breakfast': True}"", 'Alcohol': ""u'full_bar'"", 'RestaurantsPriceRange2': '2', 'WiFi': ""u'free'"", 'BikeParking': 'True', 'RestaurantsDelivery': 'False', 'BusinessParking': ""{'garage': False, 'street': False, 'validated': False, 'lot': False, 'valet': False}"", 'Ambience': ""{'touristy': False, 'hipster': None, 'romantic': None, 'divey': False, 'intimate': False, 'trendy': False, 'upscale': None, 'classy': None, 'casual': True}"", 'RestaurantsTakeOut': 'True'}","Nightlife, Pubs, Restaurants, American (New), Bars, Irish","{'Monday': '6:0-23:0', 'Tuesday': '6:0-23:0', 'Wednesday': '6:0-23:0', 'Thursday': '6:0-23:0', 'Friday': '6:0-23:0', 'Saturday': '7:0-23:0', 'Sunday': '7:0-23:0'}"
TTl2V6mG7IAMi_JK16bgow,Teavana,"2905 E Skyline Dr, Ste 148",Tucson,AZ,85718,32.3250262516,-110.9299629963,3.0,24,0,"{'BusinessParking': ""{'garage': False, 'street': False, 'validated': False, 'lot': True, 'valet': False}"", 'BusinessAcceptsCreditCards': 'True', 'RestaurantsPriceRange2': '2', 'OutdoorSeating': 'False', 'BikeParking': 'True', 'Caters': 'False', 'WiFi': ""u'no'"", 'RestaurantsTakeOut': 'True'}","Coffee & Tea, Food","{'Monday': '10:0-19:0', 'Tuesday': '10:0-19:0', 'Wednesday': '10:0-20:0', 'Thursday': '10:0-19:0', 'Friday': '10:0-20:0', 'Saturday': '10:0-20:0', 'Sunday': '11:0-18:0'}"
0fljOXjGVxPHAC_1dAIM_w,Lasagna and More,7856 E Wrightstown Rd,Tucson,AZ,85715,32.2493483721,-110.8248030454,4.0,31,0,"{'Alcohol': ""u'none'"", 'RestaurantsDelivery': 'True', 'RestaurantsTakeOut': 'True', 'OutdoorSeating': 'True', 'RestaurantsReservations': 'False', 'WiFi': ""u'free'"", 'Caters': 'True', 'BusinessAcceptsCreditCards': 'True', 'RestaurantsAttire': ""'casual'"", 'GoodForMeal': ""{'dessert': False, 'latenight': False, 'lunch': False, 'dinner': False, 'brunch': False, 'breakfast': False}"", 'RestaurantsGoodForGroups': 'True', 'NoiseLevel': ""u'quiet'"", 'BikeParking': 'True', 'Ambience': ""{'romantic': False, 'intimate': False, 'classy': False, 'hipster': False, 'divey': False, 'touristy': False, 'trendy': False, 'upscale': False, 'casual': False}"", 'HasTV': 'False', 'GoodForKids': 'True', 'BusinessAcceptsBitcoin': 'False', 'RestaurantsPriceRange2': '1', 'BusinessParking': ""{'garage': False, 'street': False, 'validated': False, 'lot': True, 'valet': False}""}","American (New), Food, Italian, Restaurants, Food Delivery Services, Event Planning & Services, Caterers","{'Monday': '0:0-0:0', 'Tuesday': '12:0-20:0', 'Wednesday': '12:0-20:0', 'Thursday': '12:0-20:0', 'Friday': '12:0-20:0', 'Saturday': '12:0-20:0', 'Sunday': '12:0-20:0'}"
-pRU97z3uPU_M7yUf5yzMg,Micha's,2908 S 4th Ave,Tucson,AZ,85713,32.1892611,-110.9656125,3.5,131,1,"{'BikeParking': 'False', 'OutdoorSeating': 'False', 'RestaurantsPriceRange2': '2', 'RestaurantsTakeOut': 'True', 'Alcohol': ""u'full_bar'"", 'BusinessAcceptsCreditCards': 'True', 'RestaurantsGoodForGroups': 'True', 'RestaurantsAttire': ""'casual'"", 'HasTV': 'False', 'BusinessParking': ""{'garage': False, 'street': False, 'validated': False, 'lot': True, 'valet': False}"", 'Ambience': ""{'romantic': False, 'intimate': False, 'touristy': False, 'hipster': False, 'divey': False, 'classy': False, 'trendy': False, 'upscale': False, 'casual': True}"", 'Caters': 'True', 'NoiseLevel': ""u'average'"", 'RestaurantsReservations': 'True', 'GoodForKids': 'True', 'BusinessAcceptsBitcoin': 'False', 'WiFi': ""u'free'"", 'GoodForMeal': ""{'dessert': False, 'latenight': False, 'lunch': True, 'dinner': True, 'brunch': None, 'breakfast': None}"", 'RestaurantsDelivery': 'None'}","Event Planning & Services, Breakfast & Brunch, Mexican, Fast Food, Caterers, Restaurants, Buffets","{'Monday': '0:0-0:0', 'Tuesday': '6:30-20:0', 'Wednesday': '6:30-20:0', 'Thursday': '6:30-20:0', 'Friday': '6:30-21:0', 'Saturday': '6:30-21:0', 'Sunday': '7:0-14:0'}"
SfuqejYESST6N3zrTiaryA,Arizona Department of Environmental Quality,3931 N Business Center Dr,Tucson,AZ,85705,32.2787878828,-111.0180473328,4.5,9,1,{'BusinessAcceptsCreditCards': 'True'},"Smog Check Stations, Automotive","{'Monday': '8:0-17:0', 'Tuesday': '8:0-17:0', 'Wednesday': '8:0-17:0', 'Thursday': '8:0-17:0', 'Friday': '8:0-17:0', 'Saturday': '8:0-17:0'}"
DPlNyBZ2fIFQRgUlWKrDDA,Grandma's Spinning Wheel,"6544 E Tanque Verde Rd, Ste 150",Tucson,AZ,85715,32.2455521,-110.8524056,4.0,23,1,"{'BusinessAcceptsCreditCards': 'True', 'RestaurantsPriceRange2': '2', 'BusinessParking': ""{'garage': False, 'street': False, 'validated': False, 'lot': True, 'valet': False}"", 'WheelchairAccessible': 'True', 'BikeParking': 'True'}","Shopping, Knitting Supplies","{'Tuesday': '10:0-16:0', 'Wednesday': '10:0-20:0', 'Thursday': '10:0-16:0', 'Friday': '10:0-16:0', 'Saturday': '10:0-16:0'}"
3IjpO8tHrDkltcshN_m-7g,Southwest Airlines,7250 S Tucson Blvd,Tucson,AZ,85756,32.1202544,-110.937308,3.5,30,1,,"Transportation, Airlines, Hotels & Travel",
U3aNQ5DsABPYyJQolsCbJg,Charro Steak & Del Rey,188 E Broadway Blvd,Tucson,AZ,85701,32.2210775,-110.9672554,4.0,589,1,"{'RestaurantsPriceRange2': '3', 'RestaurantsReservations': 'True', 'NoiseLevel': ""'average'"", 'BusinessAcceptsBitcoin': 'False', 'RestaurantsGoodForGroups': 'True', 'BusinessAcceptsCreditCards': 'True', 'BikeParking': 'True', 'Alcohol': ""u'full_bar'"", 'RestaurantsAttire': ""'casual'"", 'WheelchairAccessible': 'True', 'RestaurantsTableService': 'True', 'GoodForMeal': ""{'dessert': None, 'latenight': False, 'lunch': False, 'dinner': True, 'brunch': False, 'breakfast': False}"", 'GoodForKids': 'True', 'HasTV': 'True', 'WiFi': ""u'free'"", 'RestaurantsDelivery': 'None', 'Caters': 'True', 'HappyHour': 'True', 'RestaurantsTakeOut': 'True', 'DriveThru': 'None', 'DogsAllowed': 'False', 'Ambience': ""{'touristy': False, 'hipster': False, 'romantic': False, 'divey': False, 'intimate': False, 'trendy': False, 'upscale': False, 'classy': True, 'casual': False}"", 'OutdoorSeating': 'True', 'BusinessParking': ""{u'valet': False, u'garage': False, u'street': True, u'lot': True, u'validated': False}""}","Diners, Restaurants, Steakhouses, Mexican","{'Monday': '0:0-0:0', 'Tuesday': '15:0-21:0', 'Wednesday': '15:0-21:0', 'Thursday': '15:0-21:0', 'Friday': '15:0-21:0', 'Saturday': '15:0-21:0', 'Sunday': '15:0-21:0'}"
GlYN-RJyL_YwxIqsSDo1ag,Mother Hubbard's Café,14 W Grant Rd,Tucson,AZ,85705,32.2510448,-110.9728955,3.5,250,0,"{'RestaurantsPriceRange2': '1', 'Caters': 'False', 'RestaurantsGoodForGroups': 'True', 'BusinessParking': ""{'garage': False, 'street': False, 'validated': False, 'lot': True, 'valet': False}"", 'Alcohol': ""u'none'"", 'RestaurantsAttire': ""u'casual'"", 'RestaurantsTakeOut': 'True', 'NoiseLevel': ""u'average'"", 'HasTV': 'False', 'RestaurantsDelivery': 'False', 'WiFi': ""u'no'"", 'BusinessAcceptsCreditCards': 'True', 'RestaurantsReservations': 'False', 'OutdoorSeating': 'False', 'GoodForKids': 'True', 'GoodForMeal': ""{'dessert': False, 'latenight': False, 'lunch': True, 'dinner': False, 'brunch': True, 'breakfast': True}"", 'BikeParking': 'True', 'Ambience': ""{'romantic': False, 'intimate': False, 'touristy': False, 'hipster': False, 'divey': False, 'classy': False, 'trendy': False, 'upscale': False, 'casual': True}""}","Diners, American (Traditional), Restaurants, Breakfast & Brunch, American (New), Waffles, Cafes","{'Wednesday': '7:0-13:0', 'Thursday': '7:0-13:0', 'Friday': '7:0-13:0', 'Saturday': '7:0-13:0', 'Sunday': '7:0-13:0'}"
X3cPMwZXDWa3USsYPsOkAA,Handmaker,2221 N Rosemont Blvd,Tucson,AZ,85712,32.2482991,-110.8848155,2.0,8,1,{'AcceptsInsurance': 'True'},"Assisted Living Facilities, Skilled Nursing, Retirement Homes, Health & Medical","{'Monday': '0:0-0:0', 'Tuesday': '0:0-0:0', 'Wednesday': '0:0-0:0', 'Thursday': '0:0-0:0', 'Friday': '0:0-0:0', 'Saturday': '0:0-0:0', 'Sunday': '0:0-0:0'}"
k0DxC_yBYHO5dr-GuNtJaQ,Pulse Electric,,Tucson,AZ,85710,32.2141393494,-110.8237544969,4.5,9,1,{'BusinessAcceptsCreditCards': 'True'},"Electricians, Home Services","{'Monday': '6:30-15:0', 'Tuesday': '6:30-15:0', 'Wednesday': '6:30-15:0', 'Thursday': '6:30-15:0', 'Friday': '6:30-15:0'}"
ZrghwjJVFP19qcGVhZEm5A,AASTRO Transmission,8455 E. Broadway Blvd.,Tucson,AZ,85710,32.221745,-110.8123115,2.5,22,1,"{'BusinessAcceptsCreditCards': 'True', 'ByAppointmentOnly': 'False', 'WiFi': ""u'free'""}","Automotive, Auto Repair, Transmission Repair, Tires, Oil Change Stations","{'Monday': '8:0-17:0', 'Tuesday': '8:0-17:0', 'Wednesday': '8:0-17:0', 'Thursday': '8:0-17:0', 'Friday': '8:0-17:0', 'Saturday': '8:0-12:0'}"
B4nqUxQ4FQPdZccgD8n6Rw,Ajo Bikes,"1301 E Ajo Way, Ste 117",Tucson,AZ,85713,32.1784054,-110.9514553,4.5,43,1,"{'RestaurantsPriceRange2': '2', 'BusinessParking': ""{'garage': False, 'street': False, 'validated': False, 'lot': True, 'valet': False}"", 'BusinessAcceptsCreditCards': 'True', 'BikeParking': 'True', 'WheelchairAccessible': 'True', 'BusinessAcceptsBitcoin': 'False', 'DogsAllowed': 'True'}","Bikes, Sporting Goods, Shopping, Bike Repair/Maintenance, Local Services, Active Life","{'Monday': '0:0-0:0', 'Tuesday': '10:0-18:0', 'Wednesday': '10:0-14:0', 'Thursday': '10:0-18:0', 'Friday': '10:0-14:0', 'Saturday': '9:0-17:0'}"
tjI3p27hkAYYhelmHF5AXQ,KFC,2985 S Kino Pkwy,Tucson,AZ,85713,32.1876558,-110.9442567,2.0,13,1,"{'DriveThru': 'True', 'RestaurantsDelivery': 'True', 'Caters': 'False', 'BusinessParking': ""{u'valet': False, u'garage': False, u'street': False, u'lot': True, u'validated': False}"", 'RestaurantsTakeOut': 'True'}","Chicken Wings, Chicken Shop, Fast Food, Restaurants","{'Monday': '10:0-22:0', 'Tuesday': '10:0-22:0', 'Wednesday': '10:0-22:0', 'Thursday': '10:0-22:0', 'Friday': '10:0-22:0', 'Saturday': '10:0-22:0', 'Sunday': '10:0-22:0'}"
P5wfVQb4kmADp-_4ux2E-Q,Cold Snap Yogurt,4210 N 1st Ave,Tucson,AZ,85719,32.283365,-110.9608612,4.5,27,0,"{'BusinessParking': ""{'garage': False, 'street': False, 'validated': False, 'lot': True, 'valet': False}"", 'BusinessAcceptsCreditCards': 'True', 'RestaurantsPriceRange2': '1'}","Art Galleries, Restaurants, Food, Ice Cream & Frozen Yogurt, Shopping, Arts & Entertainment","{'Monday': '11:0-22:0', 'Tuesday': '11:0-22:0', 'Wednesday': '11:0-22:0', 'Thursday': '11:0-22:0', 'Friday': '11:0-22:0', 'Saturday': '11:0-22:0', 'Sunday': '13:0-18:0'}"
wHihWMBVeNyr36TK5RSrdg,Disruptive Products,"1683 W Grant Rd, Ste 102",Tucson,AZ,85745,32.2501747,-111.0010012,2.5,8,1,"{'BusinessAcceptsCreditCards': 'True', 'RestaurantsPriceRange2': '4', 'BusinessParking': ""{'garage': False, 'street': False, 'validated': False, 'lot': False, 'valet': False}""}","Shopping, Sporting Goods, Outdoor Gear, Guns & Ammo","{'Tuesday': '11:0-18:0', 'Wednesday': '11:0-18:0', 'Thursday': '11:0-18:0', 'Friday': '11:0-18:0', 'Saturday': '10:0-17:0'}"
lqSJkyNSE1yPeux4PoR-pg,Arizona Aquatic Gardens,,Tucson,AZ,85737,32.4044445,-110.9864294,1.5,206,1,"{'RestaurantsPriceRange2': '2', 'BusinessAcceptsCreditCards': 'True', 'BusinessParking': ""{'garage': False, 'street': False, 'validated': False, 'lot': False, 'valet': False}""}","Home & Garden, Shopping, Nurseries & Gardening","{'Monday': '10:0-18:0', 'Tuesday': '10:0-16:0', 'Wednesday': '10:0-16:0', 'Thursday': '10:0-16:0', 'Friday': '10:0-12:0'}"
WagOd8uvQIZ7vk0ikzBXHQ,Enterprise Rent-A-Car,5150 E Speedway Blvd,Tucson,AZ,85712,32.235740277,-110.8822423386,3.5,15,1,,"Hotels & Travel, Car Rental","{'Monday': '0:0-0:0', 'Tuesday': '7:30-17:30', 'Wednesday': '7:30-17:30', 'Thursday': '7:30-15:0', 'Friday': '7:30-17:30'}"
6-LStWSBtM9OUKkQW945NQ,"Able Body Painting, Inc.",,Tucson,AZ,85742,32.3920076,-111.0579632,4.5,5,1,,"Home Services, Painters","{'Monday': '7:0-19:0', 'Tuesday': '7:0-19:0', 'Wednesday': '7:0-19:0', 'Thursday': '7:0-19:0', 'Friday': '7:0-19:0', 'Saturday': '7:0-19:0', 'Sunday': '7:0-19:0'}"
mE16tq2q9kIAeI1wnPkKXQ,Ba-Dar,7321 E Broadway Blvd,Tucson,AZ,85710,32.2214322,-110.8359902,4.0,255,1,"{'HasTV': 'False', 'OutdoorSeating': 'False', 'Ambience': ""{'romantic': False, 'intimate': False, 'touristy': False, 'hipster': False, 'divey': False, 'classy': False, 'trendy': False, 'upscale': False, 'casual': True}"", 'RestaurantsTakeOut': 'True', 'BusinessAcceptsCreditCards': 'True', 'RestaurantsGoodForGroups': 'True', 'GoodForKids': 'True', 'NoiseLevel': ""u'average'"", 'RestaurantsDelivery': 'True', 'RestaurantsAttire': ""'casual'"", 'Alcohol': ""u'beer_and_wine'"", 'RestaurantsPriceRange2': '2', 'RestaurantsReservations': 'True', 'BusinessParking': ""{'garage': False, 'street': False, 'validated': False, 'lot': True, 'valet': False}"", 'WiFi': ""u'no'"", 'Caters': 'True', 'BikeParking': 'False', 'GoodForMeal': ""{'dessert': False, 'latenight': False, 'lunch': True, 'dinner': True, 'brunch': False, 'breakfast': False}"", 'RestaurantsTableService': 'True'}","Chinese, Restaurants","{'Wednesday': '16:0-20:0', 'Thursday': '16:0-20:0', 'Friday': '16:0-20:0', 'Saturday': '16:0-20:0', 'Sunday': '16:0-20:0'}"
8SWBqjFUNE6ZQ8CL9yxFsA,Massage Envy Tucson - Old Spanish Trail,"9630 E 22nd St, Ste 100",Tucson,AZ,85748,32.205966,-110.78691,3.5,39,1,"{'BusinessParking': ""{'garage': False, 'street': False, 'validated': False, 'lot': True, 'valet': False}"", 'BusinessAcceptsCreditCards': 'True', 'RestaurantsPriceRange2': '2', 'ByAppointmentOnly': 'False', 'BikeParking': 'True'}","Health & Medical, Day Spas, Massage, Skin Care, Beauty & Spas, Massage Therapy","{'Monday': '0:0-0:0', 'Tuesday': '8:0-22:0', 'Wednesday': '8:0-22:0', 'Thursday': '8:0-22:0', 'Friday': '8:0-22:0', 'Saturday': '8:0-20:0', 'Sunday': '8:0-20:0'}"
ji3RfOArnXi-XXE4X372NQ,Hobby Lobby,"5555 E Broadway Blvd, Ste 131",Tucson,AZ,85711,32.222537,-110.873898,3.0,49,1,"{'BusinessAcceptsCreditCards': 'True', 'BusinessParking': ""{'garage': False, 'street': False, 'validated': False, 'lot': True, 'valet': False}"", 'RestaurantsPriceRange2': '2', 'BikeParking': 'True', 'DogsAllowed': 'False'}","Hobby Shops, Shopping, Event Planning & Services, Home & Garden, Arts & Crafts, Art Supplies, Wedding Planning, Home Decor","{'Monday': '9:0-20:0', 'Tuesday': '9:0-20:0', 'Wednesday': '9:0-20:0', 'Thursday': '9:0-20:0', 'Friday': '9:0-20:0', 'Saturday': '9:0-20:0'}"
90glrBO_1foGHsIpevoOSg,Vistoso Cleaners,12112 N Rancho Vistoso Blvd,Tucson,AZ,85755,32.4263727,-110.9592405,3.5,6,1,"{'BusinessParking': ""{'garage': False, 'street': False, 'validated': False, 'lot': False, 'valet': False}"", 'BusinessAcceptsCreditCards': 'True', 'RestaurantsPriceRange2': '1'}","Laundry Services, Dry Cleaning & Laundry, Local Services",
L9oNuIKaKUs4uoZttm1GZg,Denny's,6484 E Broadway Blvd,Tucson,AZ,85710,32.2205675783,-110.8553297818,2.0,109,1,"{'NoiseLevel': ""u'average'"", 'RestaurantsPriceRange2': '1', 'RestaurantsAttire': ""u'casual'"", 'Caters': 'False', 'RestaurantsReservations': 'False', 'BusinessAcceptsCreditCards': 'True', 'RestaurantsTakeOut': 'True', 'Alcohol': ""u'none'"", 'Ambience': ""{'romantic': False, 'intimate': False, 'classy': False, 'hipster': False, 'divey': False, 'touristy': False, 'trendy': False, 'upscale': False, 'casual': True}"", 'BusinessParking': ""{'garage': False, 'street': False, 'validated': False, 'lot': True, 'valet': False}"", 'HasTV': 'False', 'RestaurantsGoodForGroups': 'True', 'GoodForKids': 'True', 'BikeParking': 'False', 'RestaurantsDelivery': 'True', 'OutdoorSeating': 'True', 'WiFi': ""u'no'"", 'GoodForMeal': ""{'dessert': None, 'latenight': None, 'lunch': None, 'dinner': None, 'brunch': True, 'breakfast': True}""}","Diners, Restaurants, American (Traditional), Breakfast & Brunch, Fast Food","{'Monday': '0:0-0:0', 'Tuesday': '0:0-0:0', 'Wednesday': '0:0-0:0', 'Thursday': '0:0-0:0', 'Friday': '0:0-0:0', 'Saturday': '0:0-0:0', 'Sunday': '0:0-0:0'}"
4t7PVNwxhtnYEGIPam-8sA,Mo's Gallery & Fine Framing,3650 E Fort Lowell Rd,Tucson,AZ,85716,32.2642477,-110.9149679,5.0,6,1,"{'RestaurantsPriceRange2': '2', 'ByAppointmentOnly': 'False', 'BusinessAcceptsCreditCards': 'True', 'BikeParking': 'False', 'BusinessParking': ""{'garage': False, 'street': False, 'validated': False, 'lot': True, 'valet': False}"", 'WheelchairAccessible': 'True'}","Home Decor, Framing, Glass & Mirrors, Home Services, Local Services, Home & Garden, Arts & Entertainment, Shopping, Shipping Centers, Couriers & Delivery Services, Arts & Crafts, Art Galleries","{'Monday': '10:0-18:0', 'Tuesday': '10:0-18:0', 'Wednesday': '10:0-18:0', 'Thursday': '10:0-18:0', 'Friday': '10:0-18:0', 'Saturday': '10:0-17:0'}"
2L4yheXAK8RZHoFJEZP-bA,The Lodge At Ventana Canyon,6200 N Club House Ln,Tucson,AZ,85750,32.32191,-110.84534,3.5,55,1,"{'RestaurantsPriceRange2': '3', 'BusinessAcceptsCreditCards': 'True', 'GoodForKids': 'True', 'WheelchairAccessible': 'True', 'BikeParking': 'True', 'BusinessParking': ""{'garage': False, 'street': False, 'validated': False, 'lot': True, 'valet': False}"", 'WiFi': ""'free'""}","Hotels & Travel, Golf, Hotels, Event Planning & Services, Active Life","{'Monday': '0:0-0:0', 'Tuesday': '0:0-0:0', 'Wednesday': '0:0-0:0', 'Thursday': '0:0-0:0', 'Friday': '0:0-0:0', 'Saturday': '0:0-0:0', 'Sunday': '0:0-0:0'}"
XoS-hu_i2Dr8VxzeMxLwVA,Starbucks,6291 E Speedway Blvd,Tucson,AZ,85712,32.236409848,-110.858498,3.0,74,1,"{'OutdoorSeating': 'True', 'WiFi': ""u'free'"", 'RestaurantsPriceRange2': '2', 'BusinessAcceptsCreditCards': 'True', 'BusinessParking': ""{'garage': False, 'street': False, 'validated': False, 'lot': True, 'valet': False}"", 'Caters': 'False', 'BikeParking': 'True', 'RestaurantsTakeOut': 'True', 'RestaurantsDelivery': 'True'}","Coffee & Tea, Food","{'Monday': '4:30-21:0', 'Tuesday': '4:30-21:0', 'Wednesday': '4:30-21:0', 'Thursday': '4:30-21:0', 'Friday': '4:30-21:0', 'Saturday': '4:30-21:0', 'Sunday': '4:30-21:0'}"
VOV2kwrrVzLFZTwx-APzSg,Etcetera: The Late Night Arm Of Live Theatre Workshop,,Tucson,AZ,85712,32.2540946,-110.8850949,5.0,5,1,{'GoodForKids': 'False'},"Arts & Entertainment, Performing Arts","{'Friday': '22:0-1:0', 'Saturday': '22:0-1:0'}"
WzELkgG99ZNjwHXCed-2_g,Western Passport Center,7373 E Rosewood St,Tucson,AZ,85710,32.2326622009,-110.8354110718,4.5,91,1,,"Passport & Visa Services, Travel Services, Hotels & Travel, Public Services & Government","{'Monday': '0:0-0:0', 'Tuesday': '8:30-15:0', 'Wednesday': '8:30-15:0', 'Thursday': '9:0-15:0', 'Friday': '8:30-15:0'}"
TLGDPigfdHy_MXpgSCCPjg,Mian Sichuan,"4695 N Oracle Rd, Ste 105",Tucson,AZ,85705,32.2917271,-110.9792478,4.5,126,1,"{'HasTV': 'False', 'RestaurantsGoodForGroups': 'True', 'RestaurantsPriceRange2': '2', 'BusinessAcceptsCreditCards': 'True', 'DogsAllowed': 'False', 'RestaurantsTableService': 'False', 'WheelchairAccessible': 'True', 'OutdoorSeating': 'True', 'NoiseLevel': ""u'average'"", 'Caters': 'False', 'HappyHour': 'True', 'RestaurantsTakeOut': 'True', 'BikeParking': 'True', 'Alcohol': ""u'none'"", 'WiFi': ""u'free'"", 'Corkage': 'False', 'BusinessParking': ""{'garage': False, 'street': True, 'validated': False, 'lot': False, 'valet': False}"", 'BusinessAcceptsBitcoin': 'False', 'RestaurantsReservations': 'True', 'BYOB': 'False', 'GoodForMeal': ""{u'breakfast': None, u'brunch': None, u'lunch': True, u'dinner': True, u'latenight': None, u'dessert': False}"", 'RestaurantsDelivery': 'True', 'Ambience': ""{u'divey': False, u'hipster': None, u'casual': True, u'touristy': False, u'trendy': None, u'intimate': False, u'romantic': False, u'classy': False, u'upscale': False}""}","Japanese, Chinese, Ramen, Noodles, Restaurants, Asian Fusion","{'Monday': '0:0-0:0', 'Tuesday': '11:0-20:30', 'Wednesday': '11:0-21:0', 'Thursday': '11:0-21:0', 'Friday': '11:0-21:0', 'Saturday': '11:0-21:0', 'Sunday': '11:0-21:0'}"
P5ZVfD5Zh6p10caFt8mptg,Machine Age Tattoo,2508 East 6th St,Tucson,AZ,85716,32.2276522,-110.9349464,5.0,7,1,"{'RestaurantsPriceRange2': '3', 'BusinessAcceptsCreditCards': 'True', 'BusinessParking': ""{'garage': False, 'street': False, 'validated': False, 'lot': True, 'valet': False}"", 'BikeParking': 'True', 'ByAppointmentOnly': 'True'}","Art Galleries, Professional Services, Tattoo, Beauty & Spas, Arts & Entertainment, Shopping","{'Monday': '12:0-20:0', 'Tuesday': '12:0-20:0', 'Wednesday': '12:0-20:0', 'Thursday': '12:0-20:0', 'Friday': '12:0-20:0', 'Saturday': '12:0-20:0', 'Sunday': '12:0-20:0'}"
9oSs0amRgUCWtZEtmUEZNA,Iora Primary Care,3902 E Grant Rd,Tucson,AZ,85712,32.2494413,-110.909448,4.5,8,1,"{'BusinessAcceptsCreditCards': 'True', 'AcceptsInsurance': 'True', 'ByAppointmentOnly': 'True'}","Internal Medicine, Health & Medical, Medical Centers, Family Practice, Doctors, Gerontologists","{'Monday': '9:0-17:0', 'Tuesday': '9:0-17:0', 'Wednesday': '9:0-17:0', 'Thursday': '9:0-17:0', 'Friday': '9:0-17:0'}"
7rv0s0PrtFqRWEAIJ076Mw,Jack in the Box,2985 W Valencia Rd,Tucson,AZ,85746,32.1331825,-111.0313473,1.5,15,1,"{'RestaurantsGoodForGroups': 'False', 'BusinessAcceptsCreditCards': 'True', 'RestaurantsReservations': 'False', 'RestaurantsPriceRange2': '1', 'GoodForKids': 'False', 'HasTV': 'True', 'GoodForMeal': ""{'dessert': False, 'latenight': False, 'lunch': False, 'dinner': False, 'brunch': False, 'breakfast': False}"", 'Ambience': ""{'touristy': False, 'hipster': False, 'romantic': False, 'divey': False, 'intimate': False, 'trendy': False, 'upscale': False, 'classy': False, 'casual': False}"", 'RestaurantsDelivery': 'True', 'RestaurantsAttire': ""'casual'"", 'OutdoorSeating': 'None', 'Caters': 'False', 'DriveThru': 'True', 'RestaurantsTakeOut': 'False', 'BusinessParking': ""{u'valet': False, u'garage': None, u'street': False, u'lot': True, u'validated': None}""}","Mexican, Tacos, Breakfast & Brunch, Restaurants, Fast Food, Burgers","{'Monday': '0:0-0:0', 'Tuesday': '0:0-0:0', 'Wednesday': '0:0-0:0', 'Thursday': '0:0-0:0', 'Friday': '0:0-0:0', 'Saturday': '0:0-0:0', 'Sunday': '0:0-0:0'}"
aw_WRiz84IsViKgzuoD99Q,Kino Sports Complex,2500 E Ajo Way,Tucson,AZ,85713,32.1759842,-110.9372516,3.5,25,1,{'GoodForKids': 'True'},"Parks, Stadiums & Arenas, Active Life, Arts & Entertainment",
Hj7PkLy88GEYYFhhOTIyjw,Wooden Tooth Records,426 E 7th St,Tucson,AZ,85705,32.2262639,-110.96468109999999,5.0,27,1,"{'WheelchairAccessible': 'True', 'RestaurantsTakeOut': 'None', 'BusinessAcceptsCreditCards': 'True', 'BusinessAcceptsBitcoin': 'False', 'RestaurantsPriceRange2': '1', 'BikeParking': 'True', 'BusinessParking': ""{'garage': False, 'street': True, 'validated': False, 'lot': True, 'valet': False}""}","Shopping, Music & DVDs, Used, Vintage & Consignment, Antiques, Books, Mags, Music & Video, Fashion, Vinyl Records","{'Monday': '0:0-0:0', 'Tuesday': '12:0-18:0', 'Wednesday': '12:0-18:0', 'Thursday': '12:0-18:0', 'Friday': '10:0-14:0', 'Saturday': '10:0-20:0', 'Sunday': '10:0-18:0'}"
0tp9oS0aBmaQiU2l-fAYCw,Les Cheveux Salon & Boutique,6542 E Tanque Verde Rd,Tucson,AZ,85715,32.2457082,-110.8534714,5.0,13,1,"{'BusinessAcceptsCreditCards': 'True', 'BusinessParking': ""{'garage': False, 'street': False, 'validated': False, 'lot': True, 'valet': False}"", 'RestaurantsPriceRange2': '2', 'GoodForKids': 'True', 'ByAppointmentOnly': 'True'}","Beauty & Spas, Hair Salons","{'Tuesday': '9:0-17:0', 'Wednesday': '9:0-17:0', 'Thursday': '9:0-17:0', 'Friday': '9:0-17:0', 'Saturday': '9:0-17:0'}"
JJjPO_Q3q9x2NXLcWkImoQ,Filibertos,2980 W Ina Rd,Tucson,AZ,85741,32.3378844795,-111.031875892,2.5,38,1,"{'RestaurantsTakeOut': 'True', 'RestaurantsReservations': 'False', 'HasTV': 'True', 'RestaurantsDelivery': 'True', 'Ambience': ""{'touristy': False, 'hipster': False, 'romantic': False, 'divey': False, 'intimate': False, 'trendy': False, 'upscale': False, 'classy': False, 'casual': False}"", 'BusinessParking': ""{u'valet': False, u'garage': False, u'street': False, u'lot': True, u'validated': None}""}","Tacos, Fast Food, Restaurants, Mexican",
wZqZRDkBf4IECiiALKV9PQ,Olive Garden Italian Restaurant,5410 E Broadway Blvd,Tucson,AZ,85711,32.2212288275,-110.8767418861,3.0,190,1,"{'GoodForKids': 'True', 'NoiseLevel': ""u'average'"", 'BikeParking': 'True', 'RestaurantsGoodForGroups': 'True', 'WiFi': ""'free'"", 'RestaurantsTakeOut': 'True', 'RestaurantsPriceRange2': '2', 'OutdoorSeating': 'False', 'Alcohol': ""u'full_bar'"", 'RestaurantsAttire': ""'casual'"", 'HappyHour': 'True', 'BusinessAcceptsCreditCards': 'True', 'Caters': 'True', 'HasTV': 'False', 'Music': ""{'dj': False, 'background_music': False, 'no_music': False, 'jukebox': False, 'live': False, 'video': False, 'karaoke': False}"", 'RestaurantsTableService': 'True', 'CoatCheck': 'False', 'Ambience': ""{'touristy': False, 'hipster': False, 'romantic': None, 'divey': False, 'intimate': False, 'trendy': False, 'upscale': False, 'classy': False, 'casual': True}"", 'WheelchairAccessible': 'True', 'DriveThru': 'True', 'RestaurantsReservations': 'False', 'GoodForMeal': ""{'dessert': True, 'latenight': False, 'lunch': True, 'dinner': True, 'brunch': None, 'breakfast': False}"", 'DogsAllowed': 'False', 'BestNights': ""{'monday': False, 'tuesday': False, 'friday': False, 'wednesday': False, 'thursday': False, 'sunday': False, 'saturday': True}"", 'BusinessParking': ""{u'valet': False, u'garage': False, u'street': False, u'lot': None, u'validated': False}"", 'RestaurantsDelivery': 'True'}","Italian, Salad, Nightlife, Restaurants, Bars, Soup, Wine Bars","{'Monday': '0:0-0:0', 'Tuesday': '11:0-22:0', 'Wednesday': '11:0-22:0', 'Thursday': '11:0-20:0', 'Friday': '11:0-23:0', 'Saturday': '11:0-23:0', 'Sunday': '11:0-22:0'}"
BSkUVaf4IJ0M94GdhIklvA,The Joint Chiropractic,"7645 N Oracle, Ste 160",Tucson,AZ,85704,32.3455301025,-110.9781438545,4.0,33,1,"{'ByAppointmentOnly': 'False', 'BusinessAcceptsCreditCards': 'True'}","Health & Medical, Chiropractors","{'Monday': '0:0-0:0', 'Tuesday': '14:45-19:0', 'Wednesday': '14:45-19:0', 'Thursday': '14:45-19:0', 'Friday': '10:0-14:0', 'Saturday': '10:0-17:0', 'Sunday': '10:0-17:0'}"
ACYqszWy-AlxeskqHuiRBg,HeeMee Coffee + Bakery,"20 E Congress St, Ste 110",Tucson,AZ,85701,32.221772,-110.970792,4.5,79,1,"{'BusinessAcceptsCreditCards': 'True', 'Caters': 'True', 'RestaurantsPriceRange2': '2', 'WheelchairAccessible': 'True', 'WiFi': ""u'free'"", 'RestaurantsDelivery': 'True', 'OutdoorSeating': 'False', 'BikeParking': 'True', 'BusinessParking': ""{'garage': True, 'street': True, 'validated': False, 'lot': False, 'valet': False}"", 'DogsAllowed': 'False', 'NoiseLevel': ""u'quiet'"", 'RestaurantsTakeOut': 'True'}","Food, Bakeries, Coffee & Tea","{'Monday': '0:0-0:0', 'Tuesday': '8:0-13:0', 'Wednesday': '8:0-13:0', 'Thursday': '8:0-13:0', 'Friday': '8:0-13:0', 'Saturday': '9:0-14:0'}"
9sJtwo9F5uyey-Xk8zpiRw,Banfield Pet Hospital,4615 E Speedway Blvd,Tucson,AZ,85712,32.237101,-110.89447,3.5,8,1,,"Veterinarians, Pets","{'Monday': '0:0-0:0', 'Tuesday': '8:0-18:0', 'Wednesday': '8:0-18:0', 'Thursday': '8:0-18:0', 'Friday': '8:0-18:0', 'Saturday': '8:0-18:0'}"
y846JhE5PrB5ECr1R9L0vQ,Super Nail,3940 E Grant Rd,Tucson,AZ,85712,32.2500391,-110.9079195,4.0,10,1,"{'RestaurantsPriceRange2': '2', 'BusinessParking': ""{'garage': False, 'street': False, 'validated': False, 'lot': False, 'valet': False}"", 'ByAppointmentOnly': 'False', 'BusinessAcceptsCreditCards': 'True'}","Nail Salons, Beauty & Spas","{'Monday': '9:0-19:0', 'Tuesday': '9:0-19:0', 'Wednesday': '9:0-19:0', 'Thursday': '9:0-19:0', 'Friday': '9:0-19:0', 'Saturday': '9:0-19:0', 'Sunday': '11:0-17:0'}"
aXIvwSqYkUK0xyxdBfxtNg,TD's Showclub,749 W Miracle Mile,Tucson,AZ,85705,32.2606401,-110.9842406,2.5,12,1,"{'BusinessParking': ""{'garage': False, 'street': False, 'validated': False, 'lot': False, 'valet': False}"", 'BusinessAcceptsCreditCards': 'True', 'OutdoorSeating': 'False', 'RestaurantsGoodForGroups': 'True', 'RestaurantsPriceRange2': '2', 'Alcohol': ""'full_bar'"", 'NoiseLevel': ""u'very_loud'"", 'HasTV': 'True', 'BikeParking': 'True', 'Ambience': ""{'touristy': False, 'hipster': False, 'romantic': None, 'divey': None, 'intimate': None, 'trendy': None, 'upscale': False, 'classy': False, 'casual': None}""}","Adult Entertainment, Nightlife","{'Monday': '11:0-2:0', 'Tuesday': '11:0-2:0', 'Wednesday': '11:0-2:0', 'Thursday': '11:0-2:0', 'Friday': '11:0-2:0', 'Saturday': '11:0-2:0'}"
-dlxDNFu_gRiUlfTInvrkA,Rancheros Market,16142 N Oracle Rd,Tucson,AZ,85739,32.499078,-110.925343,4.5,36,1,"{'BusinessParking': ""{'garage': False, 'street': False, 'validated': False, 'lot': False, 'valet': False}""}","Specialty Food, Herbs & Spices, Food, Restaurants, Meat Shops, Mexican","{'Monday': '7:0-20:0', 'Tuesday': '7:0-20:0', 'Wednesday': '7:0-20:0', 'Thursday': '7:0-20:0', 'Friday': '7:0-20:0', 'Saturday': '7:0-20:0', 'Sunday': '7:0-20:0'}"
J-VM9aXl1q1RhXvZbdxxUA,Alvernon Optical,6987 N Oracle Rd,Tucson,AZ,85704,32.334511,-110.978016,4.0,19,1,"{'BusinessAcceptsCreditCards': 'True', 'BusinessParking': ""{'garage': False, 'street': False, 'validated': False, 'lot': True, 'valet': False}"", 'ByAppointmentOnly': 'False', 'AcceptsInsurance': 'True', 'RestaurantsPriceRange2': '2'}","Eyewear & Opticians, Optometrists, Active Life, Health & Medical, Diving, Shopping","{'Monday': '0:0-0:0', 'Tuesday': '9:0-18:0', 'Wednesday': '9:0-18:0', 'Thursday': '9:0-18:0', 'Friday': '9:0-18:0', 'Saturday': '9:0-13:0'}"
DYD7ZvvsBSi-Wakfp-vHOQ,Pantano Animal Clinic,8333 22nd E St,Tucson,AZ,85710,32.2069354,-110.8143013716,4.0,25,1,,"Pets, Veterinarians","{'Monday': '0:0-0:0', 'Tuesday': '7:0-17:30', 'Wednesday': '7:0-17:30', 'Thursday': '7:0-12:0', 'Friday': '8:0-12:0', 'Saturday': '8:0-12:0'}"
9Jji6pmTekl-BXUT-rHOnw,Mike The Mechanic,4950 E Speedway Blvd,Tucson,AZ,85712,32.2358897,-110.8865178,4.0,11,0,{'BusinessAcceptsCreditCards': 'True'},"Towing, Transmission Repair, Auto Repair, Automotive","{'Monday': '8:0-17:0', 'Tuesday': '8:0-17:0', 'Wednesday': '8:0-17:0', 'Thursday': '8:0-17:0', 'Friday': '8:0-17:0'}"
uKja0xz7dYmrPs9oOA7VkQ,Headliners Barber Shop,7401 N La Cholla Blvd,Tucson,AZ,85741,32.340072144,-111.014533639,2.5,31,1,"{'BusinessParking': ""{'garage': False, 'street': False, 'validated': False, 'lot': False, 'valet': False}"", 'ByAppointmentOnly': 'False', 'RestaurantsPriceRange2': '2', 'BusinessAcceptsCreditCards': 'False', 'BikeParking': 'True'}","Beauty & Spas, Barbers",
r5Vl9gObXynGyk_AJtk8Nw,Cortaro Smiles Dentistry and Orthodontics,"8250 N Cortaro Rd, Ste 110",Tucson,AZ,85743,32.356433,-111.091991,3.0,33,1,"{'ByAppointmentOnly': 'False', 'BusinessAcceptsCreditCards': 'True'}","Dentists, Oral Surgeons, Cosmetic Dentists, Health & Medical, Orthodontists, General Dentistry","{'Monday': '8:0-17:0', 'Tuesday': '9:0-17:0', 'Wednesday': '8:0-17:0', 'Thursday': '8:0-17:0', 'Friday': '8:0-17:0'}"
WKN2_CHGBNLi6f48t3LyTA,Swan Dental,4723 E Camp Lowell Dr,Tucson,AZ,85712,32.2673,-110.891721,5.0,13,1,"{'ByAppointmentOnly': 'True', 'BusinessAcceptsCreditCards': 'True'}","Cosmetic Dentists, Dentists, Health & Medical, General Dentistry","{'Monday': '8:0-17:0', 'Tuesday': '8:0-17:0', 'Wednesday': '8:0-17:0', 'Thursday': '8:0-17:0'}"
75QVTzumUFpkRYxWuREI9Q,Sonic Drive-In,8000 East Golf Links,TUCSON,AZ,85730,32.1913558,-110.8221904226,2.0,41,1,"{'BusinessAcceptsCreditCards': 'True', 'Caters': 'False', 'RestaurantsTakeOut': 'True', 'NoiseLevel': ""u'average'"", 'RestaurantsReservations': 'False', 'OutdoorSeating': 'True', 'BikeParking': 'True', 'RestaurantsPriceRange2': '1', 'RestaurantsGoodForGroups': 'True', 'Ambience': ""{'romantic': False, 'intimate': False, 'classy': False, 'hipster': False, 'divey': False, 'touristy': False, 'trendy': False, 'upscale': False, 'casual': False}"", 'GoodForKids': 'True', 'Alcohol': ""u'none'"", 'RestaurantsAttire': ""u'casual'"", 'WiFi': ""'no'"", 'RestaurantsDelivery': 'True', 'HasTV': 'True', 'RestaurantsTableService': 'False', 'ByAppointmentOnly': 'False', 'DogsAllowed': 'False', 'HappyHour': 'False', 'WheelchairAccessible': 'True', 'DriveThru': 'True', 'CoatCheck': 'False', 'BusinessParking': ""{'garage': False, 'street': False, 'validated': False, 'lot': True, 'valet': False}""}","Burgers, Restaurants, Food, Ice Cream & Frozen Yogurt, Fast Food","{'Monday': '0:0-0:0', 'Tuesday': '7:0-22:0', 'Wednesday': '7:0-22:0', 'Thursday': '7:0-22:0', 'Friday': '7:0-22:0', 'Saturday': '7:0-22:0', 'Sunday': '7:0-22:0'}"
q6hWgpMCm2shP60OfJFJ9w,Marksman Pistol Institute,1280 W Prince Rd,Tucson,AZ,85705,32.2729846,-110.9926233,3.5,57,1,"{'BusinessAcceptsCreditCards': 'True', 'BusinessParking': ""{'garage': False, 'street': False, 'validated': False, 'lot': False, 'valet': False}"", 'BikeParking': 'True', 'RestaurantsPriceRange2': '2'}","Guns & Ammo, Shopping","{'Monday': '10:0-18:0', 'Tuesday': '10:0-18:0', 'Wednesday': '10:0-20:0', 'Thursday': '10:0-20:0', 'Friday': '9:0-20:0', 'Saturday': '9:0-18:0', 'Sunday': '9:0-18:0'}"
2mZa9qmhUkXYUJ62Iq1_zg,"Jeffrey H DuBois, DDS, PC","6246 E Pima St, Ste 140",Tucson,AZ,85712,32.242501,-110.859221,5.0,8,1,"{'ByAppointmentOnly': 'True', 'AcceptsInsurance': 'True', 'BusinessAcceptsCreditCards': 'True', 'WiFi': ""u'free'""}","Pediatric Dentists, Health & Medical, Oral Surgeons, General Dentistry, Dentists","{'Monday': '0:0-0:0', 'Tuesday': '7:0-14:0', 'Wednesday': '10:0-17:0', 'Thursday': '7:0-14:0', 'Friday': '7:0-12:0'}"
9u4_k8-XC4RFETCeiQdO8w,Falora,3000 E Broadway,Tucson,AZ,85716,32.2213234077,-110.9275525133,4.5,284,1,"{'Caters': 'True', 'RestaurantsAttire': ""u'casual'"", 'RestaurantsGoodForGroups': 'True', 'RestaurantsPriceRange2': '2', 'RestaurantsReservations': 'True', 'OutdoorSeating': 'True', 'BusinessAcceptsCreditCards': 'True', 'HasTV': 'False', 'RestaurantsDelivery': 'True', 'BusinessParking': ""{'garage': False, 'street': True, 'validated': False, 'lot': True, 'valet': False}"", 'Alcohol': ""u'beer_and_wine'"", 'BikeParking': 'True', 'WiFi': ""u'no'"", 'NoiseLevel': ""u'average'"", 'GoodForKids': 'True', 'RestaurantsTableService': 'True', 'DogsAllowed': 'True', 'WheelchairAccessible': 'True', 'GoodForMeal': ""{'dessert': False, 'latenight': False, 'lunch': None, 'dinner': True, 'brunch': False, 'breakfast': False}"", 'RestaurantsTakeOut': 'True', 'Ambience': ""{'touristy': False, 'hipster': False, 'romantic': False, 'divey': False, 'intimate': False, 'trendy': True, 'upscale': False, 'classy': True, 'casual': False}""}","Restaurants, Pizza, Salad, Cafes, Food, Vegetarian, Desserts","{'Monday': '16:0-20:0', 'Tuesday': '16:0-20:0', 'Wednesday': '16:0-20:0', 'Thursday': '16:0-20:0', 'Friday': '16:0-21:0', 'Saturday': '16:0-21:0', 'Sunday': '16:0-20:0'}"
SZ9a6y79VVUGPLzOaX8KfA,Imperial Pools & Design,"3805 W River Rd, Ste 105",Tucson,AZ,85741,32.3211395,-111.0464918,3.0,36,1,"{'ByAppointmentOnly': 'False', 'BusinessAcceptsCreditCards': 'True'}","Active Life, Swimming Pools, Contractors, Pool Cleaners, Masonry/Concrete, Pool & Hot Tub Service, Home Services","{'Monday': '8:0-17:0', 'Tuesday': '8:0-17:0', 'Wednesday': '8:0-17:0', 'Thursday': '8:0-17:0', 'Friday': '8:0-17:0', 'Saturday': '10:0-16:0'}"
JiBmoJNOIIgOu4jqprQHYg,Bedrosians Tile & Stone,3865 W Orange Grove Rd,Tucson,AZ,85741,32.3226715672,-111.0476003884,4.0,25,1,{'BusinessAcceptsCreditCards': 'True'},"Home Services, Flooring, Shopping, Home & Garden, Kitchen & Bath, Interior Design, Building Supplies, Tiling","{'Monday': '0:0-0:0', 'Tuesday': '8:0-16:0', 'Wednesday': '8:0-16:0', 'Thursday': '8:0-16:0', 'Friday': '8:0-13:0', 'Saturday': '9:0-13:0'}"
paxSNjMBS5u9yqCfrsLeSQ,Leslie's,"7085 N Thornydale Rd, Bldg D",Tucson,AZ,85741,32.335941,-111.047532,2.0,9,1,"{'RestaurantsPriceRange2': '2', 'BusinessParking': 'None', 'BusinessAcceptsCreditCards': 'True', 'BikeParking': 'True'}","Shopping, Hardware Stores, Hot Tub & Pool, Home Services, Home & Garden, Pool & Hot Tub Service","{'Monday': '9:0-17:0', 'Tuesday': '10:0-18:0', 'Wednesday': '10:0-18:0', 'Thursday': '10:0-18:0', 'Friday': '10:0-18:0', 'Saturday': '10:0-18:0', 'Sunday': '10:0-17:0'}"
w2COOqbypjJd-HbJAa-0pw,McDonald's,8349 N Cortaro Rd,Tucson,AZ,85743,32.3585068,-111.0913559,2.0,45,1,"{'OutdoorSeating': 'False', 'NoiseLevel': ""u'average'"", 'RestaurantsAttire': ""u'casual'"", 'RestaurantsGoodForGroups': 'True', 'GoodForKids': 'True', 'RestaurantsTakeOut': 'True', 'WiFi': ""'free'"", 'GoodForMeal': ""{'dessert': False, 'latenight': False, 'lunch': False, 'dinner': False, 'brunch': False, 'breakfast': True}"", 'Ambience': ""{'touristy': False, 'hipster': False, 'romantic': False, 'divey': False, 'intimate': False, 'trendy': False, 'upscale': False, 'classy': False, 'casual': True}"", 'RestaurantsPriceRange2': '1', 'HasTV': 'True', 'RestaurantsReservations': 'False', 'BikeParking': 'True', 'RestaurantsDelivery': 'True', 'Alcohol': ""'none'"", 'BusinessParking': ""{u'valet': False, u'garage': False, u'street': False, u'lot': None, u'validated': None}"", 'BusinessAcceptsCreditCards': 'True', 'DriveThru': 'True'}","Food, Fast Food, Burgers, Coffee & Tea, Restaurants","{'Monday': '0:0-0:0', 'Tuesday': '0:0-0:0', 'Wednesday': '0:0-0:0', 'Thursday': '0:0-0:0', 'Friday': '0:0-0:0', 'Saturday': '0:0-0:0', 'Sunday': '0:0-0:0'}"
FNdfY7ZOavJQMmHiPPBkcg,Sushi Lito,5420 S 12th Ave,Tucson,AZ,85706,32.1537800323,-110.9779898822,4.5,7,1,"{'BusinessParking': ""{'garage': False, 'street': False, 'validated': False, 'lot': False, 'valet': False}"", 'RestaurantsTakeOut': 'True', 'OutdoorSeating': 'False', 'RestaurantsPriceRange2': '1', 'WiFi': ""'no'"", 'BikeParking': 'True', 'GoodForMeal': ""{'dessert': False, 'latenight': False, 'lunch': False, 'dinner': False, 'brunch': False, 'breakfast': False}"", 'Alcohol': ""'none'"", 'RestaurantsGoodForGroups': 'True', 'Ambience': ""{'touristy': False, 'hipster': False, 'romantic': False, 'divey': False, 'intimate': False, 'trendy': False, 'upscale': False, 'classy': False, 'casual': False}"", 'RestaurantsDelivery': 'False', 'GoodForKids': 'True', 'BusinessAcceptsCreditCards': 'True', 'RestaurantsReservations': 'False', 'RestaurantsAttire': ""'casual'"", 'HasTV': 'False'}","Food, Mexican, Tacos, Food Trucks, Sushi Bars, Restaurants","{'Monday': '15:0-22:0', 'Tuesday': '15:0-22:0', 'Wednesday': '15:0-22:0', 'Thursday': '15:0-22:0', 'Friday': '15:0-22:0', 'Saturday': '15:0-22:0', 'Sunday': '15:0-22:0'}"
TRnAZqP-6zGsNWuvANM3LQ,Firestone Complete Auto Care,4800 E Sunrise,Tucson,AZ,85718,32.30796,-110.8903,2.5,31,1,"{'BusinessAcceptsCreditCards': 'True', 'ByAppointmentOnly': 'False'}","Auto Repair, Automotive, Oil Change Stations, Tires","{'Monday': '0:0-0:0', 'Tuesday': '7:0-18:0', 'Wednesday': '7:0-18:0', 'Thursday': '7:0-18:0', 'Friday': '7:0-16:0', 'Saturday': '7:0-18:0', 'Sunday': '9:0-17:0'}"
DQeQBc4L0ZpCsbGjwOM0Hg,Canada Hills Animal Hospital,10590 N La Canada Dr,Tucson,AZ,85737,32.398482,-110.995154,4.5,8,1,,"Pets, Veterinarians","{'Tuesday': '7:30-17:0', 'Wednesday': '7:30-17:0', 'Thursday': '7:30-17:0', 'Friday': '7:30-17:0', 'Saturday': '9:0-13:0'}"
p6zCE-CRFFLtjlrtn6kyCg,Tea Hub,4246 N 1st Ave,Tucson,AZ,85719,32.2842075,-110.9593255,3.0,5,1,"{'RestaurantsDelivery': 'True', 'RestaurantsTakeOut': 'True', 'RestaurantsPriceRange2': '2'}","Food, Bubble Tea, Coffee & Tea",
RM8KUqpvhBP5FhGJ6Eqp3A,Blue Ice Gelato,"6878 E Sunrise Dr, Ste 140",Tucson,AZ,85750,32.3076790961,-110.8448505108,5.0,134,1,"{'OutdoorSeating': 'True', 'WiFi': ""u'free'"", 'Caters': 'False', 'WheelchairAccessible': 'True', 'RestaurantsPriceRange2': '1', 'BikeParking': 'True', 'BusinessAcceptsBitcoin': 'False', 'BusinessAcceptsCreditCards': 'True', 'RestaurantsTakeOut': 'True', 'DriveThru': 'False', 'BusinessParking': ""{'garage': False, 'street': None, 'validated': False, 'lot': None, 'valet': False}"", 'RestaurantsDelivery': 'True', 'NoiseLevel': ""u'quiet'""}","Ice Cream & Frozen Yogurt, Coffee & Tea, Food, Gelato","{'Monday': '11:0-22:0', 'Tuesday': '11:0-22:0', 'Wednesday': '11:0-22:0', 'Thursday': '11:0-22:0', 'Friday': '11:0-23:0', 'Saturday': '11:0-23:0', 'Sunday': '11:0-23:0'}"
11vPrvRixIre4nnwlMo32A,Pizza Patrón,"1785 W Valencia Rd, Unit 143",Tucson,AZ,85746,32.13194,-111.004197,4.0,25,1,"{'RestaurantsTakeOut': 'True', 'Caters': 'False', 'RestaurantsReservations': 'False', 'RestaurantsTableService': 'False', 'RestaurantsDelivery': 'True', 'Alcohol': ""u'none'"", 'BusinessAcceptsCreditCards': 'True', 'DriveThru': 'True'}","Restaurants, Pizza, Chicken Wings, Food, Desserts","{'Monday': '0:0-0:0', 'Tuesday': '10:30-22:0', 'Wednesday': '10:30-22:0', 'Thursday': '10:30-22:0', 'Friday': '10:30-21:0', 'Saturday': '16:0-21:0', 'Sunday': '14:0-21:0'}"
RltJmR7ALy-qNjwes7s8cw,Baja Mar Restaurante,3541 S 12th Ave,Tucson,AZ,85713,32.1824703,-110.977092,3.5,12,1,"{'BusinessAcceptsCreditCards': 'True', 'RestaurantsReservations': 'True', 'BusinessParking': 'None', 'RestaurantsTakeOut': 'True', 'GoodForMeal': ""{'dessert': False, 'latenight': False, 'lunch': False, 'dinner': False, 'brunch': False, 'breakfast': False}"", 'HasTV': 'True', 'Ambience': ""{'touristy': False, 'hipster': False, 'romantic': False, 'divey': False, 'intimate': False, 'trendy': False, 'upscale': False, 'classy': False, 'casual': False}"", 'RestaurantsDelivery': 'True'}","Seafood Markets, Restaurants, Seafood, Food, Mexican, Specialty Food","{'Monday': '9:0-20:0', 'Tuesday': '9:0-20:0', 'Wednesday': '9:0-20:0', 'Thursday': '9:0-20:0', 'Friday': '9:0-20:0', 'Saturday': '9:0-20:0', 'Sunday': '9:0-20:0'}"
TJrZUwlwe15iVmiV_U4fbA,Crown Concepts,3930 W Costco Dr,Tucson,AZ,85741,32.3287284,-111.0479967,3.5,5,1,"{'BusinessAcceptsCreditCards': 'True', 'WiFi': ""u'free'""}","Auto Detailing, Tires, Car Dealers, Auto Parts & Supplies, Auto Customization, Automotive","{'Monday': '0:0-0:0', 'Tuesday': '8:0-17:0', 'Wednesday': '8:0-17:0', 'Thursday': '8:0-17:0', 'Friday': '8:0-17:0'}"
VSjoo6kJ9MU4G0cfO_-CRA,D's Island Grill JA,3156 E Ft Lowell,Tucson,AZ,85716,32.2645992,-110.9250971,4.5,247,1,"{'RestaurantsReservations': 'False', 'Alcohol': ""u'none'"", 'NoiseLevel': ""u'quiet'"", 'RestaurantsTakeOut': 'True', 'GoodForKids': 'True', 'RestaurantsAttire': ""u'casual'"", 'RestaurantsGoodForGroups': 'True', 'BikeParking': 'True', 'BusinessParking': ""{'garage': False, 'street': False, 'validated': False, 'lot': True, 'valet': False}"", 'OutdoorSeating': 'False', 'BusinessAcceptsCreditCards': 'True', 'Caters': 'True', 'HasTV': 'True', 'DogsAllowed': 'False', 'RestaurantsTableService': 'True', 'WiFi': ""u'free'"", 'GoodForMeal': ""{'dessert': None, 'latenight': False, 'lunch': True, 'dinner': True, 'brunch': False, 'breakfast': False}"", 'Ambience': ""{'touristy': False, 'hipster': False, 'romantic': False, 'divey': None, 'intimate': False, 'trendy': False, 'upscale': False, 'classy': False, 'casual': True}"", 'RestaurantsDelivery': 'None', 'RestaurantsPriceRange2': '2'}","Ethnic Food, Caribbean, Food, Restaurants, Specialty Food, Food Stands","{'Monday': '11:0-20:0', 'Tuesday': '11:0-20:0', 'Wednesday': '11:0-20:0', 'Thursday': '11:0-20:0', 'Friday': '11:0-21:0', 'Saturday': '11:0-21:0'}"
qbrnJVMCkvy5ZhiheeArVA,Skinjectables Anti Aging Bar,"4330 N Campbell Ave, Ste 234",Tucson,AZ,85718,32.286074,-110.942227,4.5,158,1,"{'RestaurantsPriceRange2': '2', 'AcceptsInsurance': 'False', 'WheelchairAccessible': 'True', 'ByAppointmentOnly': 'False', 'BikeParking': 'True', 'BusinessAcceptsCreditCards': 'True', 'BusinessParking': ""{'garage': False, 'street': False, 'validated': False, 'lot': True, 'valet': False}"", 'WiFi': ""u'free'""}","Skin Care, Body Contouring, Beauty & Spas, Health & Medical, Medical Spas","{'Monday': '9:30-18:0', 'Tuesday': '9:30-18:0', 'Wednesday': '9:30-18:0', 'Thursday': '9:30-18:0', 'Friday': '9:30-18:0', 'Saturday': '10:0-15:0'}"
dT2qCOVDh0fPrt21YW9DYQ,KFC,1065 S Craycroft Rd,Tucson,AZ,85711,32.208,-110.875,1.0,15,0,"{'Caters': 'False', 'GoodForKids': 'False', 'HasTV': 'False', 'RestaurantsDelivery': 'False', 'RestaurantsReservations': 'False', 'RestaurantsAttire': ""'casual'"", 'Alcohol': ""u'none'"", 'NoiseLevel': ""'average'"", 'BusinessAcceptsCreditCards': 'True', 'RestaurantsPriceRange2': '1', 'WiFi': ""'no'"", 'OutdoorSeating': 'False', 'BusinessParking': ""{'garage': False, 'street': False, 'validated': False, 'lot': False, 'valet': False}"", 'RestaurantsTakeOut': 'True', 'RestaurantsGoodForGroups': 'True'}","Fast Food, Chicken Wings, Restaurants","{'Monday': '10:0-21:30', 'Tuesday': '10:0-21:30', 'Wednesday': '10:0-21:30', 'Thursday': '10:0-21:30', 'Friday': '10:0-22:0', 'Saturday': '10:0-22:0', 'Sunday': '10:0-21:30'}"
dTlnRzrlnTFMzDWqVKQzIQ,Choate's United States Postal Contract Station 774,4747 E Speedway Blvd,Tucson,AZ,85712,32.2367806,-110.8911692,4.0,21,0,"{'BusinessParking': ""{'garage': False, 'street': False, 'validated': False, 'lot': False, 'valet': False}"", 'RestaurantsPriceRange2': '1'}","Home & Garden, Hardware Stores, Shopping, Public Services & Government, Post Offices",
DzZvisjM1mvq9kBx5JWbtQ,Computer Revival,3954 N Oracle Rd,Tucson,AZ,85705,32.2784339,-110.97765389999999,3.5,9,1,"{'BusinessAcceptsCreditCards': 'True', 'BusinessAcceptsBitcoin': 'False', 'BusinessParking': ""{'garage': False, 'street': False, 'validated': False, 'lot': True, 'valet': False}"", 'BikeParking': 'True', 'ByAppointmentOnly': 'False', 'RestaurantsPriceRange2': '3'}","IT Services & Computer Repair, Data Recovery, Shopping, Local Services, Computers","{'Monday': '10:0-18:0', 'Tuesday': '10:0-18:0', 'Wednesday': '10:0-18:0', 'Thursday': '10:0-18:0', 'Friday': '10:0-18:0', 'Saturday': '10:0-18:0'}"
k0DQBEvaUjiJ3KXynmhpDA,Los Beto's,3601 N Oracle,Tucson,AZ,85705,32.2722887,-110.9786002,1.5,12,0,"{'BusinessAcceptsCreditCards': 'True', 'RestaurantsPriceRange2': '1', 'RestaurantsAttire': ""u'casual'""}","Restaurants, Mexican",
OHsqlML8Ttaav3fkcLXPqw,Old Pueblo Healthcare,"5981 E Grant Rd, Ste 115",Tucson,AZ,85712,32.2519971,-110.8645587,2.5,15,0,"{'BusinessAcceptsCreditCards': 'True', 'AcceptsInsurance': 'True', 'ByAppointmentOnly': 'False'}","Walk-in Clinics, Family Practice, Doctors, Medical Centers, Health & Medical","{'Monday': '8:0-17:0', 'Tuesday': '8:0-17:0', 'Wednesday': '8:0-17:0', 'Thursday': '8:0-17:0', 'Friday': '8:0-14:0'}"
TsurJeR6kxaZ3N4Enr8dOg,Fairfield Inn by Marriott,4850 S Hotel Dr,Tucson,AZ,85714,32.163799,-110.915081,1.5,10,0,"{'RestaurantsPriceRange2': '2', 'WiFi': ""u'free'"", 'BusinessAcceptsCreditCards': 'True'}","Event Planning & Services, Hotels, Hotels & Travel",
VQyX5cJOcONYOQhg28-GdA,Target,3901 W Ina Rd,Tucson,AZ,85741,32.336156,-111.048391,3.0,28,1,"{'BikeParking': 'True', 'RestaurantsPriceRange2': '2', 'BusinessParking': ""{'garage': False, 'street': False, 'validated': False, 'lot': True, 'valet': False}"", 'BusinessAcceptsCreditCards': 'True', 'WiFi': ""u'no'"", 'HasTV': 'False', 'WheelchairAccessible': 'True', 'Caters': 'False', 'CoatCheck': 'False', 'HappyHour': 'False', 'ByAppointmentOnly': 'False', 'RestaurantsDelivery': 'False', 'DogsAllowed': 'False', 'OutdoorSeating': 'False', 'RestaurantsTableService': 'False', 'RestaurantsTakeOut': 'None', 'RestaurantsReservations': 'False'}","Fashion, Drugstores, Shopping, Electronics, Food, Home & Garden, Department Stores, Furniture Stores, Grocery","{'Monday': '0:0-0:0', 'Tuesday': '7:0-23:59', 'Wednesday': '7:0-23:59', 'Thursday': '7:0-23:59', 'Friday': '8:0-21:0', 'Saturday': '7:0-23:59', 'Sunday': '7:0-22:0'}"
TyGQi4q5XW__WOVGsa5oXQ,Merritt Realty Management,"3333 N Campbell Ave, Ste 8",Tucson,AZ,85719,32.26745,-110.944384,1.0,7,1,{'BusinessAcceptsCreditCards': 'False'},"Real Estate, Property Management, Home Services",
tZR09XLQ2tjOgXhSoxILXA,Pei Wei,"845 E University Blvd, Ste 135",Tucson,AZ,85719,32.23197155,-110.9585473852,3.0,88,1,"{'RestaurantsPriceRange2': '1', 'RestaurantsTakeOut': 'True', 'RestaurantsAttire': ""'casual'"", 'RestaurantsGoodForGroups': 'True', 'RestaurantsReservations': 'False', 'NoiseLevel': ""u'average'"", 'Alcohol': ""'beer_and_wine'"", 'BikeParking': 'True', 'GoodForKids': 'True', 'OutdoorSeating': 'True', 'BusinessAcceptsCreditCards': 'True', 'HasTV': 'True', 'RestaurantsDelivery': 'True', 'BusinessParking': ""{'garage': True, 'street': True, 'validated': False, 'lot': False, 'valet': False}"", 'HappyHour': 'True', 'Ambience': ""{'touristy': False, 'hipster': False, 'romantic': False, 'divey': False, 'intimate': False, 'trendy': None, 'upscale': False, 'classy': None, 'casual': True}"", 'GoodForMeal': ""{'dessert': False, 'latenight': False, 'lunch': True, 'dinner': True, 'brunch': False, 'breakfast': False}"", 'WiFi': ""u'no'""}","Asian Fusion, Fast Food, Chinese, Gluten-Free, Restaurants","{'Monday': '0:0-0:0', 'Tuesday': '11:0-20:0', 'Wednesday': '11:0-20:0', 'Thursday': '12:0-16:0', 'Friday': '11:0-20:0', 'Saturday': '11:0-20:0', 'Sunday': '11:0-20:0'}"
XpkWBLQy-QwGK1-S2Vo6yg,Animal Farm,,Tucson,AZ,85715,32.25433,-110.83766,5.0,21,0,"{'BusinessAcceptsCreditCards': 'True', 'BusinessParking': ""{'garage': False, 'street': True, 'validated': False, 'lot': False, 'valet': False}"", 'RestaurantsPriceRange2': '1'}","Food, Street Vendors",
FoA5JXF6hRQhLMxovEpSNg,CubeSmart Self Storage,3955 E 29th St,Tucson,AZ,85711,32.2003239,-110.906988411,4.0,7,1,{'BusinessAcceptsCreditCards': 'True'},"Self Storage, Local Services","{'Monday': '9:30-18:0', 'Tuesday': '9:30-18:0', 'Wednesday': '9:30-18:0', 'Thursday': '9:30-18:0', 'Friday': '9:30-18:0', 'Saturday': '8:30-17:0'}"
feqbxrWjGkDCFGzbU2d7pg,Sonic Drive-In,9439 E Broadway Blvd,Tucson,AZ,85710,32.2214129179,-110.7905966826,2.0,49,1,"{'WiFi': ""u'no'"", 'Alcohol': ""u'none'"", 'BikeParking': 'True', 'RestaurantsGoodForGroups': 'True', 'RestaurantsReservations': 'False', 'BusinessParking': ""{'garage': False, 'street': False, 'validated': False, 'lot': False, 'valet': False}"", 'RestaurantsPriceRange2': '1', 'RestaurantsAttire': ""u'casual'"", 'Caters': 'False', 'Ambience': ""{'romantic': False, 'intimate': False, 'touristy': False, 'hipster': False, 'divey': False, 'classy': False, 'trendy': False, 'upscale': False, 'casual': False}"", 'NoiseLevel': ""u'quiet'"", 'GoodForKids': 'True', 'BusinessAcceptsCreditCards': 'True', 'OutdoorSeating': 'True', 'RestaurantsTakeOut': 'True', 'HasTV': 'True', 'RestaurantsTableService': 'False', 'WheelchairAccessible': 'True', 'DogsAllowed': 'False', 'RestaurantsDelivery': 'True', 'DriveThru': 'True', 'HappyHour': 'False', 'ByAppointmentOnly': 'False', 'CoatCheck': 'False'}","Restaurants, Ice Cream & Frozen Yogurt, Burgers, Fast Food, Food","{'Monday': '0:0-0:0', 'Tuesday': '7:0-22:0', 'Wednesday': '7:0-22:0', 'Thursday': '7:0-22:0', 'Friday': '7:0-22:0', 'Saturday': '7:0-22:0', 'Sunday': '8:0-22:0'}"
TbnviOpaijW0rjKQPO8dAQ,Med-Tech - Medical Equipment & Supplies,5536 E Grant Rd,Tucson,AZ,85712,32.2493943,-110.873779,3.0,18,1,"{'ByAppointmentOnly': 'False', 'BusinessAcceptsCreditCards': 'True', 'BikeParking': 'True', 'WiFi': ""u'free'"", 'BusinessParking': ""{'garage': False, 'street': False, 'validated': False, 'lot': True, 'valet': False}"", 'RestaurantsPriceRange2': '2', 'DogsAllowed': 'True', 'WheelchairAccessible': 'True', 'AcceptsInsurance': 'False'}","Home Health Care, Medical Supplies, Shopping, Automotive, Mobility Equipment Sales & Services, Health & Medical","{'Monday': '9:0-17:0', 'Tuesday': '9:0-17:0', 'Wednesday': '9:0-17:0', 'Thursday': '9:0-17:0', 'Friday': '9:0-17:0', 'Saturday': '9:0-13:0'}"
nq7QiXe-h7WJtxTznXV45A,AIR4U,,Tucson,AZ,85742,32.3920076,-111.0579632,4.5,5,1,"{'BusinessAcceptsCreditCards': 'True', 'BusinessAcceptsBitcoin': 'False'}","Heating & Air Conditioning/HVAC, Home Services","{'Monday': '0:0-0:0', 'Tuesday': '8:0-16:0', 'Wednesday': '8:0-16:0', 'Thursday': '8:0-16:0', 'Friday': '8:0-16:0', 'Saturday': '9:0-14:0'}"
I_uWggdvtQdz4Tbdig4vOw,Big Lots,2520 S Harrison Rd,Tucson,AZ,85748,32.192704,-110.790837,3.5,7,1,"{'BusinessAcceptsCreditCards': 'True', 'RestaurantsPriceRange2': '2', 'BikeParking': 'True', 'BusinessParking': ""{'garage': False, 'street': False, 'validated': False, 'lot': False, 'valet': False}""}","Department Stores, Fashion, Home Decor, Shopping, Furniture Stores, Discount Store, Home & Garden","{'Monday': '0:0-0:0', 'Tuesday': '7:0-22:0', 'Wednesday': '7:0-22:0', 'Thursday': '7:0-22:0', 'Friday': '7:0-22:0', 'Saturday': '7:0-22:0', 'Sunday': '7:0-22:0'}"
o549VyQpUGK0PJHVMFII8A,Assured Imaging Women's Wellness,7717 N Hartman Ln,Tucson,AZ,85743,32.3470579,-111.080605,2.5,9,1,"{'BusinessAcceptsCreditCards': 'True', 'WiFi': ""u'no'"", 'AcceptsInsurance': 'True'}","Diagnostic Imaging, Diagnostic Services, Health & Medical","{'Monday': '9:0-17:0', 'Tuesday': '9:0-17:0', 'Wednesday': '9:0-17:0', 'Thursday': '9:0-17:0', 'Friday': '9:0-17:0'}"
qQeJ6nHr8LaBMp2NTpzJfA,Los Portales Cocina Mexicana,2615 S 6th Ave,Tucson,AZ,85713,32.1920184,-110.9678185,3.0,64,0,"{'RestaurantsAttire': ""u'casual'"", 'BikeParking': 'True', 'RestaurantsGoodForGroups': 'True', 'GoodForKids': 'True', 'BusinessAcceptsCreditCards': 'True', 'OutdoorSeating': 'False', 'RestaurantsPriceRange2': '2', 'Ambience': ""{'romantic': False, 'intimate': False, 'touristy': False, 'hipster': False, 'divey': False, 'classy': False, 'trendy': False, 'upscale': False, 'casual': True}"", 'NoiseLevel': ""'average'"", 'WiFi': ""u'free'"", 'RestaurantsDelivery': 'False', 'RestaurantsReservations': 'True', 'RestaurantsTakeOut': 'True', 'GoodForMeal': ""{'dessert': False, 'latenight': False, 'lunch': True, 'dinner': True, 'brunch': False, 'breakfast': False}"", 'Caters': 'True', 'HasTV': 'False', 'BusinessParking': ""{'garage': False, 'street': False, 'validated': False, 'lot': True, 'valet': False}"", 'HappyHour': 'True', 'Alcohol': ""u'full_bar'""}","Mexican, Restaurants","{'Tuesday': '9:0-21:0', 'Wednesday': '9:0-21:0', 'Thursday': '9:0-21:0', 'Friday': '7:0-22:0', 'Saturday': '7:0-22:0', 'Sunday': '7:0-21:0'}"
jWgx78tW16evyw3r8YGmyg,Peter Piper Pizza,4112 E 22nd St,Tucson,AZ,85711,32.2053399,-110.9050114,2.5,10,1,"{'RestaurantsAttire': ""'casual'"", 'HasTV': 'True', 'Ambience': ""{'romantic': False, 'intimate': False, 'touristy': False, 'hipster': False, 'divey': False, 'classy': False, 'trendy': False, 'upscale': False, 'casual': False}"", 'BusinessAcceptsCreditCards': 'True', 'RestaurantsTakeOut': 'True', 'RestaurantsDelivery': 'False', 'RestaurantsGoodForGroups': 'True', 'BikeParking': 'True', 'RestaurantsPriceRange2': '1', 'GoodForKids': 'True', 'BusinessParking': ""{'garage': False, 'street': False, 'validated': False, 'lot': False, 'valet': False}"", 'OutdoorSeating': 'True', 'RestaurantsTableService': 'False', 'RestaurantsReservations': 'False'}","Buffets, Restaurants, Pizza, Chicken Wings","{'Monday': '11:0-22:0', 'Tuesday': '11:0-22:0', 'Wednesday': '11:0-22:0', 'Thursday': '11:0-22:0', 'Friday': '11:0-23:0', 'Saturday': '10:30-23:0', 'Sunday': '10:30-22:0'}"
